ID,X,Y,Z,R,G,B,PART
DB4C206B9F134F30,2.79,-11.79,30.00,0.47,0.46,0.47,BODY
6A3F31909C5CE594,3.94,-11.76,30.20,0.00,0.00,0.00,BODY
CFB310ECF5AD5FB6,3.06,-11.51,30.40,0.09,0.02,0.03,BODY
C414EFC4040A39D1,4.39,-11.55,30.60,0.33,0.27,0.29,BODY
74147BFA8B3B5839,4.64,-11.42,30.00,0.32,0.27,0.29,BODY
DA870664925A53BC,4.80,-11.75,30.20,0.06,0.03,0.03,BODY
DBEE11B6C9528DBA,3.88,-11.65,30.40,0.13,0.08,0.09,BODY
C5CD4658F76A2A70,2.77,-11.46,30.60,0.18,0.18,0.17,BODY
255EFDBF7CCDEBDE,4.74,-11.17,30.00,0.13,0.05,0.06,BODY
F3AB5A1284F43324,3.47,-11.47,30.20,0.14,0.11,0.11,BODY
31E62E28E482503E,-5.31,-11.08,30.40,0.09,0.03,0.06,BODY
A993CD9ED7926C4C,3.32,-11.40,30.60,0.19,0.16,0.16,BODY
70F19D4E035D6EB9,-4.64,-11.46,30.00,0.06,0.05,0.03,BODY
770D1F4590A37051,3.96,-11.20,30.20,0.14,0.12,0.11,BODY
2B8608F8E788ACBA,-4.94,-11.35,30.40,0.03,0.03,0.03,BODY
0D8737E080F59C87,4.05,-11.04,30.60,0.09,0.10,0.09,BODY
ACCA6CABE960D0CE,-4.20,-11.29,30.00,0.30,0.29,0.30,BODY
1D32EDAB732E61B4,4.74,-11.42,30.20,0.11,0.08,0.08,BODY
0A21D79653C5014D,2.81,-11.08,30.40,0.11,0.11,0.11,BODY
1D33B7FF85942350,4.87,-11.40,30.60,0.19,0.11,0.14,BODY
F8036442BF07AEF3,2.83,-11.31,30.00,0.13,0.13,0.13,BODY
2710FE9DC452D10E,5.38,-10.97,30.20,0.19,0.08,0.09,BODY
0F380538E00D3A6B,3.20,-11.02,30.40,0.14,0.14,0.14,BODY
B34F183F356E6C27,-5.21,-10.77,30.60,0.08,0.07,0.06,BODY
77F131200363E9C7,3.70,-10.69,30.00,0.11,0.11,0.09,BODY
2DF86AABEED02EF4,2.29,-11.03,30.20,0.09,0.09,0.09,BODY
D414CF068587351A,-5.43,-10.61,30.40,0.24,0.20,0.21,BODY
E813DBE22D45EFCF,3.28,-11.01,30.60,0.14,0.13,0.12,BODY
DBF24041E3777633,2.62,-10.68,30.00,0.05,0.05,0.05,BODY
D0D42192FF110E69,-5.10,-10.64,30.20,0.07,0.06,0.05,BODY
99F741EA3D3E27DD,-5.53,-10.62,30.40,0.34,0.25,0.28,BODY
64C05E77163538C2,3.42,-10.51,30.60,0.25,0.26,0.21,BODY
D5450EC1E63BE522,2.95,-10.66,30.00,0.05,0.05,0.05,BODY
3865544404D445C0,-4.65,-10.83,30.20,0.09,0.11,0.13,BODY
350B4DF73CF7FFB1,-5.95,-10.75,30.40,0.18,0.09,0.11,BODY
2214BF32C3C2BF43,3.21,-10.45,30.60,0.09,0.08,0.06,BODY
B611E294BC1680E8,2.22,-10.52,30.00,0.32,0.32,0.32,BODY
A40778F4C4447742,-5.92,-10.64,30.20,0.13,0.05,0.06,BODY
A4EB518755150CE6,3.16,-10.57,30.40,0.06,0.06,0.06,BODY
BD17FEC3B50B9568,-4.61,-10.33,30.60,0.04,0.04,0.04,BODY
7B9F9482B6A08D16,-6.60,-10.20,30.00,0.16,0.06,0.09,BODY
2F9940DC81B7C617,2.70,-10.14,30.20,0.06,0.06,0.06,BODY
865BACDA7EAFEFED,-5.70,-10.51,30.40,0.05,0.06,0.06,BODY
2BC0F2552AD316BD,3.16,-10.42,30.60,0.19,0.17,0.13,BODY
1CF6CA235DF18C22,-4.31,-10.22,30.00,0.09,0.08,0.09,BODY
9CEAB25A1BC16C3E,-6.29,-10.37,30.20,0.11,0.08,0.07,BODY
4BA3E1B955DB461F,2.64,-10.41,30.40,0.06,0.06,0.07,BODY
B5835F6A9D1E86E4,-5.21,-10.27,30.60,0.04,0.03,0.02,BODY
DDE1A2932FF8E051,-6.48,-10.00,30.00,0.18,0.10,0.11,BODY
D7615165F9AE4DC8,2.36,-9.85,30.20,0.03,0.04,0.04,BODY
276D0F8120284A02,-5.31,-10.07,30.40,0.06,0.06,0.06,BODY
8BF910A8B40E5D2E,3.52,-10.06,30.60,0.19,0.16,0.13,BODY
A04E2BD3304F5D82,1.82,-9.86,30.00,0.06,0.06,0.06,BODY
CD9047A3B8AD2F8C,-5.68,-10.02,30.20,0.06,0.05,0.07,BODY
6BBF4240EA414F7F,3.19,-9.86,30.40,0.07,0.06,0.05,BODY
2CA3953F35FA8844,-4.60,-9.69,30.60,0.21,0.21,0.21,BODY
9942E697411A2ED6,-6.10,-9.79,30.00,0.08,0.08,0.08,BODY
C1243297EFFCD775,2.86,-9.65,30.20,0.07,0.07,0.07,BODY
446018646D25F238,-5.04,-9.80,30.40,0.03,0.04,0.05,BODY
C6C3A271A78A51CE,-6.24,-10.04,30.60,0.11,0.10,0.11,BODY
E15E68E406C423EA,2.55,-9.78,30.00,0.06,0.06,0.06,BODY
70F0F9EBF7A968E0,-5.00,-9.56,30.20,0.05,0.05,0.05,BODY
F3994139C3CFB82A,3.27,-9.40,30.40,0.29,0.27,0.28,BODY
C6DF47B265677A36,2.01,-9.56,30.60,0.06,0.08,0.06,BODY
C2CDF09058DAC8CC,-5.95,-9.54,30.00,0.09,0.05,0.09,BODY
E1FFB0EF2A7A5036,2.20,-9.55,30.20,0.06,0.07,0.08,BODY
C7CB7DE6E12812CA,-5.48,-9.81,30.40,0.04,0.05,0.06,BODY
0C3B074A0AA25FE1,3.06,-9.75,30.60,0.09,0.09,0.06,BODY
BA2716DB1FBA192F,-4.75,-9.37,30.00,0.05,0.04,0.05,BODY
B22F7E19D12C45BC,3.08,-9.33,30.20,0.20,0.18,0.17,BODY
011CA09E7A4D926B,-4.74,-9.64,30.40,0.13,0.13,0.13,BODY
9EE3A2A2BA870E47,-6.62,-9.65,30.60,0.42,0.13,0.32,BODY
EB383146E7CCA35B,1.25,-9.39,30.00,0.11,0.10,0.11,BODY
427E421DFD19B90E,-6.66,-9.05,30.20,0.42,0.09,0.32,BODY
E7F8E079C69BFC48,1.72,-9.63,30.40,0.07,0.06,0.05,BODY
9B6FEC20F5906E4B,-6.06,-9.10,30.60,0.42,0.09,0.32,BODY
DDFFD7E29D8C4CA7,1.49,-9.38,30.00,0.05,0.05,0.04,BODY
E085286BF86B3534,-6.32,-9.18,30.20,0.42,0.09,0.32,BODY
93371FC057ED27A3,1.46,-9.44,30.40,0.03,0.03,0.03,BODY
4B71F64B53AE6EB1,-6.05,-9.12,30.60,0.42,0.09,0.32,BODY
9102B6F6400D61FC,2.01,-9.31,30.00,0.03,0.03,0.03,BODY
D51C70F871FE62B3,-5.89,-9.06,30.20,0.41,0.09,0.31,BODY
62A10A1A688006DA,-3.98,-9.14,30.40,0.36,0.25,0.35,BODY
6C99EB29BA0FABB4,-6.83,-9.16,30.60,0.45,0.33,0.38,BODY
739DC8EC2A61CC23,-4.73,-9.30,30.00,0.03,0.04,0.04,BODY
CA1265BFD86F08A7,2.00,-9.31,30.20,0.05,0.05,0.05,BODY
3337B083710CDD5D,-6.13,-9.03,30.40,0.39,0.06,0.29,BODY
29B239BD39BF1012,-3.56,-9.04,30.60,0.18,0.13,0.17,BODY
5141CE063F26895F,2.16,-9.15,30.00,0.06,0.06,0.06,BODY
218481149A8194D0,-6.19,-8.75,30.20,0.42,0.11,0.32,BODY
D990AF560A5C0068,-3.35,-9.17,30.40,0.16,0.04,0.07,BODY
7A6B698FEFFEFB57,1.33,-8.99,30.60,0.08,0.11,0.19,BODY
D07A776E9BB14E2A,-6.71,-9.04,30.00,0.30,0.03,0.21,BODY
C99186AC6457705D,-4.14,-8.70,30.20,0.16,0.06,0.09,BODY
B46D349D66C58B83,-1.78,-8.91,30.40,0.16,0.05,0.09,BODY
6D677BB386CE9918,2.51,-9.13,30.60,0.03,0.05,0.09,BODY
61F167D8313C2DE0,-5.49,-9.05,30.00,0.44,0.11,0.33,BODY
6FA332E96407C422,-2.98,-8.76,30.20,0.16,0.05,0.06,BODY
637E787D2D000898,-1.11,-9.07,30.40,0.17,0.08,0.17,BODY
4ACA73F574C33D51,2.39,-9.19,30.60,0.07,0.08,0.17,BODY
5AFBCC3B56801B56,-5.24,-8.91,30.00,0.44,0.11,0.34,BODY
55D7BAC7DFED5515,-2.71,-9.09,30.20,0.16,0.05,0.06,BODY
13D65BB024322067,-1.00,-9.06,30.40,0.19,0.13,0.26,BODY
2F7A0E77CA87F3B4,1.84,-8.85,30.60,0.19,0.19,0.52,BODY
50EE937180656816,-6.40,-8.64,30.00,0.29,0.02,0.22,BODY
CD6A935A34FA24F4,-4.00,-8.81,30.20,0.09,0.03,0.03,BODY
CDAC65174F8950D4,-1.60,-8.98,30.40,0.19,0.16,0.35,BODY
296B27639894BB85,0.64,-8.87,30.60,0.17,0.25,0.60,BODY
3D0B25553A11B70B,3.13,-8.87,30.00,0.19,0.24,0.48,BODY
A58C3B9541DA5288,-5.18,-8.89,30.20,0.40,0.09,0.31,BODY
43A1A6C043243965,-3.29,-8.67,30.40,0.14,0.07,0.18,BODY
F0099D14E35E0562,-0.53,-8.47,30.60,0.22,0.29,0.58,BODY
244A45901746DAC6,1.46,-8.99,30.00,0.16,0.20,0.56,BODY
55AE571773B4EF03,3.85,-9.02,30.20,0.21,0.29,0.56,BODY
FB67734604C96D92,-5.16,-8.88,30.40,0.40,0.09,0.31,BODY
1AF8E0D621495CC4,-3.17,-8.92,30.60,0.15,0.13,0.36,BODY
E5ED6741AF527ABE,-0.85,-8.82,30.00,0.13,0.20,0.52,BODY
0242507463A67E35,1.74,-8.90,30.20,0.17,0.21,0.57,BODY
73B5055687039122,4.16,-8.46,30.40,0.19,0.27,0.55,BODY
7551D549CB41C3A4,-5.56,-8.45,30.60,0.29,0.03,0.22,BODY
1ADC0FF2BD654984,-3.66,-8.81,30.00,0.09,0.06,0.16,BODY
44AE32ABAB50E4F4,-1.18,-8.56,30.20,0.20,0.28,0.59,BODY
236F76383A0208A0,1.48,-8.49,30.40,0.17,0.22,0.58,BODY
5B78321CC942737C,3.29,-8.72,30.60,0.21,0.30,0.60,BODY
F515894E591F258A,-7.01,-8.85,30.00,0.41,0.11,0.31,BODY
5E19981BB5C8530C,-4.62,-8.81,30.20,0.55,0.14,0.42,BODY
1821DA8711F0BE7D,-2.33,-8.60,30.40,0.18,0.28,0.61,BODY
792CCE66B9B852DA,0.13,-8.75,30.60,0.14,0.18,0.48,BODY
5BBA0D20A6AF87C5,2.36,-8.47,30.00,0.16,0.25,0.61,BODY
FFF72A8CC8030A3B,4.88,-8.49,30.20,0.22,0.30,0.61,BODY
03EC8C2CE41BE191,-5.55,-8.37,30.40,0.29,0.02,0.22,BODY
534A5A778C1B012F,-2.99,-8.41,30.60,0.14,0.13,0.43,BODY
30FDF7D2D6E0B262,-0.88,-8.85,30.00,0.15,0.20,0.52,BODY
B18A364C9FF402B3,1.34,-8.50,30.20,0.17,0.21,0.58,BODY
3B4D94D757F0547C,4.01,-8.81,30.40,0.13,0.20,0.53,BODY
7D5348E70C842770,-6.48,-8.36,30.60,0.42,0.11,0.32,BODY
5EBE770B158F6E91,-4.31,-8.77,30.00,0.53,0.13,0.40,BODY
FD60FC9C20D13E17,-2.14,-8.73,30.20,0.18,0.28,0.61,BODY
018F571DB7AA6B3D,0.01,-8.57,30.40,0.15,0.18,0.48,BODY
015FE51F2A754F72,2.64,-8.60,30.60,0.16,0.24,0.60,BODY
9D07C5FA96EA164D,4.94,-8.67,30.00,0.13,0.20,0.52,BODY
3CA9B6A5EEBD52A4,-6.07,-8.47,30.20,0.33,0.06,0.27,BODY
377504D3045869FD,-3.30,-8.48,30.40,0.06,0.08,0.26,BODY
E05AAF8D03C2F323,-1.06,-8.70,30.60,0.15,0.22,0.54,BODY
1C1EA50401DA416F,1.43,-8.33,30.00,0.17,0.22,0.58,BODY
DC6ABD3EA2A693F7,3.78,-8.26,30.20,0.13,0.20,0.48,BODY
99CCA1BDEF1A9BD1,5.89,-8.19,30.40,0.11,0.11,0.28,BODY
42D8E93C9C240B13,-4.81,-8.62,30.60,0.32,0.03,0.22,BODY
4D9ED42ACE691EE2,-2.76,-8.10,30.00,0.14,0.20,0.57,BODY
D4319FAA68DE440C,-0.21,-8.38,30.20,0.11,0.24,0.53,BODY
52D082612337FC81,1.82,-8.48,30.40,0.17,0.21,0.58,BODY
68D73B6F4EEE1107,4.14,-8.50,30.60,0.13,0.22,0.52,BODY
EA715321D26EA736,6.39,-8.25,30.00,0.52,0.51,0.65,BODY
FF0CB64397415BC8,-5.14,-8.07,30.20,0.32,0.03,0.26,BODY
ABD19878EF89189A,-2.40,-8.36,30.40,0.15,0.22,0.57,BODY
D0DC32F89DF87EF9,-0.55,-8.23,30.60,0.12,0.20,0.50,BODY
C33AA00B4E403071,1.97,-8.53,30.00,0.16,0.22,0.58,BODY
A22A7C7B9EAA9D3D,4.69,-8.51,30.20,0.16,0.38,0.65,BODY
C5AEB4FE38BD906E,6.51,-8.51,30.40,0.13,0.14,0.45,BODY
F479B3688DCA245C,-5.04,-8.11,30.60,0.33,0.04,0.27,BODY
90A1111562C6DE53,-2.43,-8.50,30.00,0.14,0.21,0.56,BODY
97C9ABB3805D9A8E,-0.15,-8.37,30.20,0.12,0.20,0.50,BODY
2B6EFC70FD19E0E3,1.97,-8.07,30.40,0.17,0.21,0.59,BODY
AC52BDE0B2D4382F,4.56,-8.23,30.60,0.13,0.25,0.55,BODY
CB28E973B98E8B40,6.94,-8.19,30.00,0.19,0.19,0.47,BODY
7AEB816F406C23BC,-5.26,-8.17,30.20,0.42,0.11,0.32,BODY
D1A986C195A9B973,-2.80,-8.28,30.40,0.16,0.19,0.55,BODY
236D8056C52ADE2B,-0.80,-8.10,30.60,0.12,0.25,0.53,BODY
571BC3BE8C86AF38,2.11,-8.19,30.00,0.17,0.21,0.58,BODY
B17D9577FD46BA2A,4.06,-8.48,30.20,0.09,0.27,0.55,BODY
4151562DE824A395,6.62,-8.34,30.40,0.16,0.16,0.45,BODY
1BC6F41F3EC91A23,-5.54,-8.28,30.60,0.43,0.08,0.33,BODY
5EE408BE6BEDDAE5,-3.01,-8.48,30.00,0.13,0.09,0.35,BODY
C585CF5848683725,-0.97,-8.29,30.20,0.14,0.30,0.58,BODY
1838AC42C731347F,1.40,-7.99,30.40,0.15,0.20,0.51,BODY
0DF07EA20FE25126,3.75,-8.33,30.60,0.09,0.25,0.52,BODY
90770651236931A8,5.96,-8.02,30.00,0.08,0.10,0.32,BODY
BA0BFEDAEBEDA842,-6.32,-8.29,30.20,0.45,0.13,0.35,BODY
B63F2F1A44E19710,-3.86,-8.10,30.40,0.48,0.10,0.36,BODY
3CFED6AFA13D9601,-1.10,-8.33,30.60,0.14,0.20,0.52,BODY
6E59550F4290F34F,0.92,-8.31,30.00,0.14,0.17,0.46,BODY
4306EFEA28141932,3.38,-8.25,30.20,0.15,0.20,0.51,BODY
315CEFC26F771758,5.41,-8.21,30.40,0.14,0.17,0.45,BODY
61D92EBF9AAB90EE,-6.46,-8.26,30.60,0.42,0.11,0.32,BODY
173CD8C41C2CDC11,-4.21,-8.06,30.00,0.35,0.05,0.26,BODY
D1E353B82B143D36,-2.17,-8.24,30.20,0.17,0.25,0.57,BODY
AA73DF402A533009,0.44,-8.28,30.40,0.14,0.26,0.55,BODY
43CE4BC2C6EA80A9,2.45,-8.10,30.60,0.13,0.18,0.46,BODY
15C1A1974B16E926,4.92,-8.25,30.00,0.15,0.33,0.61,BODY
7DF901A37DD1461C,7.02,-8.33,30.20,0.19,0.29,0.61,BODY
2332CF7B0F7E7AF0,-4.78,-7.85,30.40,0.44,0.09,0.35,BODY
A02F7AF9F121D48D,-2.60,-8.18,30.60,0.16,0.20,0.55,BODY
C9564133CA7BB9EA,-0.16,-7.81,30.00,0.12,0.26,0.54,BODY
E74327BE40339863,2.23,-8.10,30.20,0.18,0.21,0.56,BODY
840F073EE973158C,4.24,-7.84,30.40,0.09,0.26,0.54,BODY
D9A9039FE148DBB0,6.80,-7.79,30.60,0.14,0.17,0.46,BODY
8586452B8C110142,-5.53,-7.85,30.00,0.49,0.12,0.40,BODY
DDDDBB1CDFE452DC,-3.30,-8.07,30.20,0.51,0.12,0.38,BODY
D1F4296A086B07E9,-0.69,-8.24,30.40,0.12,0.20,0.52,BODY
C0CFA957645C9F1E,1.36,-8.26,30.60,0.13,0.17,0.47,BODY
47FAB0443B86DF50,3.87,-7.77,30.00,0.11,0.24,0.52,BODY
F5E98F4672F4A83B,5.92,-8.09,30.20,0.08,0.11,0.34,BODY
0306118E721F7D18,-6.39,-8.02,30.40,0.43,0.10,0.34,BODY
6992C3A589D598AF,-3.72,-8.20,30.60,0.38,0.09,0.30,BODY
20D0C81F48529C1C,-1.77,-8.14,30.00,0.15,0.20,0.51,BODY
42D36EE35D3E082D,0.63,-8.07,30.20,0.15,0.18,0.47,BODY
FF81E0552C0FA8EA,3.13,-8.05,30.40,0.13,0.20,0.51,BODY
91A97DEBA466D2FD,5.75,-7.71,30.60,0.09,0.13,0.39,BODY
EF344ADE6E0C2598,-6.54,-8.17,30.00,0.42,0.11,0.32,BODY
F95AF2A6E520B5B2,-4.44,-8.04,30.20,0.32,0.05,0.26,BODY
BAF8DAE46B7D187E,-1.81,-7.86,30.40,0.14,0.19,0.49,BODY
49C2F187368CD748,0.05,-8.00,30.60,0.11,0.21,0.49,BODY
0D6D7C060A80DAF6,2.70,-8.08,30.00,0.16,0.19,0.48,BODY
302142C646A2FEBA,4.81,-7.87,30.20,0.11,0.27,0.58,BODY
68416BA728081E73,7.12,-7.70,30.40,0.19,0.32,0.61,BODY
758F19AF6CDA01E1,-5.13,-7.65,30.60,0.49,0.09,0.36,BODY
0B372756915FF048,-2.78,-7.81,30.00,0.15,0.21,0.55,BODY
50291E1EAC5FF92D,-0.46,-8.00,30.20,0.11,0.22,0.50,BODY
9B9A40EB75974EC5,1.98,-7.72,30.40,0.13,0.17,0.48,BODY
3326EA1BE41A150C,4.43,-7.84,30.60,0.11,0.24,0.54,BODY
D15CABFC8EC5DD3C,6.60,-7.56,30.00,0.16,0.20,0.52,BODY
34FC51B4463EF19D,-5.30,-7.54,30.20,0.57,0.13,0.44,BODY
07227BF2B11E8EE6,-2.90,-7.71,30.40,0.45,0.16,0.39,BODY
DB2F473FCC29E57C,-0.38,-7.66,30.60,0.12,0.25,0.55,BODY
E81BE166AF1BF854,1.94,-7.84,30.00,0.13,0.17,0.46,BODY
7B78C7AD62ADEE17,4.03,-8.08,30.20,0.13,0.30,0.58,BODY
752DAA4B6FCCA202,6.25,-8.02,30.40,0.11,0.13,0.40,BODY
7B20EA0963D3B392,-6.02,-7.84,30.60,0.49,0.11,0.40,BODY
014147CE30207BD4,-3.38,-7.46,30.00,0.22,0.04,0.17,BODY
58989ECF0BC4A994,-1.33,-7.60,30.20,0.13,0.22,0.52,BODY
1BD9CED80A151DB9,1.15,-7.60,30.40,0.15,0.19,0.47,BODY
64F6E08AA9D92D61,3.26,-7.65,30.60,0.11,0.22,0.50,BODY
6509DD9957A8AE61,5.78,-7.56,30.00,0.08,0.11,0.36,BODY
B2195AAE4120B272,-6.26,-7.79,30.20,0.44,0.12,0.34,BODY
DED44BDE613E7D18,-3.93,-7.58,30.40,0.22,0.02,0.16,BODY
994A5BC408BC0AAB,-1.75,-7.53,30.60,0.15,0.20,0.52,BODY
602D8AE67DEC638D,0.87,-7.86,30.00,0.14,0.18,0.47,BODY
74AFE65E4352E592,3.24,-8.00,30.20,0.13,0.20,0.48,BODY
FA33BDE64DE88515,5.25,-7.94,30.40,0.07,0.10,0.34,BODY
29D674380AEA3616,-6.85,-7.51,30.60,0.43,0.09,0.33,BODY
829D8918145C6C2A,-3.96,-7.81,30.00,0.29,0.05,0.26,BODY
E470CB22E010C450,-1.96,-7.66,30.20,0.15,0.19,0.49,BODY
C0D6728500098FA2,0.52,-7.79,30.40,0.14,0.21,0.50,BODY
41B25FA9AC56DCFB,2.95,-7.51,30.60,0.14,0.19,0.48,BODY
DCE867C971F91D31,4.82,-7.53,30.00,0.13,0.22,0.56,BODY
D3CBDFFF1E3533D9,7.13,-7.41,30.20,0.26,0.33,0.61,BODY
CD74D82592220023,-4.71,-7.61,30.40,0.55,0.16,0.42,BODY
AEE5F3685A723D63,-2.40,-7.38,30.60,0.13,0.19,0.48,BODY
A769D74834713D2F,-0.14,-7.73,30.00,0.14,0.20,0.52,BODY
75F50A1AB238A4E8,2.52,-7.52,30.20,0.14,0.19,0.46,BODY
B532B6C05CA45534,4.38,-7.32,30.40,0.11,0.23,0.55,BODY
B09BBB19656928C8,6.72,-7.73,30.60,0.21,0.28,0.60,BODY
661517E1DD94E603,-4.79,-7.32,30.00,0.59,0.14,0.45,BODY
86F0BA7446D85B9C,-2.42,-7.50,30.20,0.27,0.11,0.36,BODY
3937D63857854DB0,-0.48,-7.67,30.40,0.18,0.27,0.57,BODY
2BCE1CC69F553A43,2.06,-7.48,30.60,0.14,0.18,0.47,BODY
E056AB29D118B3FF,4.12,-7.75,30.00,0.15,0.28,0.56,BODY
445E91D6EF237AF4,6.46,-7.75,30.20,0.13,0.20,0.49,BODY
0C9C9AEE2ED16843,-5.00,-7.23,30.40,0.58,0.14,0.45,BODY
59481C69DFA1ED44,-2.56,-7.41,30.60,0.27,0.04,0.22,BODY
12ECA98B82DFB03C,-0.43,-7.36,30.00,0.16,0.25,0.55,BODY
B070272223157A9A,1.86,-7.41,30.20,0.13,0.19,0.47,BODY
0B2BF04C29228AB3,4.09,-7.54,30.40,0.17,0.25,0.57,BODY
46D8BE11407C8A24,6.62,-7.30,30.60,0.13,0.17,0.43,BODY
91535F940E5F7FA5,-5.11,-7.21,30.00,0.56,0.13,0.45,BODY
D71133312CA3943D,-3.29,-7.63,30.20,0.22,0.06,0.19,BODY
D1BC95DAB7F09F10,-0.77,-7.50,30.40,0.15,0.19,0.52,BODY
8086CC1E8C5CB23B,1.83,-7.39,30.60,0.13,0.19,0.45,BODY
B7A7DD7D633C185A,4.04,-7.39,30.00,0.14,0.21,0.53,BODY
7540F9F3B0EA3F28,6.41,-7.20,30.20,0.13,0.13,0.40,BODY
EAD08DE413B4A985,-5.52,-7.66,30.40,0.56,0.14,0.42,BODY
A1F5CFD4B7DC996D,-3.06,-7.32,30.60,0.19,0.03,0.16,BODY
D3BD80BFF7F91632,-1.08,-7.38,30.00,0.15,0.19,0.52,BODY
C78D977C43C48929,1.72,-7.37,30.20,0.14,0.18,0.46,BODY
F437049BDF994976,3.58,-7.64,30.40,0.13,0.21,0.52,BODY
229B54BD07382B9C,6.04,-7.61,30.60,0.12,0.13,0.38,BODY
40A39243ABF78AA3,-5.91,-7.56,30.00,0.55,0.14,0.42,BODY
DAFA361AF3C3E6F7,-3.02,-7.56,30.20,0.22,0.05,0.16,BODY
8733078D75994A62,-0.96,-7.62,30.40,0.14,0.20,0.52,BODY
97541B455702B300,1.31,-7.25,30.60,0.15,0.18,0.47,BODY
736F7C6F6016ABFC,3.88,-7.29,30.00,0.15,0.20,0.52,BODY
4D9EE48DA47FD113,6.27,-7.58,30.20,0.13,0.14,0.39,BODY
E7617A75C65BF665,-5.81,-7.50,30.40,0.53,0.13,0.42,BODY
7DD1F62F24D372DF,-3.20,-7.07,30.60,0.21,0.03,0.15,BODY
5FBD0C633458BA2A,-1.02,-7.43,30.00,0.14,0.20,0.52,BODY
29EEFB77276F5882,0.95,-7.42,30.20,0.15,0.18,0.47,BODY
DD1B5D5DEC8DE664,3.52,-7.32,30.40,0.15,0.21,0.51,BODY
A0C7697EF85FBF60,6.04,-7.07,30.60,0.11,0.13,0.40,BODY
59DC2BD56FE63399,-6.11,-7.00,30.00,0.52,0.13,0.42,BODY
F0F2B6C98AB3FB75,-3.50,-7.39,30.20,0.27,0.04,0.18,BODY
ED5F1F37012F00AC,-1.17,-7.33,30.40,0.15,0.19,0.52,BODY
03A4EE4484602042,0.99,-7.31,30.60,0.14,0.19,0.47,BODY
2840E63DC4624D30,3.29,-7.21,30.00,0.15,0.21,0.51,BODY
967F14F61A533185,5.70,-7.03,30.20,0.13,0.14,0.39,BODY
B643A4A63819F8A4,-5.63,-7.47,30.40,0.52,0.13,0.42,BODY
DAB704E88C2B46BE,-3.47,-6.99,30.60,0.27,0.02,0.18,BODY
90A0F36E961D8E39,-1.37,-7.39,30.00,0.15,0.19,0.52,BODY
A83604A65DFC15F4,1.02,-7.36,30.20,0.14,0.18,0.48,BODY
3C6E555A7A99E388,3.37,-7.09,30.40,0.15,0.20,0.51,BODY
390716D32DD730B4,5.53,-6.94,30.60,0.13,0.16,0.42,BODY
A8D66A6D8D0EC5FC,-6.22,-7.35,30.00,0.51,0.12,0.41,BODY
25FD08F86B78BA35,-3.33,-7.26,30.20,0.28,0.02,0.20,BODY
2DCB3CD92510F2B5,-1.23,-7.04,30.40,0.15,0.19,0.52,BODY
D979391D9417FBC9,1.19,-7.42,30.60,0.14,0.18,0.48,BODY
1CB359578CA10C78,3.11,-7.33,30.00,0.15,0.20,0.51,BODY
DECFCC227585C65E,5.80,-7.34,30.20,0.12,0.15,0.41,BODY
7E7A90FD138D7A11,-5.89,-6.92,30.40,0.51,0.12,0.41,BODY
B401E336DBD73DCB,-3.33,-6.88,30.60,0.28,0.02,0.20,BODY
663BA6B866B5734E,-1.33,-7.33,30.00,0.15,0.19,0.52,BODY
6860341FBE0D650F,0.87,-6.91,30.20,0.15,0.19,0.48,BODY
E124385B73106857,3.23,-7.21,30.40,0.16,0.20,0.52,BODY
BD3C313D4855A85B,5.86,-6.98,30.60,0.11,0.13,0.40,BODY
A3F30E87A2E715F5,-5.99,-6.90,30.00,0.52,0.13,0.42,BODY
947A16E3A69A7B37,-3.26,-7.04,30.20,0.29,0.03,0.22,BODY
AF1ADC0430DEB000,-1.02,-7.16,30.40,0.15,0.20,0.52,BODY
7276E691EF922267,1.09,-7.13,30.60,0.15,0.19,0.48,BODY
8DA79A5469576F00,3.48,-7.09,30.00,0.16,0.20,0.52,BODY
906563585CCE81AA,5.94,-7.13,30.20,0.13,0.16,0.42,BODY
997DFA013E63BF7C,-5.62,-7.19,30.40,0.55,0.14,0.42,BODY
EE27B9C1F13C21EB,-3.49,-6.77,30.60,0.29,0.03,0.19,BODY
2BD314EE2B7A12C4,-0.76,-7.01,30.00,0.15,0.20,0.53,BODY
7CB075805E933AAA,1.25,-6.89,30.20,0.16,0.24,0.52,BODY
48C7F9B8857D6968,3.57,-6.97,30.40,0.16,0.20,0.52,BODY
3D6382709F3AB362,6.09,-6.74,30.60,0.11,0.13,0.40,BODY
B5FFD038F6AE19C5,-5.26,-6.81,30.00,0.55,0.15,0.42,BODY
88AB8474C3205802,-3.11,-6.77,30.20,0.38,0.07,0.22,BODY
C44CC1412D7BDF5B,-1.11,-7.05,30.40,0.16,0.20,0.52,BODY
C3C351964A237CEE,1.74,-6.96,30.60,0.13,0.19,0.48,BODY
C5488D5F5C54C377,3.56,-6.69,30.00,0.15,0.20,0.52,BODY
FB88285CE4DB952D,6.09,-7.14,30.20,0.13,0.16,0.45,BODY
C8CEE0ADF5C30ADF,-5.40,-7.12,30.40,0.57,0.14,0.44,BODY
CAD58C1B0A987FCD,-3.00,-7.20,30.60,0.36,0.02,0.16,BODY
36B83EF05F979C77,-0.87,-6.96,30.00,0.14,0.20,0.52,BODY
D29C8DA01464332B,1.38,-6.64,30.20,0.11,0.21,0.49,BODY
029829838B391814,4.01,-6.65,30.40,0.14,0.20,0.53,BODY
7550FC28A51EECAD,6.34,-7.08,30.60,0.13,0.16,0.47,BODY
74C90B24F3B08771,-5.21,-6.97,30.00,0.57,0.15,0.44,BODY
8DB7FB8A7CDB3F87,-2.79,-6.97,30.20,0.32,0.03,0.09,BODY
43DD7F034FB06CB2,-0.31,-7.09,30.40,0.15,0.21,0.51,BODY
9EE457032A2E3E12,2.11,-6.98,30.60,0.11,0.21,0.49,BODY
CCD84B628EF70766,3.98,-6.66,30.00,0.13,0.21,0.54,BODY
897920C4C64A4A35,6.51,-7.00,30.20,0.13,0.20,0.52,BODY
B927836922986867,-5.06,-6.66,30.40,0.28,0.04,0.21,BODY
D54890A115A64E86,-2.40,-7.06,30.60,0.17,0.12,0.31,BODY
EF53873D2518F034,0.04,-7.08,30.00,0.14,0.20,0.52,BODY
DBBF947F6B21D720,1.93,-6.65,30.20,0.14,0.24,0.51,BODY
3E30C804DA2AE814,4.54,-6.59,30.40,0.16,0.20,0.52,BODY
BEF08F6392681C47,6.69,-7.04,30.60,0.24,0.33,0.50,BODY
3A3E261E4C0DDBCA,-4.40,-6.75,30.00,0.26,0.04,0.21,BODY
14A7AF0644FA8AF2,-2.20,-6.78,30.20,0.11,0.21,0.50,BODY
C22A04EB622B08B9,-0.15,-6.47,30.40,0.15,0.20,0.52,BODY
063443A54B2ED8BA,2.17,-7.01,30.60,0.17,0.22,0.53,BODY
31D8BB0D3524876F,4.70,-6.79,30.00,0.16,0.22,0.58,BODY
24963A0FA74D89A3,-6.65,-6.78,30.20,0.46,0.11,0.34,BODY
3E572627A70C1D73,-4.28,-6.97,30.40,0.26,0.04,0.19,BODY
8770FFA8AAA99D2F,-1.71,-6.65,30.60,0.15,0.23,0.53,BODY
480D5F7C8C70A3DB,0.58,-6.46,30.00,0.16,0.20,0.52,BODY
3832C50D66745619,2.73,-6.47,30.20,0.14,0.19,0.49,BODY
B66F341F8EA7A906,5.38,-6.94,30.40,0.06,0.09,0.32,BODY
44289360F42B1023,-5.99,-6.72,30.60,0.48,0.14,0.39,BODY
9FA150E07AF9DC2A,-3.96,-6.74,30.00,0.32,0.06,0.19,BODY
70025A05851FA934,-1.64,-6.51,30.20,0.14,0.21,0.53,BODY
2E115394DDA39707,0.94,-6.79,30.40,0.14,0.19,0.48,BODY
3442FC29498C747A,3.30,-6.63,30.60,0.15,0.20,0.51,BODY
19B32721CD89F4E1,5.22,-6.73,30.00,0.13,0.16,0.42,BODY
8B144417069360BC,-6.04,-6.34,30.20,0.54,0.13,0.41,BODY
115BD6C3C8A8CF72,-3.59,-6.55,30.40,0.33,0.02,0.13,BODY
2F1EF8B2275D2347,-0.93,-6.69,30.60,0.15,0.21,0.54,BODY
F586E2AE272D0E63,1.13,-6.33,30.00,0.13,0.19,0.48,BODY
4BDEC7CC86DB3F32,3.81,-6.56,30.20,0.15,0.20,0.54,BODY
D3562C9502477059,6.10,-6.57,30.40,0.12,0.17,0.46,BODY
9F0FB2DBED1E4A12,-5.60,-6.62,30.60,0.57,0.13,0.44,BODY
0F32415F3DDF8622,-2.99,-6.61,30.00,0.33,0.02,0.13,BODY
B5AF8B86C3178531,-0.42,-6.30,30.20,0.15,0.21,0.52,BODY
9989E89170E730D7,1.90,-6.25,30.40,0.12,0.24,0.49,BODY
1EAC2F4DD2F6990E,3.77,-6.36,30.60,0.16,0.20,0.53,BODY
19006BCCF39EE690,6.57,-6.53,30.00,0.13,0.23,0.54,BODY
73D26F2810C87C3F,-4.58,-6.70,30.20,0.26,0.03,0.19,BODY
1E502D017E32156C,-2.55,-6.41,30.40,0.14,0.13,0.34,BODY
210AECFFEAEFB267,-0.41,-6.40,30.60,0.15,0.20,0.52,BODY
405645C87DD5F8FF,2.26,-6.21,30.00,0.13,0.25,0.52,BODY
A6FAC9C3CC55509A,4.41,-6.26,30.20,0.13,0.21,0.57,BODY
031D568194482592,-6.94,-6.20,30.40,0.29,0.13,0.26,BODY
197F5CCD5B7D0860,-4.33,-6.46,30.60,0.25,0.03,0.18,BODY
C77BABF5BC7CF0F1,-2.25,-6.53,30.00,0.11,0.24,0.53,BODY
026A2CBB1DB14AB7,0.19,-6.31,30.20,0.16,0.22,0.52,BODY
05D016B6E4F71E40,2.81,-6.35,30.40,0.14,0.19,0.49,BODY
8E1A29B823699D01,4.97,-6.22,30.60,0.06,0.11,0.35,BODY
8B5AB48E3BE91B23,-6.23,-6.25,30.00,0.52,0.13,0.42,BODY
B7AED0390B6FBA9E,-3.99,-6.64,30.20,0.29,0.04,0.09,BODY
A6E2B5E5D550BEBF,-1.70,-6.18,30.40,0.16,0.20,0.52,BODY
C8CA80905322B8DC,1.13,-6.62,30.60,0.13,0.20,0.51,BODY
0C122281CC9A7CC4,3.00,-6.30,30.00,0.14,0.20,0.53,BODY
AD2FB98F0230C370,5.61,-6.14,30.20,0.13,0.15,0.42,BODY
E13C432D99891098,-5.74,-6.23,30.40,0.58,0.14,0.45,BODY
0E4CBA1FF5B751ED,-3.15,-6.53,30.60,0.35,0.02,0.13,BODY
A53E274C9D12EBA8,-0.76,-6.31,30.00,0.14,0.21,0.53,BODY
13437BA8B249E4CE,1.66,-6.43,30.20,0.13,0.19,0.45,BODY
9663099EACAD6B70,3.96,-6.65,30.40,0.16,0.21,0.54,BODY
FC73136DB3459165,6.25,-6.22,30.60,0.14,0.22,0.50,BODY
ABB368C750A48C0A,-5.25,-6.53,30.00,0.24,0.04,0.18,BODY
59871643C771296A,-2.90,-6.14,30.20,0.19,0.05,0.14,BODY
46E160A6D0D9F86B,-0.21,-6.05,30.40,0.14,0.21,0.53,BODY
107ABA17796929AD,1.74,-6.53,30.60,0.13,0.20,0.49,BODY
EDA92AD6611D3562,4.17,-6.22,30.00,0.16,0.22,0.55,BODY
508E5BACD547B6D4,6.52,-6.03,30.20,0.13,0.17,0.22,BODY
B8E355BA10011AAC,-4.34,-6.50,30.40,0.24,0.05,0.15,BODY
922A6A312DC1EE59,-1.93,-6.21,30.60,0.12,0.21,0.48,BODY
23222B003D0D7455,0.37,-6.40,30.00,0.14,0.20,0.52,BODY
B641DCA57249F42F,2.32,-6.00,30.20,0.15,0.19,0.48,BODY
1F370D9E6DC632F1,4.73,-6.02,30.40,0.06,0.08,0.32,BODY
3D5D7D36D1D2427E,-6.33,-6.23,30.60,0.52,0.13,0.42,BODY
E4CA0C1B8D936AB7,-3.83,-6.10,30.00,0.29,0.05,0.11,BODY
380DF2C10519A99C,-1.17,-6.33,30.20,0.16,0.21,0.55,BODY
4CD2BF663AD22EE2,0.70,-6.11,30.40,0.15,0.21,0.51,BODY
34CCB23744D97BF2,3.17,-6.07,30.60,0.14,0.21,0.53,BODY
6C7960B73C0ED046,5.89,-6.09,30.00,0.14,0.16,0.44,BODY
A6EE1F640B98681E,-5.22,-6.33,30.20,0.35,0.06,0.28,BODY
E649356681C9E661,-3.18,-5.89,30.40,0.30,0.04,0.13,BODY
8216AB1C70982047,-0.76,-5.93,30.60,0.15,0.22,0.54,BODY
2B0DDCBAB1C1F021,1.72,-5.90,30.00,0.13,0.24,0.49,BODY
4CA91DFB10D9D556,4.10,-6.24,30.20,0.15,0.22,0.56,BODY
AE023FFE592EB842,6.39,-6.12,30.40,0.15,0.29,0.59,BODY
3ACFB684BE87D37A,-4.38,-6.36,30.60,0.27,0.05,0.11,BODY
0E62F3656BC76930,-2.01,-5.82,30.00,0.13,0.20,0.48,BODY
5AF17B528CDC6583,0.25,-5.82,30.20,0.15,0.22,0.54,BODY
6C0AC831C37B5931,2.23,-6.26,30.40,0.13,0.22,0.48,BODY
91BDD2BC8AEE8AB0,4.95,-6.32,30.60,0.06,0.11,0.39,BODY
2C9E666D160C167D,-5.89,-6.16,30.00,0.49,0.13,0.40,BODY
4B0D591165606E68,-3.59,-6.32,30.20,0.29,0.05,0.11,BODY
25E6DFDB3E941637,-1.66,-5.85,30.40,0.12,0.22,0.52,BODY
7C45B8FC9FD0D238,0.81,-6.28,30.60,0.15,0.21,0.51,BODY
0AB5132A34CEA984,3.27,-6.07,30.00,0.15,0.21,0.54,BODY
5362E09491E58372,5.35,-5.97,30.20,0.13,0.14,0.42,BODY
0776DB378B68B498,-5.33,-5.85,30.40,0.25,0.04,0.17,BODY
B7D21E7BE30A5588,-2.99,-6.19,30.60,0.30,0.04,0.13,BODY
D16BEF04C0070AD5,-0.80,-6.08,30.00,0.15,0.21,0.54,BODY
2E5912E74AF264E2,1.94,-5.94,30.20,0.12,0.19,0.48,BODY
BBAE9E9867D26D26,3.93,-6.14,30.40,0.16,0.22,0.56,BODY
3642B63BAEF78A41,6.63,-6.20,30.60,0.22,0.34,0.57,BODY
714C8EBF76638A90,-4.60,-6.21,30.00,0.25,0.05,0.09,BODY
D22B5C4C6C2B82C9,-2.06,-6.15,30.20,0.13,0.20,0.48,BODY
95BD57E4BDE56D39,0.15,-5.88,30.40,0.15,0.21,0.52,BODY
86D8D1FE7A843EB7,2.46,-6.13,30.60,0.11,0.22,0.49,BODY
F3DF08E305832DC6,4.76,-5.89,30.00,0.09,0.11,0.35,BODY
9A771DE0217C44BC,-5.79,-5.68,30.20,0.36,0.05,0.29,BODY
7760702187602FD5,-3.77,-5.94,30.40,0.33,0.02,0.12,BODY
0DB5A4C02D61BAAB,-1.01,-5.87,30.60,0.14,0.22,0.53,BODY
7AB34AAC9AA0FAF0,0.86,-5.91,30.00,0.13,0.19,0.49,BODY
C771FEBCEAD3041C,3.21,-6.10,30.20,0.14,0.21,0.55,BODY
F236F758EE6E4A65,6.06,-6.04,30.40,0.13,0.20,0.48,BODY
F597E9F2D4BDC0F0,-4.67,-6.03,30.60,0.32,0.02,0.14,BODY
A50DF56A4B058554,-2.62,-5.65,30.00,0.11,0.09,0.27,BODY
38B252ADAA0A15E8,-0.26,-5.80,30.20,0.15,0.22,0.54,BODY
761499B32D91F073,1.81,-5.86,30.40,0.13,0.20,0.49,BODY
EF247745E3398E0B,4.27,-6.01,30.60,0.15,0.23,0.57,BODY
2EB7F0E9EE2803C0,-6.19,-5.51,30.00,0.41,0.08,0.31,BODY
9426A7356DD29642,-3.74,-5.89,30.20,0.28,0.05,0.09,BODY
20D6B3D3C8116127,-1.47,-5.71,30.40,0.13,0.25,0.54,BODY
07A1027D82B8F1F6,0.72,-5.89,30.60,0.14,0.20,0.52,BODY
24A3E467D5D9F460,2.77,-5.67,30.00,0.15,0.21,0.53,BODY
7C450F1BC51FED64,5.39,-5.94,30.20,0.13,0.17,0.42,BODY
FD1C1E1951734080,-5.31,-5.87,30.40,0.35,0.01,0.14,BODY
A2BEF2FFCD790B18,-2.72,-5.54,30.60,0.25,0.04,0.11,BODY
85A752C8A81DC517,-0.72,-5.46,30.00,0.16,0.22,0.55,BODY
23FC0D725EB9C44D,1.73,-5.46,30.20,0.13,0.20,0.48,BODY
180C78EDEF6A6A3A,4.20,-5.84,30.40,0.14,0.22,0.56,BODY
02E71FFFE443D3A3,-6.80,-5.94,30.60,0.42,0.13,0.32,BODY
0B818065CA0B6C89,-4.02,-5.67,30.00,0.26,0.05,0.11,BODY
4D0E62C3CFCD5086,-1.71,-5.50,30.20,0.14,0.21,0.50,BODY
01BCF1CE5B45C4EE,0.62,-5.75,30.40,0.14,0.20,0.52,BODY
669E0AEA3CFC05E8,2.59,-6.00,30.60,0.13,0.24,0.52,BODY
2EF9578E6CA7A758,5.36,-5.43,30.00,0.15,0.15,0.42,BODY
352F479DDC6B36CA,-5.38,-5.78,30.20,0.33,0.02,0.15,BODY
0A13D93F7F3B5D22,-2.84,-5.78,30.40,0.34,0.02,0.13,BODY
A940571D2DA7B188,-0.50,-5.89,30.60,0.16,0.22,0.55,BODY
072447E8D65C2D35,1.49,-5.93,30.00,0.13,0.19,0.48,BODY
2F8F1639D8EBC195,4.18,-5.92,30.20,0.15,0.22,0.57,BODY
52057122DF4E9071,6.02,-5.68,30.40,0.19,0.24,0.35,BODY
F9C4A7F5E4F83504,-4.12,-5.89,30.60,0.25,0.05,0.11,BODY
A0335D7C99BC8728,-2.02,-5.89,30.00,0.13,0.19,0.48,BODY
4299FB868D48B11C,0.24,-5.66,30.20,0.16,0.20,0.53,BODY
0DBB6F205B2F60C1,2.52,-5.85,30.40,0.13,0.30,0.58,BODY
6963FCC10F91028B,4.66,-5.46,30.60,0.13,0.17,0.42,BODY
AAD14B5F3DF23633,-5.37,-5.73,30.00,0.31,0.04,0.20,BODY
E5885A224275F4B1,-3.25,-5.50,30.20,0.39,0.02,0.13,BODY
61343996BF121640,-1.30,-5.66,30.40,0.13,0.25,0.56,BODY
3F1053342D2C939B,1.31,-5.79,30.60,0.09,0.24,0.50,BODY
9150B882C2DEFC4D,3.61,-5.72,30.00,0.15,0.23,0.57,BODY
5BEE758CC2AD0468,6.15,-5.41,30.20,0.13,0.27,0.58,BODY
81D4743107C891B0,-4.38,-5.65,30.40,0.29,0.05,0.13,BODY
9E34E54E106115F0,-2.22,-5.31,30.60,0.11,0.13,0.37,BODY
33F3E5FC3518681F,0.11,-5.53,30.00,0.14,0.22,0.54,BODY
F18907CE770D8106,2.20,-5.30,30.20,0.15,0.21,0.51,BODY
2B09F6180E8F094E,4.60,-5.69,30.40,0.06,0.13,0.35,BODY
F7F7B3B07185E1B0,-5.89,-5.48,30.60,0.35,0.06,0.26,BODY
941DB639B958AF20,-4.02,-5.52,30.00,0.30,0.04,0.11,BODY
BF3A6AEDEFC1D996,-1.44,-5.42,30.20,0.13,0.20,0.52,BODY
F6FBDED6F979260B,1.04,-5.61,30.40,0.12,0.24,0.54,BODY
62663BCE9F6520DB,3.52,-5.66,30.60,0.14,0.22,0.56,BODY
CCBD9A2D063379A0,5.75,-5.73,30.00,0.11,0.27,0.54,BODY
514B240CF255F047,-5.08,-5.59,30.20,0.33,0.03,0.12,BODY
0D0EB34FE0098628,-2.77,-5.14,30.40,0.22,0.05,0.11,BODY
768542F4E88D5CEB,-0.36,-5.69,30.60,0.15,0.22,0.55,BODY
F797F2ED849AD2EE,1.80,-5.10,30.00,0.13,0.19,0.48,BODY
3F0024FDA99571B2,4.03,-5.59,30.20,0.15,0.23,0.57,BODY
DEDA1181A93CC0F9,6.32,-5.50,30.40,0.27,0.15,0.19,BODY
659160F91191BF95,-4.38,-5.57,30.60,0.25,0.05,0.09,BODY
6DC56C5CCD5D2DBC,-1.95,-5.22,30.00,0.13,0.20,0.49,BODY
E399B86825E90842,0.33,-5.31,30.20,0.15,0.21,0.54,BODY
41138B58EE20BDF8,2.51,-5.21,30.40,0.14,0.22,0.52,BODY
B7EA4D5C1CA3DD20,4.79,-5.59,30.60,0.13,0.17,0.42,BODY
21F64B3F07B195D8,-6.01,-5.02,30.00,0.32,0.04,0.21,BODY
D7F7D69D82F6724E,-3.61,-5.03,30.20,0.34,0.02,0.13,BODY
46EA52C123056A16,-1.27,-5.56,30.40,0.16,0.20,0.55,BODY
A5CF05CB7ABEAA24,1.21,-5.48,30.60,0.15,0.19,0.52,BODY
E31BA8301C59819F,3.51,-5.15,30.00,0.16,0.22,0.58,BODY
66E13CA89DE5EBC6,5.68,-5.31,30.20,0.14,0.22,0.57,BODY
EA5E85145131F565,-5.03,-4.95,30.40,0.35,0.03,0.13,BODY
43031698F4B538B1,-2.64,-5.47,30.60,0.09,0.07,0.15,BODY
A4057866F4DEE3C0,-0.32,-5.13,30.00,0.15,0.22,0.55,BODY
1CFE5F897D35B7CC,2.09,-5.40,30.20,0.13,0.22,0.51,BODY
4BCAFE353EE8712C,4.39,-5.06,30.40,0.16,0.23,0.56,BODY
C5C5846C042F734E,6.25,-5.46,30.60,0.16,0.05,0.09,BODY
98AB8F1B4E4E32CC,-4.12,-5.13,30.00,0.25,0.05,0.09,BODY
2875B605231B78C7,-2.25,-5.21,30.20,0.15,0.20,0.49,BODY
69301EE99BAB4A52,0.18,-5.45,30.40,0.15,0.21,0.54,BODY
B047392B99DED8CC,2.87,-5.11,30.60,0.16,0.20,0.52,BODY
C1477AA84BC6FDC1,4.82,-4.96,30.00,0.09,0.13,0.39,BODY
41198749D1DF32D4,-5.94,-5.08,30.20,0.31,0.04,0.25,BODY
2EA5E1281C3B51CB,-3.39,-4.94,30.40,0.32,0.03,0.13,BODY
5BEFFB65A2E3C438,-1.54,-5.28,30.60,0.13,0.21,0.54,BODY
D9E3277B70960702,1.23,-5.27,30.00,0.15,0.21,0.52,BODY
F9769160FE66A578,3.34,-5.42,30.20,0.15,0.22,0.57,BODY
CC0939B40CD67394,5.67,-5.43,30.40,0.13,0.24,0.58,BODY
DB86E74A32384196,-5.23,-5.20,30.60,0.26,0.05,0.09,BODY
9C8D557DC05FA8D5,-2.89,-5.22,30.00,0.25,0.05,0.12,BODY
E51E6F2B40A9F0D9,-0.72,-5.10,30.20,0.16,0.22,0.55,BODY
D48F56C1DAA57AF9,1.85,-4.90,30.40,0.15,0.19,0.48,BODY
E3DA2E228CDA084D,4.08,-5.19,30.60,0.15,0.23,0.57,BODY
D0912D47363E6F7B,6.32,-5.24,30.00,0.19,0.05,0.09,BODY
9DFC31E5C4E55650,-4.97,-5.21,30.20,0.30,0.04,0.13,BODY
2039282689FF5BA3,-2.47,-4.99,30.40,0.08,0.11,0.33,BODY
72EB0B9CB30160F6,-0.25,-4.93,30.60,0.15,0.22,0.54,BODY
1BF66E41A26CDBD8,2.35,-5.00,30.00,0.14,0.20,0.48,BODY
E3714A1D4A9320FC,4.80,-5.02,30.20,0.11,0.13,0.38,BODY
B89EA42DA930D902,-6.43,-5.22,30.40,0.42,0.24,0.39,BODY
3CE8B5FFFC04C9A4,-4.03,-5.19,30.60,0.25,0.05,0.11,BODY
F44521BB00EB420D,-1.70,-5.21,30.00,0.13,0.22,0.50,BODY
7AE495E856448F04,0.47,-5.05,30.20,0.14,0.21,0.53,BODY
F6B010AB5D00BD2C,2.72,-5.05,30.40,0.14,0.21,0.53,BODY
8543E735901FF4F0,5.06,-4.92,30.60,0.16,0.20,0.52,BODY
1039A57335317140,-5.85,-5.12,30.00,0.29,0.05,0.22,BODY
4253C389654ABF97,-3.67,-4.98,30.20,0.35,0.03,0.13,BODY
8327BA91AA741B77,-1.06,-4.84,30.40,0.17,0.21,0.56,BODY
16238B3044A45830,1.08,-4.78,30.60,0.14,0.20,0.51,BODY
21D5E520C44E54CA,3.73,-4.69,30.00,0.15,0.22,0.58,BODY
6EE5C8BA9C007B4B,5.50,-5.20,30.20,0.17,0.22,0.47,BODY
EB751167907EF1D5,-5.03,-4.71,30.40,0.26,0.03,0.09,BODY
FFEB97668781BCDE,-3.04,-4.77,30.60,0.22,0.05,0.13,BODY
CD090C63916D97A0,-0.37,-4.88,30.00,0.15,0.22,0.57,BODY
CA095502BC86A599,1.42,-5.14,30.20,0.13,0.29,0.55,BODY
6AE770C92D689717,4.13,-4.84,30.40,0.16,0.23,0.57,BODY
96D30048494D0F94,6.20,-5.01,30.60,0.22,0.05,0.09,BODY
9E14D095C992CD13,-4.43,-5.12,30.00,0.30,0.04,0.13,BODY
2EC005C01436750E,-2.40,-4.56,30.20,0.06,0.08,0.26,BODY
85AC7F3FF0D9A425,-0.04,-5.10,30.40,0.15,0.22,0.55,BODY
79E73F49ED11FEE1,2.54,-4.58,30.60,0.11,0.22,0.51,BODY
2A16CD30C7D9607A,4.50,-5.05,30.00,0.11,0.13,0.36,BODY
1B62BC249E10474A,6.94,-4.88,30.20,0.41,0.25,0.31,BODY
D54E36E8234751C2,-4.07,-4.69,30.40,0.26,0.05,0.09,BODY
A740F2D363B9489F,-1.88,-5.02,30.60,0.13,0.22,0.48,BODY
EBBD05FC6C8A712B,0.20,-4.76,30.00,0.15,0.22,0.56,BODY
18D2CEBEA3CD109A,2.73,-4.62,30.20,0.16,0.21,0.55,BODY
AA8F4D9FE99EE672,4.84,-5.05,30.40,0.13,0.20,0.53,BODY
DBC60F653351B1DB,-5.85,-4.66,30.60,0.35,0.05,0.29,BODY
EB1B19DFA6452E0D,-3.47,-4.66,30.00,0.32,0.03,0.13,BODY
5F8B3DB4E81B4ADA,-1.07,-4.86,30.20,0.11,0.27,0.55,BODY
3E3C21BD983AD056,1.17,-4.46,30.40,0.15,0.21,0.52,BODY
9CB6CC8C6AD596EE,3.09,-4.87,30.60,0.15,0.23,0.57,BODY
4A1E4E98D7B2F05F,5.51,-4.95,30.00,0.19,0.27,0.55,BODY
9C166B78130FF3BC,-5.85,-4.45,30.20,0.24,0.05,0.14,BODY
499B543EE3D99E97,-3.05,-4.75,30.40,0.36,0.02,0.13,BODY
564E1CA54E60E4F2,-1.16,-4.79,30.60,0.15,0.21,0.57,BODY
77D464386326A243,1.37,-4.75,30.00,0.13,0.32,0.58,BODY
41019DBAF39A622D,3.93,-4.62,30.20,0.15,0.22,0.58,BODY
F680F38CE8D9FFD2,6.30,-4.93,30.40,0.18,0.05,0.08,BODY
AF3D6EE0CA55C2A6,-5.29,-4.57,30.60,0.29,0.04,0.11,BODY
6167E0163D9D2B99,-2.85,-4.79,30.00,0.06,0.05,0.13,BODY
C15BA89FC351CFD3,-0.34,-4.76,30.20,0.15,0.22,0.56,BODY
EA6164C5EA73C867,1.77,-4.44,30.40,0.32,0.16,0.42,BODY
94751954131C098D,4.32,-4.63,30.60,0.13,0.20,0.52,BODY
D20F8BCD91099341,6.54,-4.74,30.00,0.26,0.03,0.09,BODY
361ED10F1C0EA6FA,-4.41,-4.84,30.20,0.31,0.04,0.11,BODY
D0D37E586DAA0286,-2.64,-4.48,30.40,0.06,0.06,0.22,BODY
F75D696FF9A1E4DD,-0.13,-4.89,30.60,0.15,0.22,0.57,BODY
05D0B323D203F96C,1.98,-4.45,30.00,0.15,0.20,0.51,BODY
8CB8F2261B1A40D9,4.51,-4.37,30.20,0.09,0.13,0.39,BODY
31E05374D8CE654C,6.62,-4.62,30.40,0.31,0.02,0.13,BODY
6C4F201BEA4D15D3,-4.14,-4.57,30.60,0.25,0.05,0.11,BODY
A9F88D888B147872,-1.90,-4.64,30.00,0.24,0.16,0.44,BODY
503DE1EE2FFF6E0D,0.61,-4.33,30.20,0.15,0.22,0.56,BODY
9929B1ED3ABBCFFC,2.51,-4.40,30.40,0.14,0.21,0.53,BODY
9A4A42859719D3B1,4.76,-4.66,30.60,0.16,0.27,0.59,BODY
8582DDD1A99A55D9,-6.01,-4.50,30.00,0.45,0.11,0.32,BODY
3C92CF918797BF62,-4.06,-4.54,30.20,0.30,0.04,0.11,BODY
7BEE0A85BCB1C9E4,-1.60,-4.39,30.40,0.25,0.19,0.49,BODY
FBA740EC717FC345,0.70,-4.71,30.60,0.13,0.20,0.52,BODY
13176DB90AD6D8CC,3.08,-4.41,30.00,0.15,0.22,0.57,BODY
907985BD583E6267,5.59,-4.54,30.20,0.30,0.22,0.54,BODY
768EE7B952DC6AE5,-6.09,-4.33,30.40,0.32,0.04,0.27,BODY
D08F1602E813DDAE,-3.87,-4.42,30.60,0.36,0.02,0.13,BODY
989223BDDB4F97C4,-1.37,-4.67,30.00,0.17,0.21,0.54,BODY
4536C50BC2B6F9DB,0.93,-4.69,30.20,0.16,0.22,0.52,BODY
C3B757A4A6988CCC,3.58,-4.48,30.40,0.15,0.22,0.57,BODY
C2E3CC3C4B362936,5.98,-4.58,30.60,0.16,0.05,0.06,BODY
1C18DFD13DC0A7FE,-5.64,-4.16,30.00,0.42,0.14,0.32,BODY
76612CE1B1F74A0D,-3.12,-4.62,30.20,0.36,0.03,0.12,BODY
FC36643C106C2A80,-1.01,-4.32,30.40,0.16,0.21,0.55,BODY
C738E0738177845B,1.25,-4.33,30.60,0.15,0.21,0.51,BODY
0C3622FBEE2EBEC8,3.92,-4.11,30.00,0.15,0.24,0.58,BODY
478792A8659F1EEC,5.81,-4.69,30.20,0.19,0.05,0.09,BODY
4805FEB10938CACC,-5.50,-4.56,30.40,0.25,0.02,0.13,BODY
658AF5A9E736F959,-2.85,-4.55,30.60,0.19,0.03,0.13,BODY
CBAD0976413C7317,-0.63,-4.32,30.00,0.15,0.22,0.57,BODY
280C9DD86E2778CD,1.43,-4.25,30.20,0.16,0.20,0.48,BODY
028796484652757F,4.03,-4.57,30.40,0.16,0.24,0.55,BODY
60F0116C676843D2,6.33,-4.52,30.60,0.26,0.05,0.09,BODY
78B660287CF78EF1,-4.96,-4.35,30.00,0.28,0.04,0.11,BODY
E9B8BD08A33DED4E,-2.54,-4.47,30.20,0.04,0.07,0.17,BODY
6024F87732F9FEA5,-0.19,-4.27,30.40,0.15,0.22,0.57,BODY
4EA693067217FB9F,2.11,-4.23,30.60,0.18,0.22,0.50,BODY
D3562CF9CE222878,4.31,-4.21,30.00,0.11,0.13,0.39,BODY
4D185D675058DD25,6.31,-4.17,30.20,0.30,0.02,0.11,BODY
E88DE94077E9440B,-5.13,-4.04,30.40,0.34,0.02,0.12,BODY
7FF09EFF39FEB2CF,-2.76,-4.48,30.60,0.03,0.08,0.19,BODY
1AE0E4AEA553D45D,-0.15,-4.10,30.00,0.16,0.22,0.57,BODY
5CFB7D9006290D9F,2.12,-4.34,30.20,0.14,0.20,0.47,BODY
7DE482EC900CF8DF,4.10,-4.24,30.40,0.11,0.15,0.40,BODY
E55E59D2E0494ED6,6.92,-4.11,30.60,0.33,0.02,0.13,BODY
2C9018F3E094AF39,-4.75,-4.30,30.00,0.31,0.04,0.11,BODY
FBCA7468B25EFBD4,-2.40,-4.11,30.20,0.04,0.09,0.24,BODY
EDF518825C194F6B,-0.12,-3.97,30.40,0.16,0.24,0.58,BODY
56554A3CC2DE5F3A,2.13,-4.31,30.60,0.15,0.21,0.51,BODY
6BD72F76B2887D80,4.44,-4.16,30.00,0.13,0.17,0.45,BODY
C7F03BBA03940B86,6.76,-3.98,30.20,0.39,0.02,0.13,BODY
099BA8B675021764,-4.38,-4.33,30.40,0.27,0.05,0.09,BODY
DF4A99BFE5DDA37C,-2.11,-4.10,30.60,0.08,0.11,0.35,BODY
E3D4BBDBD089FF9C,0.11,-4.41,30.00,0.16,0.22,0.56,BODY
17D39A6EB1A32DC0,2.51,-4.37,30.20,0.15,0.22,0.52,BODY
1653D2A372F90EA0,4.76,-4.16,30.40,0.15,0.23,0.57,BODY
BAA6BA04FE04B9A4,7.39,-4.26,30.60,0.39,0.02,0.16,BODY
8D6B73F6F01720C5,-4.14,-3.96,30.00,0.25,0.05,0.11,BODY
63AF32B88CF7D26F,-2.16,-4.06,30.20,0.14,0.15,0.43,BODY
B510757A12975E1C,0.20,-4.16,30.40,0.15,0.22,0.57,BODY
B18E39E86CF760CC,2.51,-4.19,30.60,0.13,0.22,0.53,BODY
D48203364942ED57,5.10,-4.33,30.00,0.16,0.22,0.58,BODY
63F0739E705D60F1,7.29,-3.94,30.20,0.35,0.03,0.16,BODY
39CDCE5DA80283CF,-3.91,-3.78,30.40,0.26,0.05,0.09,BODY
08F3D8C1E1B78413,-1.57,-4.14,30.60,0.16,0.17,0.45,BODY
692E3E40F18BEBE8,0.28,-3.85,30.00,0.14,0.22,0.56,BODY
2709412B362128FD,2.63,-3.98,30.20,0.14,0.22,0.56,BODY
C4DE95F5C9E8B98E,4.94,-3.86,30.40,0.22,0.27,0.61,BODY
01B6990FDBB87C45,-6.31,-4.23,30.60,0.40,0.24,0.35,BODY
D2AA717CE189FA2C,-3.87,-4.29,30.00,0.30,0.04,0.11,BODY
9AEB0F71EAEF0CBA,-1.69,-3.87,30.20,0.13,0.19,0.48,BODY
591408BCCED0C30B,0.75,-3.79,30.40,0.15,0.21,0.54,BODY
BC533BE36C8CED45,3.03,-3.73,30.60,0.15,0.23,0.57,BODY
DEF903AB6D2F4ADD,5.27,-3.71,30.00,0.17,0.15,0.35,BODY
7824FF6AFD0697F2,-6.02,-3.89,30.20,0.40,0.24,0.35,BODY
B032712A5F98F8B2,-4.08,-4.13,30.40,0.30,0.04,0.11,BODY
FB98839F321EF7BF,-1.76,-4.07,30.60,0.14,0.19,0.49,BODY
E44655A2FC90650D,0.57,-3.97,30.00,0.15,0.21,0.54,BODY
757526B97DD12954,3.13,-3.97,30.20,0.15,0.24,0.58,BODY
757D809B44C886E2,5.37,-3.95,30.40,0.13,0.05,0.09,BODY
6576BA0DF42504CE,-5.97,-4.15,30.60,0.42,0.11,0.32,BODY
7459A4CD80418939,-3.87,-3.99,30.00,0.31,0.04,0.12,BODY
77F5A6A8EAF25733,-1.51,-3.72,30.20,0.15,0.20,0.51,BODY
728EBCE2D110ACE5,0.72,-4.06,30.40,0.15,0.21,0.54,BODY
FE841DF29F6AA7E7,3.26,-3.75,30.60,0.14,0.25,0.58,BODY
9D1A8BA341486A47,5.49,-3.68,30.00,0.17,0.06,0.08,BODY
6935A3BBE83787EC,-6.31,-4.10,30.20,0.42,0.11,0.32,BODY
2AE74E1C46D32737,-4.14,-3.65,30.40,0.32,0.03,0.13,BODY
F12213FD816D1FD5,-1.77,-3.88,30.60,0.15,0.20,0.51,BODY
336C60DCA92C4458,0.60,-3.93,30.00,0.16,0.22,0.52,BODY
994EF7541C13E00E,3.13,-3.83,30.20,0.14,0.25,0.58,BODY
46FBCD88F21B24D0,5.25,-3.56,30.40,0.17,0.06,0.08,BODY
49B8E322A6DC16F5,-6.02,-4.06,30.60,0.41,0.10,0.31,BODY
775DDF1D4B5DDAAD,-3.62,-3.69,30.00,0.34,0.02,0.11,BODY
57762AF1561B5C83,-1.43,-4.09,30.20,0.13,0.20,0.52,BODY
8E0B7184E51DCC8F,0.81,-3.99,30.40,0.15,0.22,0.54,BODY
456879F11B76BC25,3.40,-3.85,30.60,0.13,0.25,0.58,BODY
DBF1D2A542C7C208,5.62,-3.93,30.00,0.18,0.05,0.08,BODY
CFFC02E3A7DFD10E,-5.86,-3.50,30.20,0.41,0.10,0.31,BODY
26804FC31D39A3A8,-3.52,-3.45,30.40,0.34,0.02,0.11,BODY
149D35DCAC1E84B6,-1.42,-3.93,30.60,0.13,0.20,0.52,BODY
33509299844BB1FC,0.69,-3.72,30.00,0.15,0.22,0.54,BODY
6E76A63C56CFC42A,2.96,-4.01,30.20,0.14,0.24,0.58,BODY
4CF665B901BB509E,5.76,-3.52,30.40,0.18,0.05,0.08,BODY
1FA37B4E73822813,-6.27,-3.42,30.60,0.39,0.08,0.29,BODY
44C4C50CEE6E0D3D,-3.61,-3.98,30.00,0.34,0.02,0.11,BODY
153102F2863F05EA,-1.31,-3.65,30.20,0.15,0.21,0.54,BODY
78DD540D21E0DC18,0.64,-3.66,30.40,0.15,0.22,0.54,BODY
60C601D340486506,2.98,-3.54,30.60,0.15,0.24,0.58,BODY
F5FAC17B60AD6BB9,5.39,-3.93,30.00,0.18,0.05,0.08,BODY
4ADC9160403E3336,-6.17,-3.73,30.20,0.41,0.10,0.31,BODY
7A675F54740AB7B8,-3.73,-3.60,30.40,0.34,0.02,0.11,BODY
4E64E699EE6BD58B,-1.75,-3.52,30.60,0.13,0.20,0.52,BODY
CC61F52B7B304FFA,1.15,-3.61,30.00,0.15,0.22,0.54,BODY
C39F7FE14C0D6520,2.94,-3.45,30.20,0.14,0.24,0.58,BODY
2011BF88906C1BBE,5.84,-3.65,30.40,0.18,0.05,0.08,BODY
2A43C3A5F9CD965A,-5.89,-3.57,30.60,0.41,0.13,0.33,BODY
1EAE2D0249B593A8,-3.72,-3.66,30.00,0.34,0.02,0.13,BODY
16D0C875602D3B7B,-1.45,-3.33,30.20,0.13,0.20,0.52,BODY
ED4D31BFFAEBE273,0.63,-3.84,30.40,0.16,0.22,0.55,BODY
74557E184BFFCD52,3.19,-3.33,30.60,0.14,0.24,0.58,BODY
EDDFCF2B712B3A3B,5.32,-3.38,30.00,0.19,0.05,0.06,BODY
F1E4D287AF1FECD3,-6.28,-3.82,30.20,0.40,0.10,0.31,BODY
45A8F87BBDF475EA,-3.83,-3.63,30.40,0.32,0.03,0.13,BODY
F13EE1F9940E649E,-1.64,-3.66,30.60,0.13,0.20,0.52,BODY
580D9C4AB9E09B46,0.84,-3.28,30.00,0.16,0.22,0.55,BODY
4B7B44ABFEEA3CA7,2.96,-3.62,30.20,0.13,0.24,0.58,BODY
436F7D06EB246786,5.70,-3.78,30.40,0.18,0.05,0.06,BODY
8B92AA5195353511,-6.30,-3.30,30.60,0.40,0.10,0.31,BODY
FD828EE6F30590D0,-4.03,-3.38,30.00,0.32,0.03,0.13,BODY
125F032FA467123C,-1.72,-3.63,30.20,0.13,0.19,0.49,BODY
20350D6A04EE603B,0.60,-3.41,30.40,0.16,0.22,0.55,BODY
3AF6B96C5DE957F1,3.42,-3.52,30.60,0.13,0.24,0.58,BODY
1AFBF585B8F9B1D2,5.63,-3.78,30.00,0.19,0.05,0.06,BODY
57A985882889F3AD,-6.30,-3.41,30.20,0.42,0.16,0.35,BODY
757871B8CC8A6A58,-3.92,-3.34,30.40,0.32,0.03,0.13,BODY
A35DBBC7A2310151,-1.81,-3.65,30.60,0.13,0.18,0.47,BODY
7C9FC7736641A351,0.55,-3.44,30.00,0.16,0.22,0.55,BODY
23CC612C3071B839,3.17,-3.33,30.20,0.13,0.25,0.58,BODY
1A38498A8A11A1DE,5.33,-3.35,30.40,0.19,0.05,0.06,BODY
FF31474334ABD075,-6.06,-3.50,30.60,0.41,0.31,0.38,BODY
8ED9131052FC665B,-4.16,-3.17,30.00,0.32,0.03,0.13,BODY
752F424AEAF377C5,-1.36,-3.25,30.20,0.13,0.18,0.47,BODY
87F8BFE86DF36BBF,0.51,-3.68,30.40,0.13,0.22,0.56,BODY
F53B0845BD80B595,2.83,-3.29,30.60,0.14,0.25,0.58,BODY
668174D4528CA4E7,5.63,-3.67,30.00,0.19,0.05,0.06,BODY
5141F28666129500,7.81,-3.55,30.20,0.30,0.09,0.15,BODY
69B23A3FCC67C67E,-3.97,-3.43,30.40,0.30,0.03,0.13,BODY
B31E6115770BB92B,-1.91,-3.06,30.60,0.13,0.17,0.45,BODY
79985FFE831596C5,0.52,-3.51,30.00,0.13,0.22,0.56,BODY
15E25215DBE0D2E7,2.76,-3.29,30.20,0.14,0.25,0.58,BODY
738536BC733D5E4E,5.52,-3.38,30.40,0.17,0.05,0.07,BODY
2950A03E94D1F68A,7.48,-3.37,30.60,0.41,0.19,0.27,BODY
DC4184B84BBDB0F4,-4.19,-3.09,30.00,0.29,0.03,0.13,BODY
D9CB038B13495C8D,-1.61,-3.09,30.20,0.13,0.16,0.44,BODY
246C80B059D2D5B9,0.64,-3.44,30.40,0.13,0.23,0.57,BODY
65369676FB124970,3.17,-3.10,30.60,0.15,0.24,0.58,BODY
9438E129CCED038D,5.39,-3.36,30.00,0.18,0.05,0.08,BODY
B0630DD3FBF55249,7.65,-3.07,30.20,0.30,0.09,0.15,BODY
9AC28C4F2B35F896,-3.92,-3.18,30.40,0.29,0.03,0.13,BODY
09FB0801A6853E47,-2.07,-3.36,30.60,0.13,0.14,0.42,BODY
CB9C411079D480B5,0.47,-3.10,30.00,0.16,0.24,0.58,BODY
CE4EBD34397E1A6F,2.72,-3.28,30.20,0.15,0.24,0.58,BODY
0F6E5CA3F322A702,5.34,-3.37,30.40,0.18,0.05,0.08,BODY
F69E9F24DAAD2312,7.46,-3.35,30.60,0.40,0.03,0.16,BODY
2A8E8831E43FF59D,-4.42,-3.27,30.00,0.29,0.04,0.09,BODY
7CD8FA67AF8097A5,-1.66,-3.21,30.20,0.13,0.13,0.39,BODY
CD5958436482D8BB,0.65,-3.39,30.40,0.16,0.24,0.58,BODY
577017113EA6185F,2.59,-3.48,30.60,0.15,0.24,0.58,BODY
8F13957881F2D730,5.14,-3.50,30.00,0.18,0.05,0.07,BODY
C4F88873D7D4A64A,7.31,-2.96,30.20,0.39,0.03,0.16,BODY
988BF2C8C16D32BA,-3.98,-3.20,30.40,0.22,0.03,0.09,BODY
C7972E99F3AE8EFB,-2.18,-3.42,30.60,0.13,0.13,0.39,BODY
874140996172A09B,0.60,-2.98,30.00,0.14,0.22,0.56,BODY
9D20C1531C9D4B75,3.04,-3.28,30.20,0.16,0.24,0.58,BODY
367E049A67B34692,5.32,-3.15,30.40,0.17,0.05,0.08,BODY
EA5C3C35100CB605,7.35,-2.86,30.60,0.39,0.03,0.16,BODY
EA2800ADF9FF2C37,-4.38,-2.91,30.00,0.22,0.03,0.09,BODY
B52643E91EE7BA08,-2.24,-3.32,30.20,0.11,0.11,0.36,BODY
12BA307EDE3F57B4,0.51,-3.10,30.40,0.14,0.24,0.56,BODY
C8561DE9AC95FF36,2.72,-3.00,30.60,0.15,0.23,0.57,BODY
7DF45AD05BDCA661,5.10,-3.16,30.00,0.16,0.05,0.09,BODY
F251504083A5934A,7.55,-3.20,30.20,0.40,0.02,0.16,BODY
19367276086517E1,-4.60,-2.97,30.40,0.25,0.04,0.14,BODY
DD6C57BE161B96B8,-2.14,-3.24,30.60,0.06,0.08,0.29,BODY
57B5BD542EC36805,0.30,-2.96,30.00,0.15,0.24,0.57,BODY
5B52158FDE781014,2.57,-2.75,30.20,0.15,0.23,0.57,BODY
D6F7184180C4B3A2,5.06,-3.03,30.40,0.13,0.05,0.13,BODY
E5D9936B72C392EE,7.29,-2.96,30.60,0.40,0.02,0.16,BODY
1419F019728AD8D7,-4.70,-3.02,30.00,0.42,0.11,0.30,BODY
DCBB885377AA6053,-2.02,-3.05,30.20,0.06,0.09,0.29,BODY
E1F13AF688217B0B,0.05,-3.21,30.40,0.14,0.23,0.58,BODY
03AE31448B4DC601,2.74,-3.18,30.60,0.14,0.22,0.56,BODY
87DB75A6848A9308,4.62,-3.22,30.00,0.15,0.06,0.13,BODY
654952B6148BF4B8,7.18,-2.90,30.20,0.39,0.02,0.16,BODY
C2549E1619B55B66,-4.46,-2.75,30.40,0.52,0.14,0.39,BODY
9AEBDC5AF758B521,-1.95,-3.06,30.60,0.05,0.08,0.28,BODY
706693E776FBBD26,-0.09,-3.21,30.00,0.15,0.22,0.58,BODY
D46D3F6B82AD6969,2.31,-3.06,30.20,0.15,0.23,0.57,BODY
D444971401025543,4.52,-3.15,30.40,0.14,0.08,0.19,BODY
B5C8A15B4F47B84C,7.36,-3.23,30.60,0.39,0.03,0.16,BODY
8373CB89D6E3F545,-4.52,-2.73,30.00,0.49,0.12,0.38,BODY
9F6A8D62B11EF0D5,-2.08,-3.03,30.20,0.06,0.09,0.29,BODY
B472CE8ABB8881B2,0.16,-2.63,30.40,0.15,0.22,0.58,BODY
F0EF921B02BECF42,2.24,-2.64,30.60,0.15,0.23,0.57,BODY
CB20A424B318A933,4.53,-2.69,30.00,0.16,0.09,0.22,BODY
0E7475C3FD4CFF77,7.00,-3.10,30.20,0.39,0.03,0.16,BODY
C61B6E5C5644A708,-4.69,-2.82,30.40,0.45,0.08,0.35,BODY
B81A602F98CF6A6E,-2.02,-2.60,30.60,0.06,0.09,0.29,BODY
26F25BE7B5E91A7D,0.10,-3.07,30.00,0.14,0.23,0.58,BODY
9BF8BBFBA4CB46DB,2.39,-3.00,30.20,0.13,0.22,0.55,BODY
0D008AC9D5BDF654,4.55,-3.12,30.40,0.16,0.15,0.33,BODY
3FBB7E7CC8D2D0EF,6.94,-2.93,30.60,0.39,0.03,0.16,BODY
B0123B698E504FB8,-4.59,-3.04,30.00,0.47,0.11,0.37,BODY
46784A59158E415A,-2.27,-3.08,30.20,0.07,0.11,0.29,BODY
3DF7CB773300C41E,-0.05,-2.82,30.40,0.14,0.24,0.59,BODY
6B4462606B886AA3,2.49,-2.94,30.60,0.15,0.23,0.56,BODY
EF6647E6BA6F27D4,4.47,-2.89,30.00,0.15,0.10,0.24,BODY
4BD2276C7FBAA4BD,7.02,-2.67,30.20,0.39,0.02,0.16,BODY
DCABBC0C6E38E4DC,-4.50,-2.91,30.40,0.47,0.11,0.37,BODY
8F2C7773E8CD0771,-2.18,-2.63,30.60,0.09,0.13,0.29,BODY
D7248B3FD42FDE64,-0.28,-2.64,30.00,0.14,0.24,0.59,BODY
7E9C3ED2908D8699,2.62,-2.48,30.20,0.15,0.23,0.56,BODY
F7FB17F92854D39A,4.69,-2.83,30.40,0.17,0.16,0.34,BODY
94ABA6E843D870B4,6.73,-2.66,30.60,0.39,0.02,0.16,BODY
0D57579428728701,-4.72,-2.64,30.00,0.52,0.14,0.35,BODY
AD7DACA6E16548C0,-2.19,-2.62,30.20,0.09,0.13,0.29,BODY
9E1BC4031613A612,0.06,-2.99,30.40,0.14,0.24,0.59,BODY
63FC6F11C41B661A,2.62,-2.48,30.60,0.15,0.23,0.56,BODY
341CB524E5DF3BAC,4.55,-2.77,30.00,0.15,0.10,0.24,BODY
3FF52C6487ACCADF,6.88,-2.48,30.20,0.39,0.02,0.16,BODY
A3721DDBC253CB6A,-4.38,-2.46,30.40,0.52,0.14,0.35,BODY
6ED18B708C42B10D,-2.27,-2.65,30.60,0.05,0.09,0.29,BODY
D5723320AAEB5563,-0.03,-2.44,30.00,0.14,0.24,0.59,BODY
63E2CEE8D2FA40E8,2.34,-2.36,30.20,0.15,0.23,0.56,BODY
843FD34453CBE3E8,4.39,-2.71,30.40,0.13,0.05,0.13,BODY
95582E5349BA56B5,7.04,-2.67,30.60,0.39,0.02,0.16,BODY
F69D5D31B3F5844F,-4.74,-2.50,30.00,0.48,0.11,0.35,BODY
D4895A77452F8264,-2.57,-2.66,30.20,0.06,0.08,0.29,BODY
D965BFB7E7E5AB97,0.02,-2.37,30.40,0.13,0.24,0.59,BODY
B9FF23E18683AA1B,2.51,-2.87,30.60,0.15,0.21,0.56,BODY
B3532781970BDA68,4.76,-2.77,30.00,0.14,0.05,0.13,BODY
AF61B351681C542D,6.89,-2.71,30.20,0.39,0.02,0.16,BODY
C611F68040F450BF,-4.74,-2.56,30.40,0.44,0.08,0.32,BODY
908C39D48F25299B,-2.17,-2.74,30.60,0.06,0.08,0.29,BODY
D0C877EEA074923D,0.24,-2.80,30.00,0.14,0.24,0.59,BODY
0C551B53B3094E11,2.38,-2.78,30.20,0.15,0.21,0.56,BODY
BCFBCE39A289EBC2,4.53,-2.42,30.40,0.11,0.07,0.16,BODY
9110AAEA1C170CD1,6.66,-2.50,30.60,0.39,0.02,0.16,BODY
46F44257A8F1A609,-4.70,-2.46,30.00,0.35,0.03,0.26,BODY
F32E0C6653DD4C2D,-2.07,-2.48,30.20,0.06,0.08,0.29,BODY
0195F12679FECA2F,-0.08,-2.52,30.40,0.14,0.24,0.59,BODY
DA3CBC1D879643F9,2.39,-2.43,30.60,0.15,0.21,0.56,BODY
50FDED8D8BD23A73,4.62,-2.30,30.00,0.11,0.07,0.16,BODY
EA329BF470F5E445,6.67,-2.33,30.20,0.39,0.02,0.16,BODY
D9C6D77D437816D5,-4.81,-2.22,30.40,0.35,0.03,0.26,BODY
D6EC4078D68EFC74,-2.62,-2.30,30.60,0.06,0.08,0.29,BODY
D28F53E473D4D678,0.02,-2.20,30.00,0.14,0.24,0.59,BODY
76302A4CD4E77FDA,2.21,-2.23,30.20,0.15,0.21,0.56,BODY
DF475F6608BC73B1,4.49,-2.56,30.40,0.14,0.05,0.13,BODY
F0156475A5171172,6.66,-2.71,30.60,0.39,0.02,0.16,BODY
A8B3AC4D574E6863,-4.76,-2.56,30.00,0.34,0.05,0.28,BODY
AA17B23C3BF31F74,-2.37,-2.30,30.20,0.05,0.08,0.29,BODY
4F40531B9DCB25D4,-0.18,-2.12,30.40,0.13,0.24,0.59,BODY
86B9634D5849A243,2.44,-2.67,30.60,0.16,0.22,0.58,BODY
7C3234FFA9FF4911,4.68,-2.47,30.00,0.14,0.05,0.07,BODY
13F7B7C0710DD556,6.83,-2.22,30.20,0.39,0.02,0.16,BODY
2F1304298A5662D9,-4.66,-2.39,30.40,0.40,0.08,0.30,BODY
7D5ACC1E327FA419,-2.28,-2.58,30.60,0.05,0.08,0.29,BODY
501DA88D94067B3E,0.26,-2.10,30.00,0.13,0.24,0.59,BODY
B71C0D6BC65E1221,2.14,-2.09,30.20,0.16,0.22,0.58,BODY
82DDE3CD4CFB58BD,4.35,-2.31,30.40,0.14,0.05,0.07,BODY
CE6FF3C1EF9A2AEC,6.96,-2.30,30.60,0.38,0.03,0.15,BODY
C677C536445D497A,-4.55,-2.31,30.00,0.35,0.05,0.26,BODY
108D86A9DF6FE705,-2.44,-2.08,30.20,0.05,0.08,0.29,BODY
C6A9F46FD0746AD6,-0.03,-2.36,30.40,0.13,0.24,0.59,BODY
15BC54FB015129F4,2.65,-2.49,30.60,0.16,0.22,0.58,BODY
D9876875F31DFD76,4.48,-2.10,30.00,0.16,0.05,0.09,BODY
934CA57277116422,7.16,-2.38,30.20,0.38,0.03,0.15,BODY
F70BE9EE114C29B9,-4.81,-2.26,30.40,0.35,0.05,0.26,BODY
AA0E0609B3450227,-2.28,-2.38,30.60,0.05,0.08,0.28,BODY
039F9B94782743ED,0.06,-2.26,30.00,0.13,0.24,0.59,BODY
4F503250A3BF6A41,2.65,-2.17,30.20,0.16,0.23,0.58,BODY
CC3EC5F5A3279F10,5.01,-2.33,30.40,0.16,0.05,0.09,BODY
2F885B6A2F1E1A5B,7.17,-2.21,30.60,0.38,0.03,0.15,BODY
15B94B69445A8F6D,-4.66,-2.00,30.00,0.41,0.07,0.32,BODY
C9999EBC5406EF01,-2.01,-2.31,30.20,0.05,0.08,0.28,BODY
FF55ACF5A5E5B15E,0.45,-2.21,30.40,0.13,0.24,0.58,BODY
9B290A6E43485FED,2.71,-2.10,30.60,0.13,0.23,0.59,BODY
3631C3702A1DCD4F,4.56,-2.43,30.00,0.18,0.05,0.08,BODY
1C4F113BC2CCF7DA,7.07,-2.09,30.20,0.38,0.02,0.15,BODY
4794761FB97AA223,-4.12,-2.17,30.40,0.49,0.12,0.36,BODY
C01CC7832A127A1E,-2.37,-2.27,30.60,0.06,0.09,0.29,BODY
B27E426A4F9D4903,0.42,-2.25,30.00,0.14,0.24,0.58,BODY
56152BEFD055414D,2.79,-2.04,30.20,0.13,0.24,0.60,BODY
BFF027ECDFC01800,4.64,-2.07,30.40,0.18,0.05,0.08,BODY
B110EF918CD2A641,7.02,-1.88,30.60,0.39,0.02,0.16,BODY
8E71844D662679BA,-4.49,-2.40,30.00,0.52,0.14,0.39,BODY
B71D2830F504BD98,-1.88,-1.93,30.20,0.04,0.08,0.30,BODY
32A71241DF4E608A,0.06,-2.05,30.40,0.14,0.24,0.58,BODY
28F3EF1E039A6801,2.66,-1.83,30.60,0.15,0.24,0.60,BODY
EB030C81CF130830,5.03,-1.98,30.00,0.18,0.05,0.08,BODY
C3BA0DABBF722D20,7.28,-2.36,30.20,0.39,0.02,0.16,BODY
D4AA634FA94D4B7B,-4.12,-1.78,30.40,0.52,0.14,0.39,BODY
43FB263B5FC9947A,-2.04,-2.06,30.60,0.03,0.08,0.29,BODY
F0D0E03C7891F13C,0.53,-2.33,30.00,0.13,0.24,0.58,BODY
52CA4F9422C450BE,2.91,-2.22,30.20,0.14,0.23,0.59,BODY
3A780077A1D68D73,5.20,-2.32,30.40,0.20,0.05,0.09,BODY
6F2A73857D9E4A36,7.52,-2.30,30.60,0.39,0.02,0.16,BODY
ED466430ED43325B,-4.22,-2.24,30.00,0.51,0.12,0.40,BODY
1960301C430207D7,-1.97,-2.13,30.20,0.06,0.08,0.30,BODY
B017638159CE7836,0.68,-1.73,30.40,0.14,0.24,0.58,BODY
96C81CA731D6D39A,2.79,-2.01,30.60,0.14,0.25,0.60,BODY
6FD740290E760572,5.03,-2.12,30.00,0.22,0.05,0.09,BODY
04AACB039372160E,7.64,-2.27,30.20,0.39,0.02,0.16,BODY
50E62510C4A74264,-4.26,-1.86,30.40,0.49,0.10,0.37,BODY
7979D5CB28AC4DA3,-1.72,-2.17,30.60,0.08,0.11,0.34,BODY
76D45B00B61B2F8C,0.75,-2.09,30.00,0.14,0.24,0.57,BODY
09307213D07DCA0E,2.77,-2.03,30.20,0.15,0.25,0.59,BODY
575D2D16C7C0E4BD,5.11,-1.69,30.40,0.24,0.05,0.11,BODY
E2D2E73266121B4B,7.27,-1.81,30.60,0.38,0.02,0.16,BODY
530B2E5FE8B9BB5F,-3.76,-1.83,30.00,0.53,0.12,0.40,BODY
9695445D580E34D0,-1.73,-1.99,30.20,0.13,0.14,0.39,BODY
05420F6DB5805273,0.63,-1.69,30.40,0.14,0.24,0.57,BODY
4401768076A3CCF9,2.78,-1.97,30.60,0.16,0.25,0.58,BODY
EB0E2C70F9A2AFE8,5.53,-1.62,30.00,0.27,0.05,0.12,BODY
FDF208FE7676E57D,7.79,-2.12,30.20,0.32,0.02,0.13,BODY
8C94B8AC92BE9512,-4.05,-1.95,30.40,0.54,0.13,0.41,BODY
CFED0FD0CDF47541,-1.85,-1.60,30.60,0.11,0.13,0.37,BODY
1153E2E314E9398D,0.95,-1.63,30.00,0.14,0.24,0.57,BODY
4370CEC979EC381F,2.97,-1.55,30.20,0.11,0.19,0.47,BODY
5C391F6C7022E38B,5.49,-2.15,30.40,0.29,0.05,0.13,BODY
6F9E87EC8A886824,7.47,-1.81,30.60,0.43,0.20,0.28,BODY
E413E422CCD26E64,-3.64,-1.65,30.00,0.46,0.13,0.33,BODY
B437B70EAF2AF026,-1.62,-1.64,30.20,0.13,0.14,0.42,BODY
0FB128B488E7E9E7,1.04,-1.95,30.40,0.14,0.22,0.56,BODY
5111F872A1C55AE1,3.27,-2.08,30.60,0.13,0.18,0.46,BODY
AD4F4B8041F6EB73,5.51,-1.91,30.00,0.31,0.02,0.13,BODY
BDD20721DB652402,-6.05,-1.62,30.20,0.48,0.16,0.39,BODY
B9C2E7A7E5180ABF,-3.60,-1.60,30.40,0.25,0.02,0.12,BODY
3FFDE9688C48D2B4,-1.30,-2.03,30.60,0.15,0.19,0.48,BODY
6C3553A02FFFE0AA,0.92,-1.49,30.00,0.15,0.21,0.55,BODY
89C338FF5B23C4AD,3.36,-1.59,30.20,0.13,0.19,0.48,BODY
CA1ABC695955E0B8,5.89,-1.77,30.40,0.35,0.02,0.13,BODY
B4D2FBB8097D63A0,-5.54,-1.56,30.60,0.55,0.14,0.42,BODY
094617EA46AA2434,-3.76,-1.94,30.00,0.20,0.04,0.11,BODY
ADB1180A08833D2A,-1.26,-1.89,30.20,0.15,0.22,0.54,BODY
F4717ABD86C6BADB,1.35,-1.53,30.40,0.15,0.21,0.55,BODY
39D12C7B36A17659,3.58,-1.46,30.60,0.16,0.24,0.58,BODY
CDCBEA5892B79ADB,5.83,-1.85,30.00,0.36,0.02,0.14,BODY
32B9E70EA5B12976,-5.73,-1.55,30.20,0.51,0.13,0.40,BODY
7D9648CC043C312A,-3.34,-1.56,30.40,0.12,0.07,0.17,BODY
345456F8C9FD60E7,-1.23,-1.91,30.60,0.15,0.24,0.58,BODY
B8B4B25AA9271083,1.06,-1.84,30.00,0.15,0.22,0.54,BODY
F79448CD84C1BEAE,3.52,-1.69,30.20,0.16,0.24,0.58,BODY
C70ADBE53BFF95C0,6.18,-1.60,30.40,0.39,0.02,0.16,BODY
8D7B8BE7037F929F,-5.76,-1.73,30.60,0.43,0.09,0.33,BODY
6692A03AE4A7966F,-3.50,-1.39,30.00,0.08,0.10,0.31,BODY
AAFE1E20405751E2,-1.05,-1.78,30.20,0.13,0.24,0.58,BODY
B364146D5AA02029,1.73,-1.75,30.40,0.13,0.22,0.52,BODY
79DC734A600CBD2E,3.65,-1.31,30.60,0.14,0.26,0.59,BODY
463317C719E1082F,5.85,-1.90,30.00,0.40,0.03,0.16,BODY
40EA54EC70467A46,-5.26,-1.84,30.20,0.31,0.03,0.24,BODY
34BE454F487AF370,-2.86,-1.41,30.40,0.13,0.13,0.42,BODY
E7F4DD6CDAE42332,-0.55,-1.39,30.60,0.15,0.24,0.59,BODY
D166E2EB070D57C9,1.83,-1.76,30.00,0.13,0.21,0.51,BODY
980E7C9779D61EFC,3.87,-1.47,30.20,0.14,0.28,0.62,BODY
8623E9929BCABE2A,6.18,-1.25,30.40,0.40,0.03,0.16,BODY
B13B1A819A68FA11,-4.97,-1.23,30.60,0.35,0.06,0.29,BODY
A897BA55F768E1A1,-2.68,-1.21,30.00,0.13,0.14,0.42,BODY
2C812DC15FE5A043,-0.72,-1.26,30.20,0.14,0.24,0.59,BODY
2F1AF08127870161,1.55,-1.57,30.40,0.13,0.21,0.51,BODY
6D304C1E7CC89175,4.10,-1.75,30.60,0.13,0.14,0.29,BODY
ACA8749960448D86,6.34,-1.24,30.00,0.41,0.04,0.17,BODY
6C03DB46AF86E004,-5.04,-1.60,30.20,0.48,0.13,0.39,BODY
1ECC232EA943BC69,-2.50,-1.55,30.40,0.13,0.15,0.43,BODY
50E18AB3D47CD05E,-0.61,-1.21,30.60,0.15,0.25,0.60,BODY
27FE302D5C4F4D07,1.81,-1.35,30.00,0.14,0.21,0.52,BODY
30B7C958B33C7D0E,4.08,-1.26,30.20,0.16,0.06,0.09,BODY
85CCEF6D293A82F8,6.59,-1.22,30.40,0.41,0.04,0.17,BODY
3AB27096DF4C0E9F,-4.73,-1.63,30.60,0.47,0.11,0.35,BODY
BEE455342CA2EDD6,-2.45,-1.27,30.00,0.13,0.16,0.44,BODY
69436C8562B1A594,-0.14,-1.42,30.20,0.14,0.24,0.59,BODY
3D146B145FB093EE,2.41,-1.11,30.40,0.13,0.23,0.57,BODY
BD2FE1FD54469C86,4.30,-1.45,30.60,0.18,0.06,0.09,BODY
FC1EFF1E11565D6F,6.84,-1.60,30.00,0.41,0.02,0.16,BODY
B425E1F3BBCD4F8A,-4.38,-1.27,30.20,0.35,0.05,0.26,BODY
832EEF4FF62B4857,-2.00,-1.60,30.40,0.03,0.08,0.29,BODY
D0204D61AF0404BF,0.38,-1.25,30.60,0.15,0.24,0.58,BODY
8B5C4343B3F85FC4,2.20,-1.53,30.00,0.15,0.26,0.60,BODY
C76254F22BD57D55,4.58,-1.30,30.20,0.19,0.05,0.09,BODY
2C64DEFD803B199A,7.01,-1.08,30.40,0.39,0.02,0.16,BODY
658F32A248B09DCE,-4.50,-1.19,30.60,0.34,0.04,0.28,BODY
74F0C11E1891BC4C,-1.87,-1.19,30.00,0.04,0.07,0.28,BODY
DE14A060F2D17ECC,0.07,-1.19,30.20,0.16,0.24,0.58,BODY
D3EA202AAE75CC39,2.72,-1.07,30.40,0.16,0.25,0.60,BODY
D192F278BF9A0A5A,4.92,-1.43,30.60,0.27,0.05,0.11,BODY
B8F95B50D7BAB177,7.55,-1.13,30.00,0.39,0.03,0.16,BODY
2AE325ECC1385B92,-3.90,-1.46,30.20,0.55,0.14,0.42,BODY
B820265FED7AC7E0,-1.55,-1.53,30.40,0.08,0.10,0.33,BODY
32E77AB97E69EDB9,0.70,-1.19,30.60,0.15,0.22,0.57,BODY
6B24CFDD7E16D24B,3.06,-1.38,30.00,0.09,0.17,0.45,BODY
C2A6D49E5996B2B0,5.21,-1.51,30.20,0.30,0.04,0.13,BODY
21216733B3414B2B,7.66,-1.00,30.40,0.31,0.11,0.19,BODY
CF3102F214AE53DB,-3.80,-1.50,30.60,0.51,0.12,0.40,BODY
D1033BC38DC5C1E9,-1.33,-1.04,30.00,0.11,0.15,0.42,BODY
8C4F4D8FBD41C29C,1.02,-1.00,30.20,0.16,0.23,0.58,BODY
3F261E02D0CC667E,2.99,-0.91,30.40,0.16,0.20,0.54,BODY
5753332BE13EB0D7,5.32,-1.32,30.60,0.34,0.02,0.13,BODY
4C080407B248336A,-5.54,-0.95,30.00,0.55,0.14,0.42,BODY
4D563CB734A5778F,-3.34,-1.33,30.20,0.26,0.03,0.19,BODY
195D531594BA323F,-1.01,-1.28,30.40,0.16,0.21,0.53,BODY
B628A63660BEFBBF,0.91,-1.20,30.60,0.15,0.22,0.54,BODY
7CBCA101C5B4B04A,3.45,-1.25,30.00,0.15,0.27,0.60,BODY
AE723E9F3629D09C,5.76,-1.32,30.20,0.40,0.02,0.16,BODY
C1557E16767D00C8,-5.40,-1.20,30.40,0.35,0.03,0.26,BODY
C0F73639FEF62B56,-3.21,-0.99,30.60,0.06,0.09,0.31,BODY
8AFCDADA5B5BD02F,-0.85,-1.27,30.00,0.16,0.24,0.58,BODY
F339B266A0CA1B9D,1.66,-1.11,30.20,0.14,0.20,0.49,BODY
9B7110DD3B979B20,3.64,-0.93,30.40,0.19,0.29,0.61,BODY
FBF29F77CA57CAE0,6.06,-0.84,30.60,0.41,0.04,0.17,BODY
5D0FCE15AF25E028,-5.04,-1.00,30.00,0.40,0.09,0.30,BODY
93B2D88B371B0BBD,-2.63,-1.34,30.20,0.13,0.15,0.41,BODY
0875E177BD22E8B5,-0.36,-1.31,30.40,0.13,0.23,0.58,BODY
479D7A8ACE08B0AE,1.69,-1.16,30.60,0.13,0.21,0.56,BODY
464EC4064B7801A7,3.97,-0.80,30.00,0.19,0.05,0.09,BODY
8989E9702F0F6714,6.79,-0.81,30.20,0.41,0.04,0.17,BODY
9C6E5F25E89EB1E7,-4.78,-0.95,30.40,0.44,0.08,0.32,BODY
A989B32559C983D0,-2.18,-1.09,30.60,0.13,0.16,0.45,BODY
02BC877DE6612045,-0.30,-0.85,30.00,0.14,0.24,0.58,BODY
B9DBEE273853C215,2.07,-1.27,30.20,0.13,0.26,0.60,BODY
4BFC6213544C052D,4.70,-1.06,30.40,0.19,0.05,0.08,BODY
DE90F85651C9604C,6.88,-1.00,30.60,0.41,0.04,0.17,BODY
58511B5C4515FB33,-4.15,-0.94,30.00,0.37,0.06,0.28,BODY
A79861E35EB91D47,-2.26,-1.19,30.20,0.03,0.08,0.29,BODY
64D3184BE91B537F,0.49,-1.10,30.40,0.15,0.23,0.58,BODY
D295959B14CE115E,2.36,-0.69,30.60,0.16,0.29,0.61,BODY
24D602215707651D,4.98,-0.72,30.00,0.26,0.05,0.09,BODY
846AD04E597B1F15,7.54,-0.94,30.20,0.39,0.02,0.16,BODY
30126DB1AD021FD5,-4.25,-0.82,30.40,0.55,0.16,0.45,BODY
E3CB16B8B79CCE1F,-1.82,-0.67,30.60,0.09,0.09,0.32,BODY
2191092234C4D9B9,0.60,-0.61,30.00,0.15,0.23,0.57,BODY
ADD64DB570DA0BB0,2.73,-1.16,30.20,0.14,0.18,0.46,BODY
EDB57AEA5749BDA8,5.06,-0.72,30.40,0.32,0.03,0.13,BODY
51769931E1272F40,-5.89,-0.67,30.60,0.51,0.30,0.44,BODY
3F2A6D671EBE2989,-3.75,-0.74,30.00,0.55,0.16,0.42,BODY
5D57041DEC31E531,-1.21,-0.67,30.20,0.14,0.16,0.45,BODY
7F8B1CA6D8499AD1,1.06,-0.72,30.40,0.16,0.22,0.55,BODY
82734C3D6D40FCF4,3.45,-0.66,30.60,0.14,0.27,0.60,BODY
3D30DFEEF515F447,5.77,-0.95,30.00,0.40,0.02,0.15,BODY
2CF3DEF39D19A0AE,-5.58,-1.05,30.20,0.55,0.14,0.42,BODY
49D7DC466F962393,-3.21,-0.80,30.40,0.06,0.05,0.18,BODY
5AC2866492152029,-0.81,-0.78,30.60,0.14,0.22,0.58,BODY
65DBD09BCFDD3D73,1.48,-0.70,30.00,0.13,0.21,0.52,BODY
2AA6F54658E5E190,3.61,-1.09,30.20,0.15,0.13,0.29,BODY
D5E6A3A44F748D3D,6.27,-0.87,30.40,0.41,0.03,0.16,BODY
259CA051FFD0693C,-4.98,-0.70,30.60,0.42,0.09,0.32,BODY
82138EBED9013CAF,-2.92,-0.82,30.00,0.12,0.12,0.40,BODY
B32901CE763AB8FB,-0.29,-0.80,30.20,0.15,0.24,0.59,BODY
4A637182C44BC546,2.02,-0.84,30.40,0.14,0.22,0.57,BODY
75C792488E49363C,4.51,-0.76,30.60,0.16,0.06,0.09,BODY
8955845918C75156,6.57,-0.61,30.00,0.41,0.04,0.17,BODY
36EC3904DE4B6FDA,-4.61,-0.85,30.20,0.48,0.14,0.39,BODY
BA2932BBC5934725,-2.51,-0.92,30.40,0.13,0.16,0.42,BODY
505D3256898D214C,0.29,-0.55,30.60,0.16,0.24,0.58,BODY
8A3ADE3CB942A565,2.37,-0.83,30.00,0.13,0.29,0.61,BODY
C8EB867C160ABD97,4.83,-0.68,30.20,0.22,0.05,0.09,BODY
D95B249C9A909C5C,7.21,-0.51,30.40,0.41,0.04,0.16,BODY
7D5FD2612EAF52C0,-4.18,-0.79,30.60,0.48,0.08,0.35,BODY
CC8605A2AAC1AE21,-1.57,-0.47,30.00,0.05,0.07,0.31,BODY
5932DBE08D155E9F,0.84,-0.81,30.20,0.15,0.23,0.57,BODY
E5DEEEB9C9AB0EA3,2.61,-0.85,30.40,0.14,0.16,0.45,BODY
1FA978D09DD5D777,5.10,-0.86,30.60,0.32,0.03,0.13,BODY
8782B4797637E9EC,-6.06,-0.39,30.00,0.41,0.24,0.35,BODY
7C2A4839925F87C9,-3.70,-0.60,30.20,0.51,0.13,0.40,BODY
6BCA43F30E73CEB8,-1.40,-0.62,30.40,0.14,0.17,0.47,BODY
B057065DC1653E99,1.39,-0.58,30.60,0.15,0.23,0.55,BODY
7EC3EAB9F38E0B38,3.63,-0.67,30.00,0.13,0.29,0.60,BODY
ECCF5F094F7F043C,5.76,-0.61,30.20,0.42,0.04,0.18,BODY
F3ABD05F83821F71,-5.11,-0.57,30.40,0.45,0.08,0.31,BODY
DBBFB40B8BDAEC40,-3.18,-0.50,30.60,0.06,0.05,0.18,BODY
FF6858B31992CF83,-0.67,-0.60,30.00,0.15,0.23,0.58,BODY
ADD870BC8919AD3F,1.53,-0.79,30.20,0.14,0.21,0.53,BODY
3C564A370E9D96D5,3.94,-0.48,30.40,0.14,0.04,0.07,BODY
C703D8C9D8D6A8CB,6.16,-0.26,30.60,0.41,0.04,0.16,BODY
FB2DA538E27F5349,-4.86,-0.40,30.00,0.42,0.08,0.32,BODY
51D9DE9D2A3846BF,-2.60,-0.69,30.20,0.13,0.13,0.44,BODY
61B8D618DFE2093F,-0.20,-0.34,30.40,0.16,0.25,0.60,BODY
3F86CD0B6C1A1C8E,2.31,-0.46,30.60,0.16,0.26,0.60,BODY
26B74156A2FED65B,4.86,-0.55,30.00,0.21,0.05,0.08,BODY
31423D221794ED5C,7.02,-0.43,30.20,0.40,0.04,0.17,BODY
75D9C7420146EE35,-3.80,-0.49,30.40,0.37,0.05,0.28,BODY
0F21781299D88F77,-1.76,-0.16,30.60,0.05,0.09,0.31,BODY
85DC87F0E3D0F94E,0.38,-0.71,30.00,0.16,0.24,0.58,BODY
3D5ADD48B383F0B4,2.65,-0.44,30.20,0.13,0.16,0.45,BODY
8145195B8A7A668B,5.15,-0.28,30.40,0.31,0.02,0.13,BODY
7B3080CD715E52DD,-5.82,-0.24,30.60,0.61,0.47,0.58,BODY
7A30F37DE66D16A0,-3.80,-0.56,30.00,0.49,0.12,0.40,BODY
29CC53CE6B05F021,-1.05,-0.16,30.20,0.11,0.15,0.45,BODY
6CCE25B64C56AB40,0.96,-0.43,30.40,0.14,0.22,0.56,BODY
797E31B568226A10,3.52,-0.70,30.60,0.16,0.27,0.61,BODY
B9578C2A5D4FF69C,5.93,-0.51,30.00,0.42,0.03,0.16,BODY
04C48BCEC16E75F3,-5.18,-0.15,30.20,0.31,0.02,0.21,BODY
FA41310392C22EBA,-3.00,-0.43,30.40,0.06,0.05,0.17,BODY
6DE4BCEADBEE2AD6,-0.32,-0.17,30.60,0.15,0.23,0.58,BODY
BAB5B7B5AD3006DA,1.85,-0.64,30.00,0.13,0.22,0.55,BODY
63A79BD91EF33140,4.21,-0.53,30.20,0.15,0.05,0.06,BODY
C39BAFB21CCF9161,6.64,-0.33,30.40,0.41,0.04,0.16,BODY
51C11A1ABAA784FB,-4.33,-0.17,30.60,0.48,0.11,0.35,BODY
E3B9707ADD08C9A7,-1.87,-0.46,30.00,0.13,0.16,0.42,BODY
54BAD6650A5565B0,0.06,-0.52,30.20,0.16,0.24,0.59,BODY
32F44AC57850427C,2.67,-0.06,30.40,0.15,0.27,0.61,BODY
EE39AC74CE99E6E8,4.96,-0.47,30.60,0.26,0.05,0.09,BODY
AFADFC5C8D67C714,7.10,-0.16,30.00,0.40,0.02,0.16,BODY
B1D8D2F992BB56FD,-3.87,-0.15,30.20,0.55,0.13,0.41,BODY
5E091B42ADC3D95F,-1.66,-0.01,30.40,0.11,0.12,0.37,BODY
59546271A15B4743,0.91,-0.48,30.60,0.15,0.23,0.57,BODY
C10E07CA012598E8,3.19,-0.29,30.00,0.16,0.27,0.62,BODY
4D7723BF9C40E746,5.58,-0.03,30.20,0.39,0.03,0.16,BODY
9BC1AA0D884E5779,-5.20,0.06,30.40,0.58,0.16,0.42,BODY
43CF7C4CD5D9F79E,-2.72,-0.42,30.60,0.12,0.04,0.07,BODY
9ADE5133A15501E8,-0.95,-0.29,30.00,0.15,0.23,0.58,BODY
E23D15EAE437656F,1.65,0.08,30.20,0.13,0.21,0.54,BODY
0530BB6A334F5854,4.11,0.09,30.40,0.13,0.05,0.06,BODY
52C6F3C3EC6A4356,6.01,-0.04,30.60,0.42,0.04,0.16,BODY
97312037435ABEA0,-4.84,-0.30,30.00,0.52,0.13,0.39,BODY
51C15E7E446C8BF3,-1.98,-0.26,30.20,0.13,0.14,0.42,BODY
62018918913DF86B,-0.25,-0.23,30.40,0.14,0.24,0.59,BODY
D36436EBB2C7C6C0,2.43,-0.29,30.60,0.14,0.27,0.60,BODY
FF034C0CC765AB6A,4.67,-0.17,30.00,0.25,0.05,0.09,BODY
A79AD0D6BCD1C482,6.84,0.09,30.20,0.38,0.04,0.17,BODY
43EAEC3773070009,-4.00,-0.20,30.40,0.55,0.14,0.45,BODY
EE420A042E3A9B6B,-1.29,-0.02,30.60,0.09,0.11,0.35,BODY
90E3B2DC019D4B15,1.15,0.11,30.00,0.14,0.22,0.56,BODY
246D77AA6DCD07E7,3.13,-0.29,30.20,0.16,0.28,0.61,BODY
7030071B15F6C426,5.58,-0.24,30.40,0.38,0.03,0.16,BODY
C2A374EFEF606CF4,-5.29,-0.16,30.60,0.54,0.14,0.40,BODY
EE21505D864E77D5,-2.97,0.14,30.00,0.12,0.04,0.07,BODY
5B4F7935CDDFE6EA,-0.80,0.14,30.20,0.15,0.23,0.58,BODY
6339EAD50DA7F8E1,1.62,-0.26,30.40,0.13,0.22,0.55,BODY
70179180BF5C4C1A,4.31,-0.22,30.60,0.11,0.04,0.05,BODY
380EFE7C560640F1,6.21,0.03,30.00,0.42,0.04,0.16,BODY
150EE4BB307AC07C,-4.17,-0.07,30.20,0.44,0.11,0.35,BODY
B5DE1D1788AFC73C,-2.16,-0.24,30.40,0.13,0.14,0.42,BODY
1B4A124724702B89,0.17,0.28,30.60,0.13,0.25,0.58,BODY
2957854328364AEC,2.49,0.24,30.00,0.16,0.26,0.57,BODY
42021FF2A59FAE77,4.96,-0.27,30.20,0.28,0.04,0.12,BODY
F9229E6FB7289DA3,7.30,0.05,30.40,0.42,0.32,0.39,BODY
7966631423973F8C,-3.22,-0.25,30.60,0.52,0.16,0.39,BODY
7E7D31C25CD7F76B,-1.37,0.08,30.00,0.11,0.14,0.40,BODY
43536D62FD66C574,1.30,0.12,30.20,0.14,0.22,0.56,BODY
01003AF837F9C97E,3.39,-0.15,30.40,0.19,0.27,0.58,BODY
4DD3FBDF2D917AAD,5.63,0.16,30.60,0.42,0.04,0.18,BODY
BB958A52E06E83B2,-5.22,0.19,30.00,0.41,0.10,0.31,BODY
0C4643D76F05A578,-2.74,0.15,30.20,0.08,0.04,0.15,BODY
67D0B88BE9C750BC,-0.08,0.34,30.40,0.14,0.24,0.59,BODY
368DD0F264EAB5D0,1.90,-0.16,30.60,0.15,0.27,0.60,BODY
C8EB566483B825C9,4.07,-0.15,30.00,0.18,0.05,0.09,BODY
3C000C8DC9CC864C,6.81,0.23,30.20,0.39,0.05,0.16,BODY
1F349FB2579E8F19,-3.84,0.37,30.40,0.39,0.08,0.29,BODY
67EA6049266B841F,-1.99,0.10,30.60,0.08,0.10,0.35,BODY
06AF4BB5F7BA3BE2,0.72,0.41,30.00,0.13,0.24,0.58,BODY
BE13D6E5D447F3B7,2.74,-0.08,30.20,0.13,0.27,0.58,BODY
5D018905295E5774,5.14,0.17,30.40,0.38,0.02,0.15,BODY
197ECF1044A25E8D,-5.15,0.13,30.60,0.58,0.14,0.45,BODY
FA1AC90A5AFD5D35,-2.87,0.28,30.00,0.14,0.05,0.06,BODY
852D50E309A98D30,-0.84,0.36,30.20,0.14,0.24,0.59,BODY
325B52D0E8CE8FBF,1.88,0.40,30.40,0.15,0.23,0.57,BODY
0275FB33DC0B2947,3.97,0.17,30.60,0.13,0.03,0.05,BODY
7874E48C0077BE2B,6.31,0.14,30.00,0.42,0.05,0.18,BODY
3FC962B0CF0E6C8D,-4.60,0.29,30.20,0.52,0.14,0.39,BODY
433746BE676E9C31,-2.13,0.14,30.40,0.12,0.13,0.40,BODY
A4E6263AD117D881,0.35,0.55,30.60,0.14,0.24,0.59,BODY
1A5E85CB2F634BB0,2.73,0.32,30.00,0.12,0.20,0.51,BODY
64B95AC9FA1ED38C,5.05,0.05,30.20,0.30,0.04,0.12,BODY
630E03C5F87AF9A7,-5.84,0.23,30.40,0.42,0.23,0.36,BODY
0BB9012274C2AAE3,-3.26,0.07,30.60,0.19,0.03,0.09,BODY
F2EADAF27CFA8521,-1.14,0.49,30.00,0.16,0.22,0.52,BODY
CAA2263C06EFE3E0,1.35,0.17,30.20,0.13,0.22,0.56,BODY
E12B558C14FDEE9B,3.68,0.21,30.40,0.12,0.04,0.08,BODY
AAF6EED2A86B35C1,5.75,0.28,30.60,0.42,0.04,0.18,BODY
96EFB3B5A412515C,-4.85,0.35,30.00,0.43,0.08,0.32,BODY
E34A52FB343614AD,-2.17,0.30,30.20,0.07,0.10,0.30,BODY
03BD400402C2974B,-0.02,0.43,30.40,0.14,0.24,0.59,BODY
38F21E1DA5107691,2.06,0.51,30.60,0.15,0.28,0.64,BODY
30F518B13D3F1D34,4.72,0.45,30.00,0.27,0.04,0.12,BODY
A5B78460EBC4C8D2,7.17,0.12,30.20,0.34,0.14,0.24,BODY
1131CF2EB49CFB55,-3.41,0.56,30.40,0.51,0.13,0.38,BODY
6C9D909406837E6C,-1.09,0.25,30.60,0.09,0.14,0.39,BODY
BEDBF18814CB2154,0.85,0.41,30.00,0.15,0.23,0.58,BODY
22F40D22DC2381C8,3.27,0.52,30.20,0.16,0.16,0.39,BODY
6F55BCC2D557C41A,5.86,0.30,30.40,0.42,0.05,0.16,BODY
365B7F018941E8BF,-4.41,0.47,30.60,0.48,0.13,0.39,BODY
5A3D40A76630CA13,-2.11,0.63,30.00,0.08,0.05,0.17,BODY
9844ACE5F573C1D4,0.21,0.63,30.20,0.14,0.25,0.60,BODY
1479F528F9FC024A,2.00,0.31,30.40,0.14,0.27,0.61,BODY
448F652824BE00F6,4.35,0.65,30.60,0.26,0.03,0.09,BODY
3D17F92D5E12FFFB,6.77,0.25,30.00,0.39,0.03,0.19,BODY
E2093A1FA4E5DD3E,-3.32,0.30,30.20,0.55,0.17,0.39,BODY
201EB73CBF6DF7FC,-1.28,0.72,30.40,0.09,0.14,0.39,BODY
14AB35D3EE9D53B4,1.39,0.21,30.60,0.14,0.22,0.58,BODY
B1F0AC0C802D22D6,3.73,0.73,30.00,0.16,0.16,0.39,BODY
107095B3DEED94D7,5.96,0.66,30.20,0.42,0.04,0.18,BODY
B5224291FCA53076,-4.61,0.26,30.40,0.48,0.13,0.39,BODY
DEC937D1ADC91009,-2.43,0.80,30.60,0.08,0.05,0.17,BODY
140F4BDF74FD9A9B,0.16,0.46,30.00,0.14,0.24,0.59,BODY
90C280686E3E342D,2.13,0.29,30.20,0.14,0.27,0.61,BODY
130E9424F928138D,4.61,0.54,30.40,0.28,0.03,0.12,BODY
FC56DB066CAE1390,6.71,0.40,30.60,0.48,0.27,0.35,BODY
47670802E79FDD81,-3.46,0.76,30.00,0.42,0.14,0.32,BODY
97EB919BAEF2BA53,-1.39,0.65,30.20,0.12,0.13,0.38,BODY
F5D06B076E1CBFEF,1.33,0.88,30.40,0.14,0.23,0.58,BODY
FBC6C89A23FE4ABD,3.37,0.46,30.60,0.09,0.03,0.13,BODY
88EF77114FB2E002,5.92,0.69,30.00,0.42,0.04,0.18,BODY
9CA4BA9CA1E355EC,-4.45,0.41,30.20,0.52,0.16,0.42,BODY
A9F8C0E6F2B49A8C,-2.09,0.38,30.40,0.07,0.08,0.24,BODY
896101E476F455A4,0.46,0.64,30.60,0.13,0.25,0.58,BODY
B992EEE799CA50B9,2.72,0.43,30.00,0.14,0.23,0.58,BODY
E4558C2970E7D01C,5.11,0.35,30.20,0.32,0.03,0.13,BODY
0D995E82E9365139,-5.57,0.98,30.40,0.53,0.14,0.42,BODY
79BD7EE1EC179FC6,-3.02,0.78,30.60,0.16,0.05,0.07,BODY
58044C9E358DE34F,-0.62,0.47,30.00,0.16,0.24,0.58,BODY
17D2D9F12FFD71A6,1.58,0.92,30.20,0.14,0.23,0.58,BODY
2B2014F025840D99,3.99,0.98,30.40,0.15,0.04,0.07,BODY
95D41FA20D35A83E,5.94,0.73,30.60,0.42,0.05,0.17,BODY
1DE57B22AE450A53,-4.21,0.46,30.00,0.34,0.06,0.28,BODY
1B95B3DAF91826EE,-1.76,0.72,30.20,0.13,0.15,0.43,BODY
DC1B18A1E9C7DC53,0.52,0.60,30.40,0.14,0.24,0.58,BODY
D242BD588308B7EF,2.90,0.61,30.60,0.15,0.29,0.61,BODY
7ECD02CB1F8B80EE,5.41,0.99,30.00,0.38,0.02,0.15,BODY
CC6215E93743D048,-5.12,0.83,30.20,0.58,0.16,0.48,BODY
80AABC7C76EE039A,-2.82,0.92,30.40,0.15,0.04,0.07,BODY
AFE48CD5EF0F386C,-0.54,0.81,30.60,0.13,0.25,0.60,BODY
BB3D4AE8F2443A25,1.86,0.53,30.00,0.16,0.29,0.61,BODY
03AF4158C836D3B6,4.25,0.66,30.20,0.16,0.05,0.08,BODY
EFCF7163AE7C1100,6.28,0.83,30.40,0.43,0.02,0.16,BODY
7B2FE31D475B7900,-4.01,1.11,30.60,0.53,0.13,0.41,BODY
04868E6763A88612,-1.74,1.09,30.00,0.13,0.15,0.41,BODY
D44C0CABAA2BD8A1,0.88,0.80,30.20,0.14,0.24,0.58,BODY
656DA801FD993A0E,2.97,0.88,30.40,0.16,0.27,0.61,BODY
3FEA6BB6020919D2,5.37,0.59,30.60,0.41,0.04,0.18,BODY
B06E8F1CB6E26962,-4.86,1.19,30.00,0.42,0.09,0.32,BODY
DCF6EA49B3E4E81C,-2.20,0.85,30.20,0.19,0.06,0.06,BODY
666631576F20EA76,0.11,1.02,30.40,0.13,0.25,0.61,BODY
4F353BD68BD36DC9,2.10,1.14,30.60,0.15,0.27,0.61,BODY
B51B606587B16431,4.43,1.17,30.00,0.24,0.05,0.09,BODY
D273C98A550F4F85,7.13,1.10,30.20,0.51,0.26,0.38,BODY
7CB6454AE02A0C0C,-3.58,0.67,30.40,0.36,0.10,0.24,BODY
15BA35BDC7C6FDE3,-1.25,1.08,30.60,0.09,0.14,0.42,BODY
D5692FE778F9D142,1.43,1.21,30.00,0.14,0.24,0.58,BODY
7721AE25D0CE4C6D,3.40,1.24,30.20,0.13,0.04,0.06,BODY
4684FD670C1C085E,5.77,0.98,30.40,0.42,0.05,0.18,BODY
A8AC4079645C1599,-4.16,0.87,30.60,0.39,0.03,0.29,BODY
5B67518B42FE62DD,-2.09,0.98,30.00,0.03,0.08,0.19,BODY
2192F2AE34624E57,0.70,1.21,30.20,0.13,0.25,0.58,BODY
EAA93B9B7793D3F6,2.53,1.28,30.40,0.16,0.29,0.61,BODY
69045B857217CA52,4.85,0.99,30.60,0.36,0.02,0.15,BODY
70EFF37AB9BF8869,-4.79,0.84,30.00,0.49,0.11,0.38,BODY
4A7F782F0674C599,-2.59,0.94,30.20,0.13,0.02,0.06,BODY
E79224D1C7B643E0,-0.58,1.16,30.40,0.13,0.25,0.60,BODY
C064F8E04F0E7AB9,1.92,0.95,30.60,0.16,0.29,0.61,BODY
16503393E4C3ECCE,4.51,0.79,30.00,0.19,0.05,0.09,BODY
5345DBE9AC3B1000,6.45,0.95,30.20,0.42,0.04,0.18,BODY
CD6E640555CDD102,-3.42,0.86,30.40,0.51,0.13,0.38,BODY
81A46719DD49C553,-1.20,0.97,30.60,0.08,0.09,0.33,BODY
F766B3BE868C24DD,1.03,1.30,30.00,0.14,0.24,0.58,BODY
862238B04B31133E,3.17,1.14,30.20,0.13,0.05,0.14,BODY
D169CBE68C82D578,5.99,1.38,30.40,0.41,0.05,0.18,BODY
2C9687C8F47E8213,-4.07,0.89,30.60,0.39,0.03,0.29,BODY
58934497B6EC401F,-1.96,1.34,30.00,0.05,0.05,0.13,BODY
46A1B2A8389A884F,0.63,1.06,30.20,0.13,0.25,0.58,BODY
07B0A0CEFEF98CC9,2.69,1.22,30.40,0.16,0.29,0.61,BODY
5DF258A989D3D016,5.00,0.88,30.60,0.36,0.02,0.15,BODY
79EB90DB29524E59,-5.09,1.07,30.00,0.40,0.07,0.33,BODY
B57A3E9BFA7377EF,-2.88,1.49,30.20,0.16,0.05,0.06,BODY
A9242742D213FF2B,-0.24,1.37,30.40,0.13,0.25,0.60,BODY
4CAC1C429A7C42F9,1.95,1.47,30.60,0.14,0.27,0.61,BODY
38C87D3AE33F6AF0,4.09,0.99,30.00,0.21,0.05,0.08,BODY
CB788B9D6DD73858,6.84,1.20,30.20,0.35,0.15,0.21,BODY
86B69054C34E9902,-3.35,1.30,30.40,0.48,0.13,0.35,BODY
E53C5426733045B5,-1.18,1.09,30.60,0.11,0.12,0.35,BODY
1490EDA4C1BE52FE,0.97,1.02,30.00,0.13,0.25,0.58,BODY
0128D107DFB447C0,3.64,1.01,30.20,0.13,0.03,0.06,BODY
1308F9AFD5F826BF,6.17,1.14,30.40,0.42,0.05,0.17,BODY
F96EFEFD15DE157E,-3.97,1.19,30.60,0.35,0.07,0.28,BODY
F791C9455C7A773A,-1.62,1.15,30.00,0.04,0.06,0.20,BODY
9CC944704E296126,0.55,1.36,30.20,0.13,0.25,0.59,BODY
9366DCCF336CEE81,3.12,1.26,30.40,0.13,0.27,0.61,BODY
9A1958DBF0EE1AFF,5.04,1.08,30.60,0.40,0.03,0.17,BODY
E9F42E698698D588,-4.85,1.19,30.00,0.32,0.03,0.22,BODY
BEEBA2C3EC047EDA,-2.18,1.51,30.20,0.18,0.05,0.12,BODY
E56A770FE49CFBDD,0.05,1.61,30.40,0.13,0.25,0.60,BODY
6B9FA3F953D4E767,2.29,1.36,30.60,0.16,0.29,0.61,BODY
1FED43AD0F6DB6AA,4.51,1.47,30.00,0.26,0.05,0.13,BODY
F1AA408762DA6958,-5.57,1.41,30.20,0.51,0.15,0.41,BODY
47E070716BCBA62F,-3.38,1.23,30.40,0.18,0.05,0.07,BODY
4ACFD326397302F6,-1.00,1.22,30.60,0.15,0.21,0.51,BODY
4CF5098E8F5ADB88,1.31,1.18,30.00,0.13,0.24,0.59,BODY
741DB96924C89CC1,3.63,1.35,30.20,0.14,0.05,0.06,BODY
F9B257676340450D,6.13,1.59,30.40,0.42,0.04,0.18,BODY
8A28EB1549AFC7CD,-3.89,1.66,30.60,0.48,0.11,0.39,BODY
833FB3B3D92DF139,-1.56,1.30,30.00,0.03,0.08,0.26,BODY
80ED3BD37D8CC5BA,0.70,1.33,30.20,0.15,0.24,0.60,BODY
372DC81FA02AA95C,3.19,1.63,30.40,0.15,0.14,0.34,BODY
67DAA11723E7F79C,5.88,1.35,30.60,0.42,0.05,0.19,BODY
87F6DFBB5E600E22,-4.24,1.72,30.00,0.39,0.08,0.29,BODY
61F0C4EA16B3E211,-1.98,1.70,30.20,0.16,0.05,0.06,BODY
384842FA9AA64620,0.25,1.73,30.40,0.13,0.25,0.59,BODY
BD7DC3FB9BF3DA21,2.96,1.60,30.60,0.13,0.27,0.61,BODY
5E5D6F60E6616800,5.28,1.35,30.00,0.38,0.02,0.16,BODY
6CC3C19C802446E4,-4.92,1.65,30.20,0.34,0.06,0.27,BODY
E3AACAA358111E1E,-2.61,1.52,30.40,0.22,0.05,0.09,BODY
4B5FB2C1895FD384,-0.18,1.63,30.60,0.13,0.25,0.60,BODY
3CAE47AE6B4FB674,2.09,1.49,30.00,0.16,0.29,0.61,BODY
2E3BBE22D718C0F5,4.83,1.60,30.20,0.27,0.05,0.12,BODY
3ACED26FE442EBB0,-5.22,1.74,30.40,0.58,0.14,0.45,BODY
9A9BDF5979E14F2C,-2.84,1.73,30.60,0.17,0.05,0.08,BODY
092C2CEA45BA2C83,-0.68,1.52,30.00,0.16,0.24,0.58,BODY
647427FAA6AE65B8,1.77,1.51,30.20,0.14,0.29,0.60,BODY
7D42BBBA2C74E800,3.85,1.49,30.40,0.18,0.05,0.08,BODY
B27ACF119465D9D5,6.26,1.48,30.60,0.38,0.14,0.24,BODY
C06819417CCCBD35,-3.05,1.69,30.00,0.28,0.06,0.19,BODY
FE86118C5A13F6E4,-0.78,1.89,30.20,0.13,0.11,0.37,BODY
AD44546AD9A30D65,1.61,1.36,30.40,0.13,0.25,0.58,BODY
95FA857162EF50FF,3.73,1.47,30.60,0.14,0.05,0.05,BODY
2D1B0F4CF6BA8795,5.81,1.64,30.00,0.42,0.04,0.19,BODY
D7FBA82E8933847B,-3.54,1.51,30.20,0.51,0.13,0.40,BODY
B09AFC9D024AD554,-1.19,1.49,30.40,0.06,0.09,0.29,BODY
58B52ADD240F0628,0.73,1.60,30.60,0.13,0.25,0.61,BODY
42A705DF17E41DD9,3.05,1.92,30.00,0.19,0.18,0.40,BODY
2CA7DF4C195DA443,5.74,1.61,30.20,0.41,0.04,0.18,BODY
A5317EC3E0EE2221,-4.13,1.62,30.40,0.35,0.05,0.28,BODY
AE9982A3763F38D2,-1.90,1.79,30.60,0.16,0.05,0.06,BODY
9287DF335274E34E,0.50,1.97,30.00,0.13,0.24,0.60,BODY
4FE6D48DD4184DAF,2.86,1.89,30.20,0.16,0.27,0.65,BODY
74388A3A277AFE8F,5.25,1.64,30.40,0.40,0.02,0.16,BODY
91E2E211C0D3AB6B,-4.30,1.62,30.60,0.45,0.11,0.35,BODY
DE58B03B632E19AB,-2.33,1.68,30.00,0.22,0.05,0.09,BODY
72971190CED7DF34,0.45,1.91,30.20,0.13,0.19,0.45,BODY
C5E26F87A240A422,2.71,1.98,30.40,0.13,0.27,0.60,BODY
0FF8A11E31DD1C7A,4.74,1.82,30.60,0.34,0.02,0.15,BODY
0F56D2E33AE3A996,-4.82,2.03,30.00,0.29,0.03,0.22,BODY
F24677DE12701534,-2.63,1.95,30.20,0.19,0.06,0.09,BODY
3908227AA4904CCB,-0.07,1.74,30.40,0.24,0.19,0.31,BODY
9ECBA509744A9511,2.30,2.00,30.60,0.14,0.27,0.61,BODY
473F23AF08525214,4.69,2.00,30.00,0.28,0.05,0.12,BODY
1E28332E6D776AA9,-4.82,1.95,30.20,0.58,0.14,0.45,BODY
A993A11E1E60382B,-2.48,1.96,30.40,0.19,0.05,0.09,BODY
896BCDCBD2580304,-0.66,1.81,30.60,0.42,0.30,0.35,BODY
3641B4BDC9D7B07A,1.79,1.64,30.00,0.29,0.35,0.59,BODY
9FC49988843A039E,4.26,2.02,30.20,0.21,0.04,0.09,BODY
A09AEB7DDA83F750,-5.51,1.88,30.40,0.53,0.29,0.45,BODY
AFCAE8A14EAAEBFE,-2.83,1.73,30.60,0.20,0.05,0.08,BODY
28A8EE17F9AAAD3B,-0.73,1.71,30.00,0.19,0.24,0.36,BODY
A3ED2D5164575FE1,1.47,2.03,30.20,0.30,0.29,0.51,BODY
F1C25DDBDC5BBC1C,4.00,2.24,30.40,0.13,0.05,0.04,BODY
21644650537D0385,6.21,2.19,30.60,0.41,0.05,0.20,BODY
28C581EFAA44FBB9,-3.38,2.08,30.00,0.22,0.03,0.13,BODY
EDFD23AB6663B3B6,-1.11,1.85,30.20,0.16,0.25,0.39,BODY
E4C8E0A34273789D,1.22,1.91,30.40,0.32,0.27,0.39,BODY
75B97E35A2BF1BF3,3.49,2.05,30.60,0.15,0.06,0.06,BODY
9B013F5CC33E517D,6.14,2.18,30.00,0.42,0.04,0.19,BODY
2ACE27277ED8170E,-3.35,2.01,30.20,0.55,0.14,0.39,BODY
0AF485CF9E189A71,-1.06,1.98,30.40,0.25,0.38,0.45,BODY
C3D05705B374D4C6,1.47,2.07,30.60,0.26,0.17,0.39,BODY
527DAEA3F5146D0E,3.68,2.05,30.00,0.16,0.06,0.07,BODY
F6598E289E6655DE,5.98,2.10,30.20,0.40,0.04,0.19,BODY
8E2DD85511BF146E,-3.82,1.91,30.40,0.48,0.09,0.35,BODY
EE43732BAD881085,-1.07,2.13,30.60,0.21,0.28,0.32,BODY
B273E83C0C350012,1.28,1.96,30.00,0.65,0.52,0.54,BODY
16073ACBB215EF89,3.63,2.17,30.20,0.16,0.06,0.07,BODY
A5BDE35886B2D9C7,5.72,1.98,30.40,0.41,0.04,0.18,BODY
02D616EAC9B6AE19,-3.65,2.39,30.60,0.53,0.13,0.40,BODY
6D6EE2D5AB03D47C,-1.36,2.06,30.00,0.29,0.38,0.42,BODY
96120EC705AC14A1,1.20,2.12,30.20,0.91,0.65,0.55,BODY
74510729DD55726B,3.09,2.20,30.40,0.14,0.06,0.13,BODY
F84558F9C28AFB5E,5.68,1.99,30.60,0.41,0.04,0.18,BODY
6A7E4A588CEB1D99,-3.54,2.48,30.00,0.55,0.14,0.42,BODY
F8BA6987836457B2,-1.21,2.32,30.20,0.22,0.32,0.35,BODY
7F399F1615A856B5,1.01,2.33,30.40,0.99,0.73,0.64,BODY
5E490259A23477F0,2.93,2.44,30.60,0.19,0.13,0.13,BODY
62E22F301AC7B222,5.63,2.24,30.00,0.40,0.04,0.17,BODY
756DF6B56C231274,-3.74,2.55,30.20,0.55,0.16,0.42,BODY
4D6EAC4B269429CD,-1.73,2.05,30.40,0.22,0.32,0.35,BODY
CD21645ACB9C2998,0.92,2.47,30.60,0.99,0.73,0.60,BODY
336A2D965CDC3457,3.00,2.01,30.00,0.19,0.13,0.13,BODY
ADB517397B968F72,5.22,2.04,30.20,0.40,0.04,0.17,BODY
6E9DBC73AAB8DEA7,-3.72,2.43,30.40,0.55,0.16,0.42,BODY
9487C9B5EB7F2A97,-1.51,2.27,30.60,0.22,0.32,0.35,BODY
4CE3C24AA63D12E7,0.92,2.56,30.00,0.99,0.73,0.60,BODY
430B23F47F8AD454,2.98,2.02,30.20,0.16,0.10,0.09,BODY
CD870E7CF085443B,5.55,2.40,30.40,0.41,0.02,0.16,BODY
B9B73BFA573A4D86,-4.10,2.41,30.60,0.55,0.16,0.42,BODY
723F352E2103387E,-1.75,2.11,30.00,0.22,0.32,0.35,BODY
BB5C91D5BC9B0CD9,0.96,2.15,30.20,0.98,0.72,0.59,BODY
1A83BC800EA1673A,2.89,2.18,30.40,0.13,0.07,0.06,BODY
70B56E8CA14BBEE1,5.42,2.50,30.60,0.40,0.04,0.17,BODY
DB17485B895C4DFC,-3.86,2.38,30.00,0.52,0.14,0.42,BODY
45BE25E945C7635B,-1.45,2.16,30.20,0.29,0.46,0.48,BODY
691BF5901CE271B9,0.45,2.68,30.40,0.98,0.75,0.60,BODY
0CA1100AA7CC51FF,3.37,2.56,30.60,0.13,0.08,0.06,BODY
F2940C8D6A8A1303,5.18,2.65,30.00,0.39,0.03,0.16,BODY
E57DEA7DF7E5DDDF,-4.10,2.57,30.20,0.55,0.14,0.42,BODY
D279969063F83F81,-1.43,2.33,30.40,0.48,0.66,0.70,BODY
2FB4B5722445715E,0.92,2.31,30.60,0.99,0.78,0.64,BODY
C72BEE7E223535CA,3.11,2.37,30.00,0.14,0.07,0.06,BODY
5F09CC5C1F65AA7E,5.56,2.32,30.20,0.40,0.02,0.16,BODY
43FB981051C75365,-3.70,2.27,30.40,0.48,0.11,0.37,BODY
85322F748A8FF1EE,-1.11,2.51,30.60,0.65,0.84,0.87,BODY
E27D84CE395C31CD,0.87,2.27,30.00,0.96,0.71,0.59,BODY
54126B2AC641305F,3.15,2.48,30.20,0.16,0.06,0.06,BODY
6FDAF2C0910DD064,5.50,2.65,30.40,0.41,0.02,0.16,BODY
8DBF229086572C39,-3.46,2.75,30.60,0.51,0.15,0.40,BODY
A444F15379D03499,-1.36,2.67,30.00,0.61,0.83,0.84,BODY
F599696F96F6ED92,1.17,2.51,30.20,0.91,0.67,0.54,BODY
8ED86A1BE16C7DE7,3.60,2.32,30.40,0.16,0.05,0.06,BODY
A5CCD899F5C46CD6,6.01,2.50,30.60,0.39,0.04,0.18,BODY
D40510154798968D,-3.26,2.65,30.00,0.34,0.09,0.25,BODY
681ADAB88B209B2C,-0.98,2.69,30.20,0.65,0.81,0.81,BODY
E5BFAC62A343EED6,1.31,2.39,30.40,0.97,0.73,0.58,BODY
9BAC7FF3107C7C2C,3.35,2.56,30.60,0.19,0.06,0.06,BODY
074EA414E816CB31,5.72,2.80,30.00,0.40,0.04,0.18,BODY
C1AAB6EE888773E6,-3.30,2.53,30.20,0.22,0.05,0.09,BODY
A569026333BC7E51,-0.53,2.77,30.40,0.24,0.27,0.34,BODY
B65AEE3D928821DE,1.77,2.38,30.60,0.89,0.67,0.54,BODY
CDE50BEC8A900DB6,3.80,2.84,30.00,0.13,0.02,0.03,BODY
96E907E466FD0453,-5.20,2.55,30.20,0.58,0.27,0.48,BODY
A9492E52337AD9AF,-2.82,2.61,30.40,0.24,0.05,0.09,BODY
7F5BFA7BD368C482,-0.30,2.58,30.60,0.09,0.07,0.24,BODY
AE2E5275AC479402,1.76,2.66,30.00,0.49,0.37,0.38,BODY
52806CDBDE00FF2B,3.96,2.93,30.20,0.16,0.05,0.09,BODY
645F5F0C6AF1EBD3,-4.72,2.92,30.40,0.56,0.15,0.43,BODY
B30F81FFFF3D8910,-2.66,2.56,30.60,0.18,0.18,0.22,BODY
188C8E76275AF5B6,-0.47,2.69,30.00,0.13,0.16,0.35,BODY
FA34F738AFD260FC,1.89,3.03,30.20,0.49,0.39,0.34,BODY
4128466900AB3261,4.24,2.52,30.40,0.24,0.05,0.11,BODY
F1DF0591769597E5,-4.56,3.01,30.60,0.32,0.05,0.24,BODY
1CCF149EA1F78DA5,-2.32,2.61,30.00,0.35,0.54,0.55,BODY
10C18C25CE0C7BE5,0.31,2.70,30.20,0.16,0.18,0.48,BODY
818A6017DBEA2F17,2.30,2.99,30.40,0.02,0.02,0.02,BODY
ED3EB6B84409E8B7,4.91,2.51,30.60,0.35,0.02,0.13,BODY
5F46157A419FF400,-4.39,2.92,30.00,0.40,0.08,0.32,BODY
FD66F3A1908C9DD2,-2.10,2.84,30.20,0.61,0.83,0.81,BODY
50ECBD9A6EFB941C,0.43,3.09,30.40,0.16,0.19,0.45,BODY
649E0113B06ECD34,2.56,2.65,30.60,0.03,0.02,0.03,BODY
302523FB30165EED,4.93,2.63,30.00,0.38,0.02,0.15,BODY
9F6353032B395ADB,-3.88,2.65,30.20,0.52,0.14,0.42,BODY
EE2316799A0F4FD2,-1.37,2.61,30.40,0.64,0.83,0.84,BODY
048829D0FAE72E55,0.60,2.97,30.60,0.22,0.19,0.35,BODY
1BC4C566CCCCE876,3.17,3.13,30.00,0.14,0.05,0.06,BODY
2AC13F105B13B51F,5.26,2.82,30.20,0.40,0.02,0.16,BODY
CA9E0CD6CBC8F4E1,-3.08,2.98,30.40,0.29,0.06,0.16,BODY
22572303B9B81DC9,-1.05,3.15,30.60,0.13,0.09,0.13,BODY
CD3BC37DCBC8366A,1.39,2.65,30.00,0.42,0.32,0.19,BODY
DC9D80B51DA3C498,3.78,2.93,30.20,0.16,0.06,0.06,BODY
CE488EDB3AF8E721,6.13,3.24,30.40,0.52,0.30,0.42,BODY
D71B0818DA511BF2,-2.77,2.72,30.60,0.16,0.28,0.29,BODY
E0BF53A1FD532E70,-0.30,2.84,30.00,0.14,0.04,0.05,BODY
FF99F637020D399F,1.73,2.78,30.20,0.13,0.09,0.06,BODY
9734950D452DFA17,4.18,2.93,30.40,0.16,0.05,0.06,BODY
8268B2593CCD1531,-4.84,2.93,30.60,0.35,0.06,0.26,BODY
0CFECE9FEDF785BC,-2.04,3.12,30.00,0.48,0.67,0.71,BODY
811A0BB1A18C0A64,-0.13,3.31,30.20,0.20,0.18,0.24,BODY
80CC0B5C580FE356,2.54,3.05,30.40,0.03,0.03,0.03,BODY
090B258622B5F0CC,4.73,3.20,30.60,0.31,0.02,0.13,BODY
F38A4C5B5AF77453,-4.14,3.07,30.00,0.35,0.05,0.26,BODY
E4EFF2D40A3C3070,-1.74,3.19,30.20,0.60,0.83,0.85,BODY
E60EDC4BDE99FBCC,0.25,3.27,30.40,0.29,0.24,0.13,BODY
F234452F05FF6952,2.85,3.04,30.60,0.02,0.02,0.02,BODY
6C9C6402688505A1,5.37,3.23,30.00,0.39,0.02,0.16,BODY
66D3674FBA95AD91,-3.35,2.96,30.20,0.52,0.14,0.39,BODY
9495BF2D63F5F34C,-1.10,3.39,30.40,0.16,0.05,0.09,BODY
241B0A04A898C45D,1.33,3.40,30.60,0.13,0.09,0.09,BODY
A61324C33B4F81F6,3.21,3.43,30.00,0.16,0.05,0.06,BODY
833419727BA6D679,6.01,2.87,30.20,0.32,0.11,0.19,BODY
5C66522B893348C7,-2.96,2.98,30.40,0.22,0.39,0.40,BODY
F57FF018D636203A,-0.56,3.25,30.60,0.17,0.04,0.08,BODY
34E50AE111194CC1,1.88,3.39,30.00,0.03,0.04,0.05,BODY
CEB2292C0377F86E,4.11,2.98,30.20,0.14,0.04,0.04,BODY
07C0E2D22E9E3A75,-4.54,3.33,30.40,0.35,0.05,0.25,BODY
27AE58828EAEFDC1,-2.02,3.51,30.60,0.58,0.77,0.80,BODY
4C920E4DCF47866C,0.19,3.43,30.00,0.22,0.16,0.14,BODY
5EFE4A51BFD30AD9,2.27,3.48,30.20,0.03,0.02,0.03,BODY
4E538B5FEA81282A,4.65,3.29,30.40,0.32,0.03,0.13,BODY
2E7FD4AF80EE1C18,-3.85,3.17,30.60,0.46,0.12,0.35,BODY
770FB2C70E45DB4C,-1.43,3.42,30.00,0.51,0.56,0.59,BODY
6DA48ADC7E5096AE,0.96,3.56,30.20,0.04,0.04,0.04,BODY
DB0381973529C286,3.13,3.21,30.40,0.11,0.04,0.07,BODY
779B246097D38549,5.20,3.60,30.60,0.38,0.02,0.15,BODY
BAC714C2AC8918D2,-3.00,3.62,30.00,0.29,0.25,0.32,BODY
0B92D51948C2C368,-0.61,3.15,30.20,0.22,0.05,0.09,BODY
660683B026AB8516,1.12,3.09,30.40,0.04,0.04,0.05,BODY
B2839EBF59B6AD0E,3.91,3.28,30.60,0.11,0.04,0.04,BODY
0663D6F89C0232FE,-5.03,3.42,30.00,0.58,0.14,0.45,BODY
5A54619F1B1131EF,-2.36,3.42,30.20,0.57,0.75,0.76,BODY
37533BCB851780F0,0.11,3.18,30.40,0.07,0.02,0.04,BODY
1A63E2E4FACA0603,1.98,3.10,30.60,0.03,0.02,0.03,BODY
B1B9BB1735B7D4D3,4.78,3.44,30.00,0.22,0.05,0.09,BODY
FF63A473AD4F9EF4,-4.03,3.64,30.20,0.42,0.06,0.29,BODY
C98D2D99FB710B78,-1.49,3.55,30.40,0.36,0.29,0.35,BODY
D1A72564984C995C,0.40,3.28,30.60,0.02,0.02,0.03,BODY
EDF2FC6D8C5EB673,2.91,3.67,30.00,0.03,0.03,0.03,BODY
ACAFE927E1077DE8,5.33,3.33,30.20,0.35,0.02,0.15,BODY
0C16977C137089F4,-3.05,3.36,30.40,0.25,0.40,0.40,BODY
948389EFAFEC11DD,-1.03,3.48,30.60,0.21,0.05,0.09,BODY
D93E148CA8D700FF,1.47,3.33,30.00,0.03,0.02,0.04,BODY
0C57D4ABFD4A6BF2,4.04,3.26,30.20,0.11,0.04,0.04,BODY
11E70494D69FD131,-4.70,3.82,30.40,0.39,0.09,0.32,BODY
FC61D5A24E0D2CF4,-2.10,3.35,30.60,0.65,0.84,0.84,BODY
25FAA51CF3B227D9,0.02,3.62,30.00,0.07,0.06,0.08,BODY
36026F65C8897314,2.52,3.30,30.20,0.03,0.02,0.03,BODY
9443D0D5DFBA2FC7,4.89,3.53,30.40,0.27,0.04,0.12,BODY
B328C7082F38D696,-3.93,3.68,30.60,0.44,0.10,0.34,BODY
85B72571E576F547,-1.30,3.88,30.00,0.24,0.05,0.12,BODY
226251CB3006AA1F,1.25,3.75,30.20,0.02,0.03,0.03,BODY
589B36082CF631B7,3.39,3.36,30.40,0.13,0.05,0.06,BODY
D0DAA736335363AE,5.32,3.65,30.60,0.28,0.16,0.21,BODY
C2421154C94DBF83,-3.08,3.77,30.00,0.57,0.74,0.76,BODY
560896BA05C8452E,-0.32,3.56,30.20,0.17,0.05,0.07,BODY
3CD211004D073861,2.04,3.84,30.40,0.02,0.03,0.03,BODY
16438B1F1E54FF6D,4.49,3.52,30.60,0.13,0.05,0.06,BODY
68326B5CB40A006F,-4.22,3.62,30.00,0.34,0.05,0.27,BODY
1D39B921445689C0,-1.81,3.40,30.20,0.22,0.13,0.19,BODY
68D03BFE23130803,0.35,3.44,30.40,0.02,0.03,0.03,BODY
F802453FD07955C2,3.02,3.42,30.60,0.09,0.16,0.13,BODY
9B992640CE982915,4.88,3.42,30.00,0.33,0.02,0.15,BODY
E424094C184FB3F5,-3.15,3.65,30.20,0.35,0.53,0.55,BODY
287B85A5562B4418,-0.60,3.79,30.40,0.21,0.05,0.09,BODY
3B2A221EFD96C0C3,1.66,4.00,30.60,0.02,0.03,0.03,BODY
AC5B7746AC6FE59D,3.71,3.54,30.00,0.08,0.04,0.04,BODY
B38D60C9A68CE211,-4.74,3.67,30.20,0.32,0.02,0.26,BODY
D52894F6F98DE0D1,-2.13,3.66,30.40,0.68,0.83,0.84,BODY
8E7B4EB5E5A03EDF,0.29,3.99,30.60,0.02,0.02,0.04,BODY
7FA2CA8D6EB090E2,2.31,4.00,30.00,0.09,0.11,0.07,BODY
D5E6D6EE851C9951,5.10,4.08,30.20,0.22,0.05,0.11,BODY
109A9ED1DAFEE856,-3.31,3.57,30.40,0.36,0.42,0.47,BODY
053BB535EC872516,-1.15,3.57,30.60,0.18,0.05,0.08,BODY
89C4E5EAD7E4CF23,1.41,3.96,30.00,0.02,0.03,0.03,BODY
FFAA03C615EF03A3,3.74,4.03,30.20,0.13,0.03,0.06,BODY
5FB38DB906DCC503,-4.79,4.10,30.40,0.55,0.14,0.42,BODY
61C3748BE93D9DD3,-2.24,4.17,30.60,0.65,0.86,0.86,BODY
77D5D64D28831460,0.00,3.60,30.00,0.02,0.02,0.04,BODY
6CD4F7647B95311A,2.45,4.07,30.20,0.06,0.08,0.05,BODY
50B3A18E5CEF384D,4.76,4.16,30.40,0.25,0.23,0.25,BODY
D0970BBF0B527D7A,-3.44,3.71,30.60,0.35,0.33,0.42,BODY
52A9A328DF1FDF38,-0.82,3.69,30.00,0.18,0.05,0.08,BODY
B274A5515FF9AA73,1.47,4.24,30.20,0.02,0.03,0.03,BODY
CEFA669985A72FFF,3.40,3.96,30.40,0.11,0.03,0.06,BODY
2566EDA02711DE0F,-4.57,3.99,30.60,0.51,0.14,0.41,BODY
79BB65E5887B135C,-2.31,4.12,30.00,0.55,0.64,0.65,BODY
FC09EC0F4D8ED09E,-0.14,3.75,30.20,0.01,0.02,0.03,BODY
0BFB91A8B6BD9D55,2.63,3.97,30.40,0.12,0.13,0.12,BODY
F3D8F5C2BC80ADD0,4.49,3.92,30.60,0.45,0.49,0.52,BODY
8663C9F1B39B5A63,-3.28,4.01,30.00,0.45,0.57,0.61,BODY
C8EEDCA0E35BC5AE,-0.73,3.93,30.20,0.16,0.05,0.08,BODY
DE196A4713B7325D,1.66,3.78,30.40,0.02,0.03,0.03,BODY
E3C4E7D192BEF4D3,3.80,3.94,30.60,0.19,0.25,0.27,BODY
616B15D6AEDA78E4,-4.04,4.12,30.00,0.37,0.08,0.31,BODY
68A18B9CC9491544,-1.70,4.25,30.20,0.19,0.05,0.09,BODY
7382E5A6201834F7,0.19,4.20,30.40,0.02,0.03,0.03,BODY
0190BE0E07F25C2A,2.44,3.90,30.60,0.03,0.05,0.03,BODY
24325B06C2F00C40,5.11,4.33,30.00,0.29,0.25,0.29,BODY
CC6713B3BDE1B233,-2.87,3.86,30.20,0.63,0.83,0.83,BODY
52AE6E98A4332432,-0.79,4.39,30.40,0.18,0.05,0.08,BODY
5C0E874DF432AD3C,1.78,4.17,30.60,0.02,0.03,0.03,BODY
F0F2815D32EE48AD,4.11,4.34,30.00,0.22,0.40,0.42,BODY
A95A2DACC0FD5D5F,-3.80,4.11,30.20,0.39,0.06,0.29,BODY
EE5E31F3CB3BA76C,-1.83,3.91,30.40,0.19,0.05,0.09,BODY
82BF946635AA5612,0.70,4.00,30.60,0.02,0.02,0.03,BODY
D363705BF96FE22A,3.08,4.06,30.00,0.07,0.09,0.07,BODY
DB693B818CAC23C3,5.14,4.47,30.20,0.32,0.12,0.22,BODY
9989400F578DC587,-2.85,4.05,30.40,0.71,0.87,0.87,BODY
B6492145E51E6FA3,-0.05,4.04,30.60,0.04,0.02,0.03,BODY
0CC6DF87AB878172,1.82,4.47,30.00,0.03,0.03,0.03,BODY
0E196C6D10222108,4.27,4.34,30.20,0.35,0.57,0.58,BODY
02AC2EE60E1F07B3,-3.54,4.09,30.40,0.59,0.11,0.43,BODY
4379F32AA8673A6A,-1.17,4.26,30.60,0.17,0.04,0.08,BODY
C6AD99E3CF7D3E69,1.35,4.01,30.00,0.01,0.02,0.03,BODY
DE571B4B5DF5A8B8,3.44,4.21,30.20,0.19,0.27,0.29,BODY
43DB452EDD57D62B,-4.40,4.44,30.40,0.51,0.13,0.40,BODY
CFD8EF055D1C31BA,-1.79,4.06,30.60,0.15,0.05,0.07,BODY
434465F0BDADCC88,0.32,4.65,30.00,0.03,0.02,0.03,BODY
40074FB29E50C152,2.92,4.52,30.20,0.06,0.10,0.09,BODY
FA892FF4A4FCD731,4.85,4.47,30.40,0.48,0.60,0.61,BODY
E9567237529E2A56,-2.58,4.15,30.60,0.46,0.41,0.51,BODY
BF6319659E79629C,-0.54,4.15,30.00,0.05,0.02,0.02,BODY
49F378D4E12453B7,2.14,4.52,30.20,0.03,0.03,0.04,BODY
10E2DB2CEA0BF1AE,3.93,4.54,30.40,0.29,0.47,0.48,BODY
DB6AEDFAB11243F8,-3.27,4.71,30.60,0.55,0.13,0.43,BODY
3EA0AF06A56DD485,-1.21,4.31,30.00,0.17,0.05,0.07,BODY
F7217344806E4B18,0.91,4.34,30.20,0.02,0.02,0.03,BODY
38369BE581A820EF,3.58,4.19,30.40,0.16,0.22,0.24,BODY
2C03F607C6535354,-4.54,4.32,30.60,0.58,0.13,0.45,BODY
A600506A8ADB8A98,-2.14,4.68,30.00,0.18,0.04,0.07,BODY
5A9FDF65E5BDC0F7,0.56,4.34,30.20,0.03,0.03,0.03,BODY
2A2C60B9C76FF42B,2.83,4.79,30.40,0.04,0.07,0.04,BODY
1C60614F2CBFA09A,5.33,4.74,30.60,0.48,0.65,0.68,BODY
62E108EC020E79C8,-2.61,4.81,30.00,0.31,0.31,0.37,BODY
118ACC551058F6B0,-0.29,4.25,30.20,0.01,0.02,0.02,BODY
E375B4516DD59922,1.79,4.75,30.40,0.03,0.03,0.03,BODY
891A1E0070AF7268,4.27,4.65,30.60,0.31,0.50,0.53,BODY
D03E75AC0E5A59B0,-2.97,4.50,30.00,0.58,0.11,0.45,BODY
F8A136CAD813DB03,-0.93,4.75,30.20,0.11,0.02,0.05,BODY
4585A40D417451DF,1.53,4.53,30.40,0.02,0.02,0.03,BODY
3E33CAA3DB5EEB23,3.77,4.68,30.60,0.19,0.33,0.35,BODY
2EAAEE376DEE3415,-4.11,4.67,30.00,0.35,0.03,0.29,BODY
68F934451430BBA5,-1.78,4.61,30.20,0.16,0.05,0.06,BODY
701F54AE8D408E9D,0.64,4.37,30.40,0.02,0.02,0.01,BODY
03CF11A5D71A7706,3.09,4.79,30.60,0.09,0.11,0.09,BODY
69AAF64E4C2AFC7F,-4.47,4.71,30.00,0.35,0.19,0.31,BODY
1114F41360269EF6,-2.11,4.86,30.20,0.24,0.11,0.22,BODY
8DE8F88DE774895F,0.00,4.46,30.40,0.01,0.02,0.04,BODY
B08AC873A8D56E01,2.48,4.78,30.60,0.06,0.08,0.06,BODY
83A9A851E0A541D4,4.70,4.41,30.00,0.38,0.60,0.60,BODY
B88FCC6CBD266626,-3.24,4.59,30.20,0.49,0.12,0.41,BODY
CD8E692E03E1B39B,-0.92,4.95,30.40,0.13,0.04,0.07,BODY
FB4003CC553F65F1,1.62,4.86,30.60,0.01,0.03,0.03,BODY
275222075DBEA0A6,4.00,4.46,30.00,0.26,0.40,0.42,BODY
6B692EB7C85262F4,-4.00,4.86,30.20,0.48,0.10,0.37,BODY
B9E5F8B75C0B82E3,-1.47,5.00,30.40,0.20,0.05,0.14,BODY
19733045783EAD7E,1.02,4.53,30.60,0.42,0.30,0.22,BODY
59A53324BD66F9A8,3.15,4.90,30.00,0.00,0.03,0.03,BODY
8E3144D147590637,-4.24,4.79,30.20,0.19,0.03,0.16,BODY
843F079C8CF34609,-1.91,4.96,30.40,0.20,0.07,0.16,BODY
A681903DB4BB3FD2,-0.09,4.62,30.60,0.03,0.02,0.03,BODY
492F07C845415409,2.60,4.65,30.00,0.09,0.13,0.09,BODY
4A1E9CAD6F33E409,5.05,5.11,30.20,0.42,0.60,0.61,BODY
CD4DBE1DC6B8A807,-3.12,4.94,30.40,0.22,0.03,0.16,BODY
7F82E649E316840F,-0.54,5.02,30.60,0.22,0.08,0.19,BODY
84F17FCFE9ABC5C5,1.60,4.71,30.00,0.01,0.02,0.03,BODY
708F37968880F5D5,4.07,5.04,30.20,0.17,0.35,0.35,BODY
B3447A80FA3D4201,-4.11,4.80,30.40,0.52,0.14,0.39,BODY
A6FF847027734513,-1.74,4.92,30.60,0.19,0.05,0.13,BODY
00A930A39F2EB642,0.43,4.74,30.00,0.03,0.02,0.03,BODY
8A6CA08902A07E85,3.12,4.87,30.20,0.07,0.10,0.07,BODY
21439875025A1FAD,5.11,5.14,30.40,0.45,0.70,0.71,BODY
2F1BFA2892953DC1,-2.72,5.27,30.60,0.24,0.07,0.18,BODY
522AC737E367C632,-0.43,5.12,30.00,0.21,0.05,0.17,BODY
5237C72B6E32C7F4,1.67,5.22,30.20,0.06,0.06,0.06,BODY
550079407E5E506D,4.44,4.82,30.40,0.29,0.43,0.45,BODY
66F2ED85CDE89105,-3.37,4.92,30.60,0.43,0.09,0.32,BODY
9F0DDE274E640431,-1.23,4.99,30.00,0.26,0.07,0.22,BODY
05AAF42A5B410359,0.86,4.86,30.20,0.31,0.20,0.09,BODY
50AA4C4F2FD360CC,3.03,4.92,30.40,0.02,0.05,0.05,BODY
3CD66A41FDE36643,-4.40,5.26,30.60,0.41,0.31,0.38,BODY
FFD2380AA2B11AD2,-2.36,5.37,30.00,0.22,0.04,0.17,BODY
17721AF808672FF2,0.08,4.84,30.20,0.16,0.05,0.13,BODY
D9467C1BA2C5F39C,2.35,5.29,30.40,0.06,0.11,0.09,BODY
73CDCAD2F4CA1CD4,4.89,5.22,30.60,0.29,0.47,0.48,BODY
5B50DA2FEF7F03B4,-3.23,5.29,30.00,0.26,0.05,0.19,BODY
3E8E55A475BFDCD1,-1.14,5.30,30.20,0.48,0.14,0.39,BODY
92817BE026494950,1.61,5.07,30.40,0.06,0.05,0.06,BODY
443025A8035D45CD,3.59,4.96,30.60,0.13,0.21,0.24,BODY
58213F33A2940AF5,-3.76,5.08,30.00,0.29,0.03,0.19,BODY
5A5E4C59EE387012,-1.53,5.46,30.20,0.55,0.14,0.42,BODY
344DB9E750AD32AA,0.55,5.29,30.40,0.48,0.35,0.22,BODY
789D936306663189,3.08,5.12,30.60,0.03,0.07,0.06,BODY
D99F260B528CDFFE,5.33,5.14,30.00,0.49,0.70,0.71,BODY
A9B74A9729AAB9A0,-1.99,5.09,30.20,0.52,0.16,0.42,BODY
7235B54FFA2A9A57,0.46,5.43,30.40,0.22,0.03,0.16,BODY
8B673450A543EB5D,2.72,5.52,30.60,0.02,0.02,0.05,BODY
75B8A268F33BC366,4.81,5.16,30.00,0.38,0.58,0.58,BODY
51024E3C3E118AF4,-2.86,5.01,30.20,0.52,0.14,0.39,BODY
E0E14B0A023C6C03,-0.24,5.53,30.40,0.55,0.16,0.42,BODY
2292DAE1B1DBE220,2.12,5.23,30.60,0.16,0.19,0.16,BODY
DE102E6F0253977D,4.57,5.16,30.00,0.17,0.12,0.19,BODY
38EAFB170A9CDCDC,-3.50,5.22,30.20,0.48,0.16,0.39,BODY
4956D30024074FED,-0.69,5.57,30.40,0.35,0.05,0.26,BODY
BAB7793375246EC3,1.28,5.08,30.60,0.09,0.08,0.06,BODY
E69EE0BF6A684A37,3.99,5.12,30.00,0.09,0.06,0.08,BODY
392130C428388DDF,-3.49,5.47,30.20,0.48,0.16,0.39,BODY
F516523AB008B5DD,-1.55,5.34,30.40,0.35,0.05,0.26,BODY
3302A15D8669FDA9,1.10,5.11,30.60,0.71,0.51,0.40,BODY
D8B30FA8383B14CF,3.00,5.19,30.00,0.09,0.19,0.13,BODY
A65D4A9BE4B851C6,5.63,5.14,30.20,0.52,0.70,0.68,BODY
51F5755611034ECF,-1.51,5.39,30.40,0.41,0.09,0.32,BODY
4728D884E135393D,0.48,5.39,30.60,0.43,0.11,0.31,BODY
FAD5C30440185AD0,2.97,5.54,30.00,0.03,0.02,0.05,BODY
9E4FC83DFC6E2479,5.07,5.31,30.20,0.45,0.64,0.68,BODY
C9E7F8BA806CD662,-2.22,5.31,30.40,0.35,0.05,0.29,BODY
7FB444D685C395BE,0.03,5.23,30.60,0.42,0.07,0.32,BODY
E8BB569EB0E0A994,2.71,5.24,30.00,0.04,0.04,0.04,BODY
26F30CFEF958FBCD,4.88,5.68,30.20,0.30,0.48,0.49,BODY
26ACDAE03FCFEDDE,-2.31,5.84,30.40,0.42,0.08,0.32,BODY
8970AD8B10502ADD,-0.41,5.62,30.60,0.35,0.05,0.26,BODY
3BCED6493F29EAE0,2.23,5.46,30.00,0.09,0.13,0.13,BODY
A61D4A48447B2B85,4.68,5.54,30.20,0.28,0.20,0.30,BODY
737A6B967FC6B783,-3.21,5.68,30.40,0.47,0.10,0.36,BODY
05C19BE585F93FA6,-0.50,5.37,30.60,0.48,0.09,0.35,BODY
D20AE042B69D8F87,1.75,5.45,30.00,0.12,0.13,0.09,BODY
B7E2E5F5D59A6DF5,3.84,5.57,30.20,0.35,0.06,0.29,BODY
C0BE7380AECC9686,-3.50,5.54,30.40,0.42,0.08,0.35,BODY
ACC03955CA5917CF,-1.07,5.58,30.60,0.54,0.13,0.42,BODY
C3579C01FFD61F74,1.19,5.76,30.00,0.29,0.13,0.22,BODY
F212DAED820E9465,3.81,5.84,30.20,0.28,0.07,0.22,BODY
67476C5AC3D7ABE6,-3.68,5.68,30.40,0.55,0.17,0.45,BODY
127EF4991308F394,-0.89,5.76,30.60,0.53,0.10,0.41,BODY
3FB4F38EC81E7D2B,1.25,5.59,30.00,0.83,0.64,0.49,BODY
DFD955451A5F3048,3.40,5.89,30.20,0.19,0.07,0.16,BODY
D9A78B1FAB3D4124,-3.63,5.46,30.40,0.71,0.40,0.58,BODY
B0A202B2C29BE25C,-1.20,5.94,30.60,0.61,0.16,0.48,BODY
6923864D74CFEA0A,0.87,5.79,30.00,0.88,0.71,0.57,BODY
11F2408BB152DF7D,3.59,5.95,30.20,0.16,0.09,0.13,BODY
4D28284E172D181C,5.47,5.98,30.40,0.59,0.76,0.75,BODY
180840CB3C5DC5BF,-1.80,5.61,30.60,0.65,0.14,0.49,BODY
C0FFFC1ECE131B49,0.92,5.61,30.00,0.72,0.48,0.38,BODY
4BE151FAA0FD5883,3.38,6.06,30.20,0.13,0.05,0.11,BODY
E28585C0355FCDF0,5.31,5.74,30.40,0.55,0.78,0.81,BODY
46E2D2326F89A9B1,-1.38,5.90,30.60,0.65,0.14,0.49,BODY
36239D4F00949B4C,0.65,5.55,30.00,0.30,0.05,0.20,BODY
51BE361AD8818AF4,2.83,5.56,30.20,0.13,0.05,0.11,BODY
98FF04AFB7C713BE,5.62,6.08,30.40,0.48,0.70,0.71,BODY
640860FD407E649A,-1.63,6.19,30.60,0.68,0.14,0.51,BODY
0F35E9D7BBE577E8,0.55,6.16,30.00,0.30,0.05,0.20,BODY
B4DCD2F80BF378DE,2.98,5.69,30.20,0.13,0.05,0.11,BODY
DB84AA4C18FFF307,5.51,6.04,30.40,0.50,0.73,0.74,BODY
66D7E843BA4878E9,-1.53,5.68,30.60,0.67,0.14,0.51,BODY
D1040449FB608217,0.92,6.13,30.00,0.26,0.03,0.09,BODY
8F86CE3E07373DDD,2.91,5.96,30.20,0.26,0.06,0.19,BODY
FDFFC1707EA216BB,5.49,5.92,30.40,0.53,0.75,0.77,BODY
6CFE7266BF1F5B42,-1.56,5.90,30.60,0.67,0.13,0.52,BODY
8F51050BEDBEF07E,0.62,5.82,30.00,0.75,0.51,0.33,BODY
546DE3E218715144,3.09,5.70,30.20,0.39,0.03,0.26,BODY
737F83A17F5E38C7,6.00,6.17,30.40,0.55,0.78,0.78,BODY
179088ED1DB88E2E,-1.16,5.79,30.60,0.65,0.13,0.52,BODY
C3A583A78BA09573,1.21,6.20,30.00,0.59,0.31,0.32,BODY
EB05D998FE1B4357,3.17,5.79,30.20,0.52,0.14,0.39,BODY
0900777C5BCA8A0C,-3.58,5.94,30.40,0.51,0.26,0.44,BODY
736A55A8E69A6B4E,-0.70,6.27,30.60,0.67,0.13,0.51,BODY
3BB9A99BB16B7BB4,1.58,6.28,30.00,0.06,0.03,0.03,BODY
B6F5CE661DD365A4,3.62,6.03,30.20,0.47,0.09,0.36,BODY
EFE1595CC611C5ED,-2.52,6.03,30.40,0.64,0.13,0.49,BODY
6AB8413A47A6AFBA,-0.70,6.21,30.60,0.65,0.13,0.51,BODY
5EC5A5F3E84D834B,2.08,5.96,30.00,0.11,0.07,0.06,BODY
561108E943BC3CAD,4.24,6.23,30.20,0.65,0.16,0.48,BODY
24846C16D6DCC045,-2.42,6.14,30.40,0.65,0.14,0.52,BODY
6ABBC65268EBC782,-0.02,6.29,30.60,0.59,0.14,0.45,BODY
52D4B02BA54A48CF,2.31,6.35,30.00,0.26,0.22,0.24,BODY
4916190D9D649CA2,5.24,6.36,30.20,0.37,0.56,0.58,BODY
48FC3AA6F9B43DAF,-1.62,6.31,30.40,0.68,0.13,0.53,BODY
4276F73EB768CE9C,0.89,6.03,30.60,0.67,0.43,0.25,BODY
98D9E3AF273ECA90,3.05,6.32,30.00,0.42,0.06,0.32,BODY
B469922FFB370910,-3.43,6.23,30.20,0.00,0.00,0.00,BODY
09D2648A5118B607,-0.70,6.04,30.40,0.67,0.13,0.52,BODY
52F3F1D2020AAC7B,1.66,6.50,30.60,0.14,0.11,0.08,BODY
C9F72A596BDE3536,3.82,6.24,30.00,0.67,0.16,0.51,BODY
FB5303C3047DD7B0,-2.67,6.07,30.20,0.65,0.13,0.50,BODY
A6769D5423F8995F,-0.05,6.56,30.40,0.68,0.13,0.52,BODY
31B0BBB38C7F8D8F,2.21,6.27,30.60,0.29,0.46,0.45,BODY
07B2CED1E4E0E721,5.28,6.34,30.00,0.40,0.59,0.61,BODY
0AC1E5F901DC7FFD,-1.57,6.24,30.20,0.68,0.14,0.52,BODY
EA6AAA632D68D703,0.82,6.34,30.40,0.84,0.57,0.48,BODY
F90ED9556085B532,3.03,6.11,30.60,0.45,0.11,0.35,BODY
EDF5F1F711E3BCCE,-2.75,6.15,30.00,0.65,0.13,0.51,BODY
61B83509FAB8C518,-0.71,6.70,30.20,0.68,0.14,0.52,BODY
9DB2739534BDF7D2,2.00,6.33,30.40,0.33,0.49,0.50,BODY
6E919B5225563781,5.37,6.17,30.60,0.36,0.45,0.45,BODY
34D9D5CDB5DEE634,-1.69,6.38,30.00,0.68,0.13,0.53,BODY
1FBE1828F1A89FD5,0.44,6.76,30.20,0.82,0.55,0.37,BODY
8F382045C24D100B,3.03,6.52,30.40,0.55,0.14,0.42,BODY
96B385C49F968A6B,-3.00,6.82,30.60,0.65,0.13,0.51,BODY
0B84217E717FEC93,-0.75,6.53,30.00,0.68,0.15,0.53,BODY
7AD9932FCA1DC191,1.93,6.76,30.20,0.16,0.24,0.29,BODY
BE0C86928C053895,5.40,6.72,30.40,0.36,0.55,0.55,BODY
BED389AEE3ECDE64,-1.11,6.56,30.60,0.69,0.15,0.53,BODY
C37DFF3EF787CA01,0.61,6.38,30.00,0.42,0.11,0.26,BODY
C13C95BC5FD3CDA8,3.27,6.54,30.20,0.78,0.30,0.62,BODY
71FE74D7DC20F14D,-2.49,6.66,30.40,0.69,0.13,0.53,BODY
5AC22D7584640649,0.04,6.90,30.60,0.54,0.11,0.42,BODY
DF9BFF9423066179,2.14,6.76,30.00,0.46,0.08,0.35,BODY
C86D889993942488,5.77,6.72,30.20,0.45,0.65,0.65,BODY
FAF45ABC33F0BCB6,-0.74,6.83,30.40,0.69,0.14,0.53,BODY
A65D85C7EC935BD7,1.06,6.83,30.60,0.52,0.38,0.58,BODY
2EDD1424345191C8,3.87,6.79,30.00,0.78,0.40,0.64,BODY
802B85EB8C3A5F74,-1.47,6.66,30.20,0.65,0.13,0.53,BODY
36B8B7048251937C,0.50,6.69,30.40,0.71,0.46,0.26,BODY
9E4994EFF834A125,2.63,6.95,30.60,0.67,0.18,0.53,BODY
9D0CCE8250173774,-2.35,6.94,30.00,0.69,0.14,0.54,BODY
9286412F22D483AB,0.12,6.66,30.20,0.29,0.03,0.19,BODY
88FC1FEBFB99C1FE,2.14,7.09,30.40,0.49,0.10,0.36,BODY
7FBDC3AE7CAEE5FB,6.01,6.82,30.60,0.78,0.62,0.58,BODY
B9D1EAC1C2467075,-0.38,6.90,30.00,0.67,0.15,0.54,BODY
1B6600C9B6BE7F6D,1.47,6.80,30.20,0.43,0.15,0.38,BODY
7A3EC5DE9DBA0258,5.47,7.09,30.40,0.58,0.40,0.32,BODY
A1FC7BDE57057B97,-0.78,6.72,30.60,0.69,0.15,0.54,BODY
DAA4745CB98B5414,1.28,7.13,30.00,0.53,0.20,0.43,BODY
7EF612C1E3922B29,3.75,6.99,30.20,0.74,0.53,0.65,BODY
7283BDAE4F9416F1,-1.67,7.10,30.40,0.70,0.15,0.54,BODY
4C80BE1A8582F869,1.12,7.18,30.60,0.42,0.09,0.29,BODY
5AE493275EF4D7D0,3.28,7.15,30.00,0.72,0.21,0.57,BODY
45F636D9FA51A877,-1.69,6.99,30.20,0.68,0.14,0.52,BODY
2DCE9E14715D12C6,0.61,6.83,30.40,0.69,0.41,0.31,BODY
7D93B51079B73817,3.03,7.21,30.60,0.68,0.16,0.55,BODY
4D856B8737CD0A4F,-2.17,7.09,30.00,0.69,0.17,0.56,BODY
DCBEE970EACBB94B,0.21,6.91,30.20,0.71,0.44,0.22,BODY
B2BBCF4FC6970C3A,2.39,6.80,30.40,0.68,0.17,0.55,BODY
231C106B81C5E76B,-2.49,6.90,30.60,0.58,0.25,0.47,BODY
E22E5F19331D6218,-0.11,7.17,30.00,0.76,0.55,0.44,BODY
9093D5923033CBE7,1.98,7.03,30.20,0.58,0.14,0.45,BODY
BCE873471A6EB6BC,6.20,6.87,30.40,0.61,0.46,0.43,BODY
B50703094D8CBA0C,-0.19,7.25,30.60,0.35,0.05,0.19,BODY
C5C76548D623204C,2.12,7.20,30.00,0.48,0.05,0.35,BODY
E08441CAFDEB1374,5.89,7.27,30.20,0.84,0.63,0.56,BODY
EE8F8A773CACEDB5,-0.17,7.03,30.40,0.29,0.03,0.16,BODY
5DB815936066C727,1.86,7.20,30.60,0.53,0.11,0.38,BODY
1D96C1CDFDE850E2,5.80,7.40,30.00,0.71,0.53,0.42,BODY
D0DC9D9005E002CA,-0.43,7.41,30.20,0.29,0.03,0.16,BODY
44F14F4DE5110663,1.88,7.15,30.40,0.53,0.11,0.38,BODY
B347E8F391C6C7D3,5.58,7.08,30.60,0.58,0.41,0.31,BODY
ADBBE3E0D1EF8781,-0.21,7.38,30.00,0.41,0.22,0.14,BODY
B95AB3ABC7F2F0D3,1.93,7.42,30.20,0.64,0.14,0.48,BODY
AD6D05ED161F7FC4,5.80,7.15,30.40,0.97,0.76,0.68,BODY
43CBC7322B9AEFA7,-0.68,7.26,30.60,0.38,0.15,0.14,BODY
6977C1D8D63C6024,1.92,7.13,30.00,0.55,0.16,0.45,BODY
AA6EFF0E8EFA9EC3,4.90,7.61,30.20,0.71,0.60,0.55,BODY
D6835738A5BF0677,-1.38,7.30,30.40,0.78,0.24,0.61,BODY
DE9F4CF83E39FB0B,1.32,7.61,30.60,0.58,0.46,0.62,BODY
4EE5030E4CB01F0C,3.23,7.27,30.00,0.26,0.16,0.03,BODY
8DA93D4B83F310BD,-1.73,7.39,30.20,0.78,0.43,0.68,BODY
CA2CCD75435F0263,0.24,7.54,30.40,0.42,0.22,0.32,BODY
BDE1EAA692C04692,2.89,7.41,30.60,0.43,0.23,0.14,BODY
824FE898195D952B,5.73,7.32,30.00,0.64,0.42,0.34,BODY
8662B488423DAE95,-0.20,7.21,30.20,0.60,0.37,0.17,BODY
EBC6BFEB0A0A0D9C,1.81,7.47,30.40,0.71,0.16,0.55,BODY
E3AED1B1FFCB3CAC,4.92,7.46,30.60,0.59,0.45,0.38,BODY
87CE5F137C53D870,-0.77,7.42,30.00,0.58,0.33,0.19,BODY
81E6DB2F4AE4391E,1.29,7.40,30.20,0.43,0.27,0.45,BODY
769F565BB9D7C5F3,3.80,7.83,30.40,0.39,0.20,0.09,BODY
0ABF3167056F3353,6.88,7.28,30.60,0.42,0.20,0.09,BODY
428187ED63906573,0.98,7.32,30.00,0.42,0.19,0.39,BODY
6E13CCCEF4EDAC9C,2.73,7.59,30.20,0.61,0.38,0.16,BODY
BD4A8EEF12315D19,5.37,7.53,30.40,0.83,0.59,0.48,BODY
72F6488DA663C0E8,-0.06,7.88,30.60,0.67,0.46,0.27,BODY
153218659826A1A9,2.25,7.77,30.00,0.41,0.13,0.24,BODY
DAF4C246758037E4,4.59,7.53,30.20,0.58,0.36,0.16,BODY
21BB99977B3CF083,6.61,7.82,30.40,0.57,0.39,0.24,BODY
AA35372FDE6307A3,0.68,7.94,30.60,0.40,0.15,0.34,BODY
95F63A9965412F2E,3.35,7.85,30.00,0.60,0.33,0.17,BODY
D7D65E8115EAD9E0,5.51,7.83,30.20,0.77,0.54,0.45,BODY
1585D229F13BCF79,-0.47,7.55,30.40,0.61,0.41,0.22,BODY
A767BD13BDC37D9C,2.04,7.92,30.60,0.48,0.35,0.16,BODY
7F767B5C6700E0B7,4.24,7.91,30.00,0.65,0.40,0.16,BODY
1923377800FBD046,-1.33,7.69,30.20,0.71,0.57,0.45,BODY
336771E7F5A7B8AA,0.79,7.60,30.40,0.24,0.07,0.19,BODY
8A079FFCD68626F8,3.24,8.04,30.60,0.29,0.20,0.12,BODY
E51F8BA4F30D554D,5.86,8.02,30.00,0.97,0.76,0.61,BODY
D3352F7A8C53B599,-0.08,8.14,30.20,0.31,0.20,0.15,BODY
7F73AFB450F34947,2.48,8.13,30.40,0.65,0.43,0.24,BODY
8315ADE600CBAED1,4.61,7.65,30.60,0.35,0.17,0.03,BODY
555377A3DA30D8B6,-0.88,8.01,30.00,0.68,0.41,0.22,BODY
1E0FFDADE39D3BAB,1.52,7.88,30.20,0.13,0.03,0.09,BODY
A6E8126D36C1E2EF,4.21,7.96,30.40,0.81,0.59,0.39,BODY
85737AD37BBF6AA7,6.52,8.03,30.60,0.76,0.55,0.41,BODY
13A0AB69CCAF6288,0.78,8.21,30.00,0.37,0.17,0.33,BODY
A0BA78F31F65F408,3.20,7.70,30.20,0.81,0.62,0.42,BODY
2E0E2DE2821CBD04,6.24,8.19,30.40,0.78,0.70,0.61,BODY
5629029403677A3E,0.72,8.08,30.60,0.32,0.14,0.29,BODY
93B4225F4C96BFDE,4.35,7.79,30.00,0.52,0.39,0.26,BODY
CD67D7D9D8EBE31F,-0.96,8.24,30.20,0.65,0.43,0.19,BODY
1E72D891B5B8E2C6,1.10,8.18,30.40,0.52,0.41,0.35,BODY
44FC79B1D576DD11,5.21,7.83,30.60,0.71,0.43,0.26,BODY
863B2FFD1FEB4569,0.00,7.95,30.00,0.03,0.02,0.02,BODY
231581D052B7DA6C,2.19,8.16,30.20,0.81,0.59,0.39,BODY
AC7F71F8B6EC3FA9,-0.55,7.91,30.40,0.58,0.36,0.20,BODY
9A21987CFADCABCB,1.77,8.11,30.60,0.78,0.51,0.32,BODY
F1DEDEDFC834750E,-1.47,8.36,30.00,0.42,0.25,0.16,BODY
6D72168C269B5E67,0.55,7.92,30.20,0.35,0.22,0.22,BODY
C5A2478401022693,5.12,8.27,30.40,0.78,0.67,0.58,BODY
3B3F364A3D379A8C,0.45,8.42,30.60,0.49,0.33,0.30,BODY
BA82836899753836,-1.93,8.51,30.00,0.55,0.47,0.45,BODY
16374BE52F75BE1A,0.10,8.02,30.20,0.55,0.36,0.35,BODY
56573050A9B642FE,-1.59,8.07,30.40,0.42,0.25,0.16,BODY
B3B83A5CBC4A2F4B,0.54,8.56,30.60,0.58,0.40,0.35,BODY
F379FD396F9D3C00,-1.53,8.50,30.00,0.56,0.41,0.31,BODY
5B8B2157FDB9D3EE,0.94,8.48,30.20,0.65,0.51,0.42,BODY
65FDC81230D7BF59,-1.39,8.24,30.40,0.33,0.22,0.14,BODY
CA105F390F39210E,0.82,8.33,30.60,0.61,0.45,0.34,BODY
4044353F4942FF7F,-0.76,8.48,30.00,0.19,0.08,0.02,BODY
83838727B1FA4357,1.33,8.36,30.20,0.42,0.25,0.11,BODY
93D903F41E66BEBD,-0.73,8.29,30.40,0.22,0.11,0.06,BODY
021A01591A89867D,1.84,8.64,30.60,0.29,0.14,0.03,BODY
D9AB0B563A2BE299,-0.12,8.38,30.00,0.61,0.46,0.35,BODY
BB84D1BB2180C2D7,1.71,8.35,30.20,0.29,0.13,0.03,BODY
AA5B60EC09FAFC9A,-0.34,8.63,30.40,0.63,0.47,0.37,BODY
C447DC9AD4FCA12E,-2.25,8.81,30.60,0.40,0.27,0.18,BODY
2ABBB276E31C81FA,0.53,8.59,30.00,0.62,0.37,0.34,BODY
69780827FC4D7D72,-1.52,8.58,30.20,0.35,0.24,0.13,BODY
F16FD211AE0CBA58,0.87,8.85,30.40,0.65,0.38,0.33,BODY
145051E9D498517E,-1.42,8.65,30.60,0.24,0.11,0.05,BODY
5604C3F8F6873171,1.33,8.98,30.00,0.77,0.48,0.44,BODY
4E59788A505A136D,-0.75,8.94,30.20,0.58,0.44,0.39,BODY
508B1FC5E34675B6,1.00,8.87,30.40,0.87,0.64,0.55,BODY
5519B26253B53382,-0.97,8.83,30.60,0.58,0.44,0.39,BODY
9EE0B5E6FFBEBBEF,1.57,8.64,30.00,0.67,0.47,0.40,BODY
0B8A42AD3ECB3B4F,-1.00,8.79,30.20,0.57,0.43,0.34,BODY
5B5469C9616A1865,1.59,9.16,30.40,0.59,0.41,0.34,BODY
80AECE7C7F4FFF6B,-0.99,9.25,30.60,0.58,0.40,0.35,BODY
4CDEEE4280D12700,1.62,8.76,30.00,0.67,0.45,0.37,BODY
03B109279CF8F395,-0.66,9.18,30.20,0.55,0.38,0.32,BODY
3711DEDFEF7398D9,1.75,8.78,30.40,0.67,0.45,0.37,BODY
8ECCC97701EDFB7D,-0.48,9.06,30.60,0.59,0.40,0.34,BODY
8488F37E9FCAA2A0,2.06,9.31,30.00,0.74,0.49,0.42,BODY
8B4DBF1B997F8FDF,-0.65,8.91,30.20,0.64,0.41,0.36,BODY
7DFAD1AE79FDC48E,2.04,9.31,30.40,0.74,0.49,0.42,BODY
5F3CBAFEAD7166CD,-0.73,9.20,30.60,0.71,0.46,0.44,BODY
7296AF54CC7B5D90,2.06,9.09,30.00,0.78,0.49,0.42,BODY
63D5FFD6BC7AD283,-0.21,9.13,30.20,0.78,0.56,0.51,BODY
ABBA0873C043B0AF,2.10,9.51,30.40,0.82,0.53,0.47,BODY
C83A5E2AD1CE201A,-0.47,9.22,30.60,0.83,0.60,0.55,BODY
B31791C09E23DE45,2.14,9.36,30.00,0.82,0.53,0.47,BODY
4885F166FE201112,-0.58,9.28,30.20,0.87,0.64,0.58,BODY
F17D7672FC17FCD5,2.22,9.25,30.40,0.86,0.58,0.53,BODY
1FFE979FF4A98D30,-0.18,9.25,30.60,0.91,0.65,0.58,BODY
7E3329088A51B4C1,1.60,9.23,30.00,0.94,0.65,0.61,BODY
BDB425611D472AF8,-0.26,9.43,30.20,0.89,0.68,0.60,BODY
3F548A105E10AEFF,2.05,9.31,30.40,0.98,0.73,0.65,BODY
B826EC495AFC9B04,-0.58,9.71,30.60,0.89,0.68,0.60,BODY
0E3E81228CAD5B67,1.69,9.42,30.00,1.00,0.78,0.71,BODY
0A7790094689ABB0,-0.63,9.71,30.20,0.87,0.64,0.56,BODY
E8668103B5B3007C,1.77,9.30,30.40,0.84,0.67,0.61,BODY
F2F827EFD699F493,-1.31,9.32,30.60,0.78,0.54,0.48,BODY
B47B288A18FE61D9,1.04,9.71,30.00,0.58,0.62,0.55,BODY
C4A8FB107491A6DE,-1.45,9.42,30.20,0.67,0.49,0.43,BODY
0A2E4DFAA53DCBF2,1.02,9.72,30.40,0.87,0.73,0.65,BODY
E63DD243E5F39EA6,-1.40,9.57,30.60,0.47,0.30,0.24,BODY
C2355A73EC548E4F,0.70,9.63,30.00,0.87,0.70,0.59,BODY
E13B7858F581DBD7,-2.04,9.90,30.20,0.39,0.22,0.19,BODY
9250CF4A63C4CA69,0.17,9.92,30.40,0.78,0.57,0.52,BODY
5B523E38608C5605,-2.62,10.09,30.60,0.33,0.19,0.11,BODY
238D93B794802B0B,-0.19,10.06,30.00,0.84,0.75,0.68,BODY
257F30A4B9DFA970,2.20,9.93,30.20,0.42,0.24,0.11,BODY
F1239BDAF88BAEBA,-0.41,10.11,30.40,0.00,0.03,0.06,BODY
4CE96E165FA8200B,1.74,9.96,30.60,0.73,0.60,0.53,BODY
9A690BDBF5DE9050,-0.53,9.84,30.00,0.65,0.60,0.55,BODY
8906B7FDEF3E5605,1.52,9.78,30.20,0.81,0.79,0.72,BODY
72F68598591D4A9B,-1.06,10.01,30.40,0.55,0.41,0.35,BODY
E71AB4BD85E139AC,1.47,9.71,30.60,0.27,0.26,0.21,BODY
C303EE68ADDDFFEF,-1.58,9.79,30.00,0.35,0.22,0.12,BODY
5DC52C234AFC2EF2,0.87,9.99,30.20,0.84,0.67,0.58,BODY
BE0082FC306A6847,-1.83,9.91,30.40,0.35,0.21,0.11,BODY
1A3958F427B1ED4D,0.39,10.31,30.60,0.77,0.60,0.53,BODY
2F41FCD1A92B3A86,-2.04,9.86,30.00,0.42,0.29,0.16,BODY
469EE497722BFE71,0.02,10.16,30.20,0.55,0.40,0.33,BODY
0E0761EDB8796BC4,2.25,10.23,30.40,0.49,0.38,0.26,BODY
6A91C99D6FF8D9FD,-0.17,10.04,30.60,0.45,0.32,0.22,BODY
6CCFAF9B75699E6C,2.28,10.24,30.00,0.53,0.38,0.28,BODY
319CD9A854DF6924,-0.79,10.42,30.20,0.55,0.41,0.32,BODY
D9D12411C3D26A28,1.39,10.07,30.40,0.69,0.50,0.40,BODY
5F12311866786AA7,-1.29,10.43,30.60,0.61,0.47,0.39,BODY
C74BA4B544124655,1.43,10.41,30.00,0.55,0.38,0.25,BODY
45501E64B42014AB,-1.77,10.15,30.20,0.30,0.16,0.05,BODY
B734F9F474DF26C8,0.75,10.26,30.40,0.88,0.70,0.64,BODY
88DFF05180A4EEA4,-1.60,10.39,30.60,0.45,0.29,0.16,BODY
F384FBB6ACCB8580,0.42,10.19,30.00,0.64,0.46,0.40,BODY
E0510C817351E72E,-2.14,10.39,30.20,0.56,0.45,0.41,BODY
825C25441CD3546A,0.04,10.53,30.40,0.45,0.31,0.22,BODY
586DB2181564B895,2.19,10.40,30.60,0.42,0.24,0.09,BODY
E0193A4B20D0496E,-0.46,10.28,30.00,0.47,0.34,0.25,BODY
2F1AD3B38343112A,2.16,10.32,30.20,0.41,0.27,0.15,BODY
8E417CC863C778B9,-0.93,10.48,30.40,0.43,0.27,0.17,BODY
5E6E05F1899AF17C,1.52,10.62,30.60,0.94,0.75,0.65,BODY
D4C9AD02A214393F,-0.98,10.56,30.00,0.44,0.26,0.16,BODY
99C65B55F168CCD6,1.37,10.59,30.20,0.97,0.76,0.68,BODY
774EC1AD64B178DE,-1.09,10.30,30.40,0.42,0.23,0.08,BODY
EEEF14B58C7D0623,1.31,10.83,30.60,0.91,0.73,0.65,BODY
FACC9D26B16933EE,-1.55,10.51,30.00,0.44,0.25,0.11,BODY
F13D250EC0E9EF36,1.03,10.44,30.20,0.55,0.35,0.22,BODY
D8B8C314B771985C,-1.93,10.43,30.40,0.44,0.27,0.15,BODY
9D63B1716AC57A15,0.88,10.41,30.60,0.50,0.33,0.20,BODY
C825E279719E7878,-1.70,11.05,30.00,0.42,0.24,0.13,BODY
1B63B22A54FC380E,0.35,10.63,30.20,0.48,0.30,0.16,BODY
7B0FE2E0E9371361,-2.14,10.63,30.40,0.49,0.37,0.29,BODY
3A1875AA4839B7B4,0.38,10.75,30.60,0.52,0.32,0.16,BODY
032FC6E914DBFF7B,-1.80,10.60,30.00,0.58,0.47,0.42,BODY
93D91474D9874484,0.46,10.60,30.20,0.54,0.33,0.17,BODY
37A109B3577305C4,-1.62,10.84,30.40,0.53,0.38,0.28,BODY
AE8A2295A16D712B,0.52,11.16,30.60,0.56,0.35,0.18,BODY
6BDAA5D1D66A1380,-1.65,10.82,30.00,0.42,0.25,0.13,BODY
FBFED29BBCCC1397,0.76,11.07,30.20,0.65,0.39,0.20,BODY
B91E23CC713C116B,-1.62,10.94,30.40,0.47,0.27,0.11,BODY
07C3F3E95610569C,0.63,10.79,30.60,0.87,0.56,0.32,BODY
8DA1289DC6DA339C,-1.03,10.96,30.00,0.53,0.32,0.16,BODY
6CB0FA91BB11A699,1.24,10.99,30.20,0.73,0.44,0.24,BODY
D68E0CFCE7C14455,-0.70,10.96,30.40,0.53,0.31,0.15,BODY
E301214FD65D6721,1.70,11.33,30.60,0.58,0.30,0.13,BODY
CC42DCAE4220C238,-0.25,11.36,30.00,0.55,0.32,0.16,BODY
6CACF97E5B6672BF,2.35,11.37,30.20,0.65,0.38,0.19,BODY
9A4BD5EBDBC99B27,0.17,11.43,30.40,0.78,0.53,0.32,BODY
11D14818ACBE2E45,-1.50,11.41,30.60,0.54,0.36,0.19,BODY
A84D52515B974B43,0.92,11.46,30.00,0.75,0.45,0.17,BODY
9B027FBB78B270F5,-0.65,11.17,30.20,0.60,0.36,0.17,BODY
6084F3DD4E7FB725,1.47,11.47,30.40,0.67,0.43,0.18,BODY
A05A8F8C452E9627,0.20,11.34,30.60,0.86,0.56,0.32,BODY
1D0897D18087CCA8,-0.93,11.44,30.00,0.64,0.40,0.22,BODY
5215A868EB0BF9D9,1.05,11.15,30.20,0.91,0.61,0.33,BODY
C41E1E8C606DB0CB,0.40,11.60,30.40,0.80,0.52,0.32,BODY
5BBCB7187E11B32A,-0.86,11.31,30.60,0.68,0.43,0.26,BODY
AB387BBAC8D0BBD6,1.49,11.54,30.00,0.86,0.62,0.41,BODY
6410192DFF93B2CB,0.51,11.79,30.20,0.91,0.60,0.35,BODY
EB37664900AD13DD,-0.04,11.43,30.40,0.83,0.56,0.33,BODY
DEA24D8A3137F50C,-0.64,11.95,30.60,0.75,0.48,0.27,BODY
21C9196F75208177,-0.67,11.55,30.00,0.70,0.46,0.24,BODY
0F0043B0AA519625,-0.76,11.49,30.20,0.80,0.63,0.44,BODY
0A3F243E8EC94E55,-0.43,11.59,30.40,0.84,0.73,0.52,BODY
A1E1598951F3FB51,-0.03,12.14,30.60,0.94,0.70,0.48,BODY
