ID,X,Y,Z,R,G,B,PART
6C3A4E6535031934,-2.17,-12.99,30.00,0.13,0.36,0.42,BODY
3559C2129D26E543,0.61,-12.70,30.20,0.28,0.61,0.70,BODY
14FFE4CB19B6885B,2.79,-12.70,30.40,0.52,0.83,0.91,BODY
533A21AF5B9DBAE0,5.46,-12.93,30.60,0.39,0.68,0.81,BODY
10268C991858BDA5,0.20,-13.02,30.00,0.29,0.62,0.71,BODY
F4F08983BEA75485,2.89,-12.93,30.20,0.45,0.78,0.91,BODY
0DBBEA7028114ED1,5.40,-12.80,30.40,0.35,0.71,0.82,BODY
343F9C651DEADCD8,0.41,-12.67,30.60,0.27,0.58,0.69,BODY
D374175B2BA3C510,2.81,-12.44,30.00,0.43,0.77,0.88,BODY
FAA6DB0EFE5B6E6A,5.19,-12.98,30.20,0.36,0.71,0.83,BODY
1AEC7A02AA4A99D7,-0.06,-12.90,30.40,0.28,0.60,0.70,BODY
32C36860E4C33067,2.28,-12.49,30.60,0.43,0.76,0.87,BODY
6912669AAC5E9CD8,4.76,-12.70,30.00,0.36,0.71,0.83,BODY
71BEC9F3C0BE5A9F,-0.07,-12.79,30.20,0.26,0.59,0.68,BODY
D8549E0FDC6ABEF2,2.15,-12.60,30.40,0.54,0.82,0.93,BODY
66897C7310FB8D4B,4.91,-12.64,30.60,0.45,0.78,0.87,BODY
195CE97A0542D7C5,-0.16,-12.59,30.00,0.28,0.61,0.70,BODY
10D064399C1B1194,1.91,-12.84,30.20,0.53,0.82,0.93,BODY
36018E975C0334C5,4.50,-12.56,30.40,0.52,0.83,0.94,BODY
CE15E46A37DFC846,-0.41,-12.72,30.60,0.29,0.62,0.72,BODY
6CEE44563C18B2AB,1.79,-12.38,30.00,0.44,0.77,0.88,BODY
FBB22CDAEA3B0BAD,4.55,-12.30,30.20,0.53,0.83,0.94,BODY
A9B8DDB2E61C32FF,-0.81,-12.42,30.40,0.32,0.65,0.74,BODY
91480C60D2C16BA5,1.83,-12.33,30.60,0.44,0.77,0.88,BODY
8D9B68D977DD532E,4.62,-12.32,30.00,0.51,0.83,0.93,BODY
C8B08751B65C8925,-0.65,-12.24,30.20,0.31,0.64,0.73,BODY
D353F7F95AA97E07,1.67,-12.18,30.40,0.53,0.82,0.91,BODY
C9CFB6DFD57EA0A7,4.52,-12.64,30.60,0.52,0.83,0.93,BODY
328BC83C4595DF0E,-1.14,-12.16,30.00,0.24,0.56,0.67,BODY
F68A47F2BE821214,1.34,-12.47,30.20,0.53,0.82,0.91,BODY
AE9BCB155D682571,3.72,-12.48,30.40,0.49,0.82,0.91,BODY
AA58655EF6BB83B2,-1.63,-12.37,30.60,0.27,0.62,0.72,BODY
3F8D8294F19E2FF1,1.21,-12.08,30.00,0.35,0.67,0.77,BODY
46BB2C97D1E8CADC,3.43,-12.19,30.20,0.57,0.85,0.94,BODY
24D9528CB86D6484,-12.00,-12.44,30.40,0.39,0.67,0.84,BODY
54731C2913AD2BDA,0.23,-12.53,30.60,0.29,0.60,0.71,BODY
4BD5482E695BEEC6,2.62,-12.22,30.00,0.48,0.81,0.91,BODY
09330A52B0E298BE,5.12,-12.14,30.20,0.41,0.73,0.86,BODY
1A835685A58516E1,-0.40,-12.32,30.40,0.30,0.64,0.74,BODY
DF9711E7F519E97B,2.17,-12.02,30.60,0.50,0.80,0.89,BODY
EABF77A80EB3F21F,4.78,-12.11,30.00,0.53,0.82,0.91,BODY
56AFA04F28B1428E,-1.28,-11.95,30.20,0.26,0.64,0.74,BODY
4090C2602E878B00,1.12,-11.95,30.40,0.40,0.74,0.85,BODY
62F3B83CB282EB2E,3.30,-12.21,30.60,0.57,0.84,0.93,BODY
5B449588F4A45B0C,-12.01,-12.38,30.00,0.15,0.33,0.50,BODY
D0A8D851448FF0C7,-0.39,-12.36,30.20,0.30,0.62,0.73,BODY
73A11A55B9F30CBF,2.66,-12.29,30.40,0.49,0.82,0.91,BODY
5186A66307F99F25,5.09,-11.96,30.60,0.46,0.79,0.91,BODY
08FCC2B675511288,-1.14,-12.25,30.00,0.29,0.62,0.74,BODY
3C0707E6A83B8C89,1.25,-12.30,30.20,0.40,0.74,0.85,BODY
57B6F5CB2606588F,3.36,-11.92,30.40,0.52,0.83,0.94,BODY
6FA4F81376D8919F,-12.09,-12.24,30.60,0.26,0.44,0.61,BODY
E493E814F7AE5FA4,-0.30,-11.80,30.00,0.30,0.62,0.73,BODY
7097028C4E95D67D,2.19,-12.14,30.20,0.48,0.80,0.91,BODY
32B4F287244DA074,5.07,-12.16,30.40,0.46,0.80,0.91,BODY
04B506312CDA5F99,-1.25,-12.04,30.60,0.29,0.60,0.71,BODY
3B45A87199099195,0.76,-12.16,30.00,0.45,0.78,0.87,BODY
6A0AE840ACF4E16E,3.52,-12.18,30.20,0.59,0.85,0.95,BODY
E4534715ED7A48F9,-12.56,-12.07,30.40,0.35,0.60,0.78,BODY
6408B7BD48950F63,-0.67,-12.19,30.60,0.31,0.64,0.73,BODY
BBDC30B41374759E,1.67,-11.62,30.00,0.54,0.83,0.91,BODY
756F9EE9CF4F3128,4.27,-12.02,30.20,0.53,0.83,0.91,BODY
7FEEB10D89A57F81,-11.52,-12.00,30.40,0.18,0.41,0.58,BODY
247A43FE82566C3E,0.29,-12.12,30.60,0.27,0.58,0.69,BODY
DBFF9287E6563DB8,2.74,-11.94,30.00,0.52,0.81,0.94,BODY
BBAF4EBE4FCEBE65,5.49,-12.12,30.20,0.42,0.76,0.87,BODY
EA17F491BD346C20,-10.73,-11.79,30.40,0.19,0.35,0.44,BODY
8D9DD9CCF7071B78,1.09,-11.64,30.60,0.44,0.78,0.87,BODY
5141EF1BC87FD9C9,3.36,-11.56,30.00,0.61,0.86,0.97,BODY
914289C6C2FCA755,-12.42,-11.94,30.20,0.48,0.64,0.74,BODY
D90B279CE571354A,-0.81,-11.48,30.40,0.32,0.62,0.71,BODY
D154B0E19804EA8F,1.47,-11.54,30.60,0.54,0.82,0.89,BODY
28FB301BB36389C4,3.85,-11.47,30.00,0.51,0.83,0.91,BODY
E996DC5751725CBA,-12.16,-11.81,30.20,0.31,0.58,0.75,BODY
576540BDDDC2B30E,-0.31,-11.77,30.40,0.32,0.67,0.78,BODY
985D7EE91542D9E3,2.22,-11.84,30.60,0.47,0.80,0.89,BODY
2F959D61BABD01E8,4.59,-11.92,30.00,0.52,0.83,0.91,BODY
0339792283CAF747,-11.34,-11.86,30.20,0.32,0.59,0.74,BODY
6DB5C35D202D6135,0.37,-11.87,30.40,0.29,0.60,0.71,BODY
E88E51F6228D49D8,2.54,-11.35,30.60,0.47,0.81,0.91,BODY
6ECF040A50FE9963,4.89,-11.94,30.00,0.43,0.78,0.88,BODY
879C7E158F393E99,-11.16,-11.52,30.20,0.22,0.46,0.65,BODY
0C789BD1A906C3EC,0.56,-11.53,30.40,0.32,0.67,0.78,BODY
8BCAD341792F08A8,2.90,-11.55,30.60,0.58,0.84,0.91,BODY
496925F04C23195E,5.44,-11.73,30.00,0.44,0.78,0.89,BODY
3B22FBB1B40227ED,-10.70,-11.52,30.20,0.25,0.52,0.71,BODY
84CFEEDAE71A5571,0.74,-11.75,30.40,0.45,0.78,0.87,BODY
DB458F9E4819C0E3,3.34,-11.67,30.60,0.61,0.86,0.97,BODY
58E021F286A2A034,5.93,-11.26,30.00,0.27,0.40,0.49,BODY
0732659FD6E4FEAD,-1.49,-11.25,30.20,0.29,0.57,0.74,BODY
8013F9146689A818,1.36,-11.22,30.40,0.48,0.80,0.89,BODY
874A14C5762A5D96,3.70,-11.45,30.60,0.53,0.83,0.91,BODY
8F4776A9822BC546,-12.59,-11.25,30.00,0.20,0.47,0.67,BODY
E31389B877A83361,-1.15,-11.20,30.20,0.30,0.62,0.72,BODY
39F7294FEF2F7A8B,1.56,-11.53,30.40,0.52,0.80,0.87,BODY
C133F41A7A5C71F4,4.21,-11.41,30.60,0.52,0.84,0.93,BODY
62495C3178190582,-12.34,-11.44,30.00,0.13,0.43,0.65,BODY
9BDA446F359ADB0B,-1.04,-11.51,30.20,0.30,0.63,0.72,BODY
2ED8193CA2E11072,1.44,-11.52,30.40,0.57,0.84,0.93,BODY
AD0238DE949C2E28,4.21,-11.69,30.60,0.54,0.83,0.94,BODY
92D71A50917C4DDE,-12.04,-11.13,30.00,0.25,0.49,0.69,BODY
CD0D61461AE5F4E3,-0.99,-11.53,30.20,0.26,0.59,0.68,BODY
F112B1D5A7BEC090,1.69,-11.49,30.40,0.56,0.84,0.93,BODY
BE38B613B8995F15,3.79,-11.11,30.60,0.53,0.84,0.94,BODY
D8EBB5D7B677C1D2,-12.02,-11.49,30.00,0.26,0.54,0.74,BODY
39C838E0203941ED,-0.80,-11.12,30.20,0.32,0.62,0.74,BODY
F7F7720A34A9AB7A,1.16,-11.20,30.40,0.52,0.81,0.91,BODY
04354C3BD9F9A9AC,3.69,-11.15,30.60,0.54,0.84,0.93,BODY
9E0565686259FB46,-12.57,-11.05,30.00,0.26,0.54,0.74,BODY
2A0BC180D5A3A5B9,-9.85,-11.07,30.20,0.15,0.24,0.36,BODY
3BE6D2A90BA51D8C,1.33,-11.47,30.40,0.51,0.82,0.91,BODY
DDC989603895AD04,4.01,-11.12,30.60,0.54,0.84,0.93,BODY
3A187390E5494A57,-12.25,-11.39,30.00,0.55,0.80,0.94,BODY
BE901CE997A95C5B,-9.91,-11.26,30.20,0.13,0.41,0.58,BODY
BB8A1A8801256CCD,1.15,-11.45,30.40,0.47,0.80,0.88,BODY
345F828523686A60,3.42,-10.98,30.60,0.59,0.85,0.93,BODY
9D1C6396FAF96465,5.74,-11.26,30.00,0.45,0.70,0.84,BODY
3DC8E8BC4E015DB1,-10.39,-11.42,30.20,0.27,0.52,0.71,BODY
A608AC4FA095B7DC,0.43,-11.07,30.40,0.41,0.74,0.83,BODY
71AD86DE2EA659F5,2.90,-11.21,30.60,0.57,0.84,0.93,BODY
AD9808F48EB91F67,5.40,-10.94,30.00,0.46,0.79,0.89,BODY
2DDCE220ED01F475,-10.51,-10.99,30.20,0.35,0.62,0.81,BODY
6777C23E86B31DAE,0.14,-11.34,30.40,0.38,0.70,0.82,BODY
F077E2A0736CFBD9,3.03,-11.21,30.60,0.62,0.86,0.94,BODY
B124A65F3ED754EF,5.48,-11.03,30.00,0.46,0.79,0.88,BODY
325456093717FC69,-11.09,-10.75,30.20,0.13,0.33,0.52,BODY
E1BAE35374476ADB,-0.34,-10.75,30.40,0.35,0.67,0.78,BODY
8F8A9A51C399174D,2.44,-10.77,30.60,0.58,0.86,0.94,BODY
B5742EBB0B4B6E62,4.68,-10.88,30.00,0.49,0.82,0.91,BODY
4CF0F5B02E92B425,-11.22,-10.82,30.20,0.19,0.47,0.68,BODY
192A536B5CE411D7,-0.42,-11.05,30.40,0.30,0.62,0.72,BODY
5184D435CD139742,1.82,-10.94,30.60,0.48,0.80,0.87,BODY
BACC28A10345D483,4.17,-11.25,30.00,0.55,0.84,0.93,BODY
ABF52C3493C8CE3A,-12.11,-10.76,30.20,0.43,0.70,0.86,BODY
7242147B9A8D38A9,-9.74,-11.16,30.40,0.39,0.62,0.81,BODY
DA25E0D4356BF765,1.06,-11.04,30.60,0.56,0.83,0.91,BODY
9B46713153ECE2A6,3.90,-10.85,30.00,0.59,0.85,0.95,BODY
3E64F7F7A43CC953,-12.38,-11.03,30.20,0.35,0.62,0.81,BODY
FD66FE0815231E84,-10.34,-10.89,30.40,0.29,0.53,0.71,BODY
53FB604FC3C010B8,0.76,-10.60,30.60,0.42,0.75,0.84,BODY
53C8C046F96EB71C,2.90,-10.96,30.00,0.57,0.84,0.94,BODY
4A1B4149EFC3C909,5.68,-10.78,30.20,0.46,0.80,0.91,BODY
B3742E2265BD9CF2,-10.46,-11.15,30.40,0.16,0.36,0.53,BODY
771AFD1BC6B7E086,0.00,-10.93,30.60,0.39,0.68,0.81,BODY
4CB895BD0FCEB860,2.64,-11.00,30.00,0.58,0.84,0.94,BODY
CF2B37FAED905328,4.80,-10.66,30.20,0.48,0.81,0.91,BODY
689D465B0B38FE81,-11.74,-10.58,30.40,0.35,0.60,0.81,BODY
380388BC988325D3,-0.70,-10.93,30.60,0.35,0.67,0.78,BODY
50B0422D8403F411,1.90,-11.01,30.00,0.49,0.82,0.90,BODY
D00B65FF23EC7C60,3.95,-10.69,30.20,0.58,0.84,0.93,BODY
AA953AD1E35CAFF6,-12.01,-10.80,30.40,0.39,0.65,0.81,BODY
86C2755CBAECC1E8,-9.71,-10.45,30.60,0.27,0.50,0.69,BODY
F4696787A9C2C7B5,0.99,-10.62,30.00,0.48,0.80,0.91,BODY
049D3FC26DBC73FA,3.25,-10.65,30.20,0.55,0.83,0.94,BODY
23D6083C44C23EFF,5.96,-10.96,30.40,0.46,0.80,0.91,BODY
9243E155D60BC472,-10.97,-10.64,30.60,0.17,0.41,0.59,BODY
C7982952F6D7B92F,-0.28,-10.78,30.00,0.32,0.63,0.72,BODY
7E8C501156A033C2,2.02,-10.73,30.20,0.54,0.84,0.91,BODY
CD74A5E393B4433C,4.92,-10.76,30.40,0.56,0.85,0.94,BODY
EBD0F1B3CFF4F02C,-12.03,-10.42,30.60,0.35,0.62,0.81,BODY
0184F1F658DCE10A,-9.49,-10.66,30.00,0.25,0.49,0.67,BODY
9C698CC7D71AA9A3,1.20,-10.49,30.20,0.53,0.83,0.93,BODY
3AC945411D508817,3.39,-10.64,30.40,0.58,0.84,0.94,BODY
BAE8112F3DFAAAB5,6.21,-10.38,30.60,0.45,0.78,0.88,BODY
5F510697A6E4E41C,-10.57,-10.87,30.00,0.19,0.46,0.65,BODY
E3BD399EC1DB6252,-0.15,-10.84,30.20,0.26,0.60,0.71,BODY
9A31AF48B4C729FF,2.34,-10.54,30.40,0.54,0.83,0.93,BODY
AD2AFB5505498829,4.67,-10.57,30.60,0.56,0.83,0.94,BODY
487562F8EF949411,-11.91,-10.52,30.00,0.34,0.61,0.78,BODY
05352D2C7B476A20,-9.29,-10.74,30.20,0.25,0.49,0.68,BODY
2DD42546FE874094,0.73,-10.58,30.40,0.46,0.80,0.87,BODY
336CA0F7AFBCE1A6,3.22,-10.73,30.60,0.60,0.84,0.93,BODY
115C48F342E0B38A,5.78,-10.51,30.00,0.48,0.80,0.91,BODY
B6BFEE1E43070DED,-10.81,-10.72,30.20,0.41,0.67,0.85,BODY
24A3C82060E91EC6,-0.69,-10.53,30.40,0.35,0.64,0.74,BODY
CAE6CB71D7EDF823,1.32,-10.39,30.60,0.49,0.82,0.89,BODY
0A4D8276AAB59488,4.11,-10.79,30.00,0.56,0.84,0.94,BODY
C98D7244C621668F,-12.18,-10.22,30.20,0.42,0.64,0.81,BODY
C4D7ED1803B291A1,-9.95,-10.65,30.40,0.24,0.43,0.62,BODY
723F0B93F3F77D62,-0.23,-10.43,30.60,0.43,0.75,0.85,BODY
23E72B49AA4B6CE6,2.50,-10.51,30.00,0.60,0.85,0.93,BODY
CCD37A46316CD0E2,4.79,-10.57,30.20,0.52,0.83,0.91,BODY
5C0955D64443CA5D,-11.26,-10.38,30.40,0.31,0.59,0.80,BODY
F83612693C204CB9,-8.91,-10.30,30.60,0.29,0.51,0.68,BODY
0BC83618BD982B59,1.10,-10.67,30.00,0.53,0.83,0.91,BODY
85BE5CCDA601554C,3.79,-10.42,30.20,0.59,0.85,0.94,BODY
4CE7A3E722553F2E,6.07,-10.19,30.40,0.47,0.78,0.88,BODY
BF0280E2C07DA3A3,-10.70,-10.35,30.60,0.35,0.64,0.81,BODY
70BDF14C99A680F6,-0.59,-10.13,30.00,0.32,0.67,0.78,BODY
055021FA59496461,1.66,-10.46,30.20,0.58,0.84,0.94,BODY
88C582BFBB6AB39A,4.46,-10.42,30.40,0.56,0.85,0.94,BODY
B671C3747A20FE7E,-12.02,-10.17,30.60,0.38,0.62,0.80,BODY
DD316BEC80ED826F,-9.32,-10.15,30.00,0.26,0.47,0.65,BODY
B9237AAAACFCAC39,0.56,-10.09,30.20,0.44,0.77,0.86,BODY
EB1F43BA4A1289F8,2.96,-10.58,30.40,0.62,0.86,0.95,BODY
D2CEAB117F73B233,5.44,-10.21,30.60,0.52,0.82,0.93,BODY
7F8203FC0E7E489E,-11.39,-10.25,30.00,0.32,0.60,0.80,BODY
8E676E77D9F61F72,-8.88,-10.41,30.20,0.45,0.67,0.84,BODY
0780E08FB6BB0917,0.80,-10.06,30.40,0.54,0.84,0.93,BODY
250616F24BC24EE7,3.32,-9.96,30.60,0.59,0.85,0.94,BODY
52DD56340E7E9B83,6.36,-9.97,30.00,0.47,0.78,0.88,BODY
B9B1F66DE48FE427,-10.27,-9.94,30.20,0.52,0.76,0.94,BODY
BCACDDDF15BEC668,-0.82,-9.96,30.40,0.39,0.68,0.78,BODY
BE56388F84D62803,2.14,-9.96,30.60,0.58,0.84,0.91,BODY
DF5AD582597B886C,4.54,-10.27,30.00,0.56,0.85,0.94,BODY
9F088C8C8AC4BD47,-12.00,-10.36,30.20,0.26,0.53,0.71,BODY
8229C42EF5353BF8,-9.46,-9.89,30.40,0.32,0.60,0.78,BODY
E860AAD73C3916B8,-0.07,-9.97,30.60,0.43,0.75,0.85,BODY
393DE94E8CF4C1CF,2.58,-10.25,30.00,0.61,0.86,0.94,BODY
2E4EB945320A7D9B,5.31,-9.96,30.20,0.52,0.83,0.91,BODY
38394C4F7280DCA0,-11.35,-10.35,30.40,0.28,0.52,0.72,BODY
F7CAC9653694A110,-8.81,-10.07,30.60,0.25,0.47,0.67,BODY
C9BFE944F3A6846B,0.51,-10.08,30.00,0.51,0.80,0.90,BODY
4BA5FC300A9ED9B6,3.30,-10.35,30.20,0.58,0.84,0.91,BODY
CEBDE7258B48586D,5.73,-9.83,30.40,0.52,0.83,0.91,BODY
C4EFE291ECA296B6,-10.86,-9.99,30.60,0.31,0.60,0.80,BODY
70511A605006AD32,-8.17,-10.19,30.00,0.32,0.54,0.71,BODY
1FBE13FBCB29ACA5,0.77,-10.27,30.20,0.52,0.81,0.91,BODY
F9A665679734B289,3.30,-9.97,30.40,0.59,0.84,0.94,BODY
5D2719D5ABBBB823,5.79,-9.94,30.60,0.52,0.81,0.91,BODY
631CC1214E5E7EE5,-10.39,-9.95,30.00,0.38,0.64,0.82,BODY
531B59974DEF32AA,-8.14,-9.76,30.20,0.46,0.67,0.82,BODY
0644EE155CC36BFE,1.18,-9.89,30.40,0.60,0.85,0.93,BODY
50DD8A645F9E60E9,3.87,-9.77,30.60,0.60,0.86,0.94,BODY
47BD7CA2D5C045B5,6.21,-10.29,30.00,0.32,0.53,0.60,BODY
1A600F90E38F666A,-10.06,-10.20,30.20,0.36,0.62,0.81,BODY
F5EDD0576340B798,-7.86,-9.66,30.40,0.29,0.42,0.58,BODY
FF828BC72F5DC51A,1.68,-10.08,30.60,0.48,0.80,0.91,BODY
229FA1B3F4712F77,3.75,-10.18,30.00,0.58,0.84,0.94,BODY
D9E090CEE3CB88FA,-12.37,-9.86,30.20,0.25,0.51,0.70,BODY
494ACCAFF9967AD1,-10.33,-10.01,30.40,0.48,0.73,0.91,BODY
2CD6D7D2AD0B2B93,-7.59,-9.80,30.60,0.29,0.36,0.68,BODY
2FFA5AE7A8331C1E,1.46,-9.62,30.00,0.65,0.87,0.94,BODY
D1E03F7D2E7A978A,3.97,-9.69,30.20,0.56,0.85,0.94,BODY
DDC888B8CCEAB192,-12.52,-9.56,30.40,0.29,0.51,0.68,BODY
D3773E29DCA7C40F,-9.64,-9.99,30.60,0.48,0.73,0.91,BODY
0C2245F659D886E2,-0.66,-10.12,30.00,0.39,0.71,0.81,BODY
652822EBF5FAA926,1.99,-9.91,30.20,0.58,0.84,0.91,BODY
B31A4D0F9FFF2DA6,4.57,-9.60,30.40,0.57,0.85,0.93,BODY
57D2728B5ABA0B08,-12.10,-9.99,30.60,0.16,0.43,0.61,BODY
BB134562201589A2,-9.41,-9.60,30.00,0.45,0.71,0.88,BODY
71447D21FFFE589A,-0.56,-9.60,30.20,0.34,0.68,0.78,BODY
7481098D1447844A,1.85,-9.84,30.40,0.57,0.84,0.91,BODY
9FB9AB240EB40F84,4.72,-9.50,30.60,0.55,0.84,0.93,BODY
237612270EB0078D,-12.35,-9.45,30.00,0.27,0.51,0.70,BODY
D3CFA266F5E223E3,-9.52,-9.94,30.20,0.32,0.62,0.81,BODY
020E8B5F73E69493,-0.32,-10.04,30.40,0.35,0.68,0.81,BODY
643BE79CA2070004,2.00,-10.00,30.60,0.61,0.86,0.94,BODY
D82B1C4618952CCA,4.62,-9.69,30.00,0.55,0.84,0.94,BODY
FE29B433BB255CA6,-11.78,-9.58,30.20,0.29,0.54,0.71,BODY
82B77A6B46BFCAC5,-9.55,-9.61,30.40,0.35,0.65,0.84,BODY
95C7BD145BFFC16E,-0.60,-9.73,30.60,0.35,0.68,0.81,BODY
21ECE7A237A5BE04,2.19,-9.88,30.00,0.61,0.86,0.94,BODY
6081B3F56F88F6EA,4.60,-9.67,30.20,0.55,0.84,0.94,BODY
7EF09CDF546831D9,-11.88,-9.89,30.40,0.29,0.54,0.71,BODY
FA20E271AF166D7E,-9.36,-9.81,30.60,0.35,0.65,0.84,BODY
6BCA0AF220C09B95,-0.38,-9.37,30.00,0.32,0.67,0.78,BODY
4E48C38F28E49F58,2.38,-9.87,30.20,0.61,0.86,0.94,BODY
EDEFDAD0C9304B38,4.43,-9.46,30.40,0.55,0.84,0.94,BODY
8E1EF350A3510222,-11.91,-9.84,30.60,0.33,0.56,0.74,BODY
8489270A992BE28A,-9.31,-9.67,30.00,0.38,0.65,0.84,BODY
7D4808DBF2D3B747,-0.32,-9.39,30.20,0.32,0.67,0.78,BODY
3E6EEE96C03411C9,2.14,-9.52,30.40,0.58,0.84,0.91,BODY
B2CFBA4E5A31E894,4.53,-9.72,30.60,0.57,0.85,0.93,BODY
CF43A216B563AD96,-12.43,-9.82,30.00,0.32,0.57,0.71,BODY
533968D6509AC4B2,-9.72,-9.39,30.20,0.45,0.73,0.91,BODY
711094FC17398F61,-0.63,-9.44,30.40,0.24,0.42,0.49,BODY
9749E5D24493C298,1.74,-9.54,30.60,0.58,0.84,0.94,BODY
5D98225FBD6156C7,4.21,-9.42,30.00,0.58,0.84,0.93,BODY
9480F9DC16AC4675,-12.44,-9.28,30.20,0.45,0.68,0.84,BODY
FCAEFD0C0CA6328B,-9.51,-9.41,30.40,0.32,0.62,0.81,BODY
44781E22FF8BCA7F,-7.48,-9.42,30.60,0.48,0.70,0.87,BODY
FAA913DA7E31EEF8,1.45,-9.66,30.00,0.52,0.82,0.91,BODY
2A15700CCB4FD87A,4.10,-9.57,30.20,0.58,0.85,0.94,BODY
427222E1B56CE263,-12.59,-9.43,30.40,0.48,0.71,0.87,BODY
C7C59B6926835B74,-9.86,-9.17,30.60,0.22,0.53,0.74,BODY
2F34FFFA5BB45CC9,-7.76,-9.23,30.00,0.36,0.55,0.71,BODY
865CA7A9A68F1982,0.87,-9.25,30.20,0.56,0.83,0.91,BODY
778F60731238F0C1,3.64,-9.50,30.40,0.60,0.85,0.94,BODY
0D1FE502CC0D4698,6.45,-9.17,30.60,0.52,0.81,0.91,BODY
28ECF13521249B0B,-10.20,-9.43,30.00,0.25,0.47,0.67,BODY
DD03C5F2C23E787B,-8.21,-9.56,30.20,0.45,0.65,0.84,BODY
52DB954852561767,0.68,-9.42,30.40,0.45,0.78,0.87,BODY
C2399CD693289D0C,3.23,-9.20,30.60,0.58,0.84,0.94,BODY
74015F8A73BE297E,5.57,-9.20,30.00,0.52,0.82,0.91,BODY
189815430502C678,-10.73,-9.64,30.20,0.22,0.47,0.67,BODY
A9F49C6B708778BA,-8.63,-9.07,30.40,0.37,0.61,0.80,BODY
32CC68E9857C278C,0.35,-9.22,30.60,0.51,0.80,0.90,BODY
AE6448DAB0A17EAC,2.79,-9.63,30.00,0.65,0.86,0.94,BODY
0211E8B729C2DFFA,5.45,-9.10,30.20,0.51,0.80,0.91,BODY
8FA321C31E6D0E5D,-11.24,-9.52,30.40,0.42,0.64,0.81,BODY
11211972833B672F,-9.04,-9.01,30.60,0.48,0.75,0.90,BODY
0B498AA93E1ED6F6,-6.53,-9.34,30.00,0.15,0.18,0.24,BODY
98E8F6C6A80F3F72,1.20,-9.40,30.20,0.54,0.83,0.91,BODY
7EAF4D312A5105A0,3.57,-9.16,30.40,0.59,0.85,0.94,BODY
7E456FA6A4C291AE,6.18,-9.44,30.60,0.43,0.68,0.76,BODY
F97395E795449C84,-10.32,-8.95,30.00,0.29,0.55,0.76,BODY
4F1800C205F6CA82,-7.87,-9.26,30.20,0.39,0.59,0.78,BODY
72233CCF388A7701,-0.04,-9.31,30.40,0.42,0.75,0.84,BODY
2D18940ECD73C2C1,2.64,-9.03,30.60,0.65,0.86,0.94,BODY
7B8F59B044BD1970,4.73,-9.22,30.00,0.52,0.81,0.91,BODY
F22E98F167BB3FE8,-11.68,-9.36,30.20,0.35,0.56,0.71,BODY
9771BE1924C58F1B,-9.09,-9.24,30.40,0.52,0.78,0.94,BODY
717A17B5F3FA1993,-6.77,-9.46,30.60,0.32,0.52,0.67,BODY
883E7A1C857323C0,1.32,-9.20,30.00,0.55,0.83,0.91,BODY
E6FDAF54F2391B9D,3.58,-8.93,30.20,0.59,0.85,0.94,BODY
04261FC67F85F77A,6.06,-9.32,30.40,0.54,0.83,0.93,BODY
EF50D735CF966BC8,-10.78,-9.16,30.60,0.16,0.43,0.64,BODY
86973DAEC2C87BBD,-8.18,-9.12,30.00,0.29,0.54,0.71,BODY
580E04FBB407DABE,-0.67,-8.94,30.20,0.42,0.73,0.84,BODY
0D19899ADC7DBF2A,2.09,-9.03,30.40,0.59,0.85,0.93,BODY
62718599FE8E4430,4.71,-9.40,30.60,0.52,0.83,0.91,BODY
E86328A7BC344117,-11.88,-9.17,30.00,0.49,0.68,0.83,BODY
BE3B143C2F3C775C,-9.65,-8.85,30.20,0.25,0.56,0.76,BODY
AA616EC3DD2F95FF,-7.13,-9.03,30.40,0.28,0.44,0.61,BODY
2F3505D1273E8D00,0.69,-9.00,30.60,0.51,0.80,0.89,BODY
0A8B096FB0AF39F6,3.43,-9.03,30.00,0.59,0.84,0.93,BODY
CDA15933946D4920,5.48,-9.31,30.20,0.52,0.82,0.91,BODY
274807397AC8BBE5,-10.85,-9.08,30.40,0.39,0.64,0.81,BODY
0E3898BF6A6B400F,-8.53,-8.83,30.60,0.55,0.78,0.91,BODY
6604781966F33A5E,-6.23,-8.87,30.00,0.16,0.20,0.32,BODY
EE421B1359BE62AC,1.53,-8.78,30.20,0.64,0.85,0.93,BODY
8C817DCA8DA18D2C,4.33,-9.25,30.40,0.56,0.83,0.91,BODY
C7EB9373FD26C57A,-12.20,-9.23,30.60,0.38,0.59,0.76,BODY
3A203738CD91D2B5,-9.72,-9.29,30.00,0.32,0.59,0.81,BODY
04777F2D111D3700,-7.34,-8.99,30.20,0.40,0.60,0.75,BODY
83E9DC6A8DC700AD,0.08,-8.72,30.40,0.53,0.83,0.89,BODY
FB1FCDBA11349BBE,2.83,-9.25,30.60,0.63,0.85,0.95,BODY
9B60E0F08CAE0142,4.96,-9.14,30.00,0.48,0.80,0.89,BODY
10FD3F575F09BB08,-11.10,-8.99,30.20,0.45,0.67,0.83,BODY
B69B34D0ACE215AE,-8.89,-9.17,30.40,0.35,0.63,0.82,BODY
423F0BBE2B89F55C,-6.10,-8.84,30.60,0.32,0.49,0.65,BODY
6DEDE7284BA01E31,1.18,-9.14,30.00,0.59,0.85,0.93,BODY
4DBB794C725F85C3,3.65,-8.92,30.20,0.60,0.85,0.94,BODY
8F5932D3C00A7F16,6.54,-8.81,30.40,0.51,0.77,0.87,BODY
66DB9A2F9063D1B9,-10.33,-9.19,30.60,0.17,0.44,0.64,BODY
4520237880AE5149,-7.96,-8.85,30.00,0.38,0.62,0.78,BODY
B45FEB2FB7649D43,-0.50,-8.72,30.20,0.42,0.75,0.84,BODY
CDBF296982788A04,1.98,-9.09,30.40,0.55,0.83,0.91,BODY
88FFABE7B1FDB446,4.69,-9.10,30.60,0.54,0.83,0.93,BODY
18D9B0858CE03547,-12.05,-8.90,30.00,0.25,0.46,0.63,BODY
08B3F95F5733DCB2,-9.48,-9.14,30.20,0.32,0.60,0.78,BODY
5F815804E981585C,-7.13,-9.02,30.40,0.38,0.55,0.70,BODY
66205060911B139F,0.10,-8.97,30.60,0.40,0.74,0.85,BODY
93DB037591EEC9EC,2.05,-8.58,30.00,0.65,0.87,0.94,BODY
F14B19C9C44475D6,4.87,-8.71,30.20,0.55,0.83,0.94,BODY
AB5681CA945EBBA1,-12.02,-9.05,30.40,0.16,0.35,0.55,BODY
1E5BD43BF466A11E,-9.53,-8.59,30.60,0.27,0.55,0.75,BODY
0704FA1342E5CD20,-6.67,-8.82,30.00,0.26,0.41,0.58,BODY
BB98FC43075559E0,-0.36,-9.00,30.20,0.39,0.71,0.81,BODY
78C3BCFDBE3E2420,2.37,-8.66,30.40,0.60,0.84,0.91,BODY
8757B976AE019BCB,4.53,-8.85,30.60,0.57,0.84,0.94,BODY
0CA002F708747FE1,-11.97,-8.85,30.00,0.41,0.64,0.83,BODY
66A6E17361567CBC,-9.59,-8.84,30.20,0.28,0.55,0.76,BODY
0896353AAE3DB625,-6.80,-8.82,30.40,0.34,0.55,0.72,BODY
24E9E60993CE2A1C,-4.30,-8.93,30.60,0.16,0.20,0.32,BODY
1170DAA7E4866B0F,1.42,-9.02,30.00,0.63,0.86,0.93,BODY
6F722A22B07986B0,4.32,-8.58,30.20,0.60,0.86,0.94,BODY
F5EDA72B10C01FA8,-12.54,-8.65,30.40,0.35,0.56,0.76,BODY
51EC67FA6DB614A2,-9.86,-8.97,30.60,0.29,0.55,0.75,BODY
C8E3EC97D8010E75,-7.59,-8.45,30.00,0.52,0.75,0.91,BODY
40C336764AF202EA,-5.07,-8.58,30.20,0.13,0.20,0.32,BODY
BEF1D6D0012A6C2D,0.84,-8.43,30.40,0.53,0.83,0.91,BODY
76ADD8D977CB1CE5,3.65,-8.75,30.60,0.62,0.86,0.94,BODY
C03A50A5436F9DEE,6.03,-8.89,30.00,0.55,0.82,0.91,BODY
685BDE4C8C44E5A8,-10.64,-8.80,30.20,0.35,0.61,0.77,BODY
16572F685139AC7F,-7.92,-8.89,30.40,0.35,0.62,0.81,BODY
C4EE5442D8548A04,-5.82,-8.86,30.60,0.14,0.21,0.34,BODY
C7403671BB671A5A,0.24,-8.93,30.00,0.53,0.83,0.91,BODY
BDCD5027AE1286D4,2.88,-8.40,30.20,0.65,0.87,0.94,BODY
077C2C934EFD1AF0,5.39,-8.42,30.40,0.50,0.81,0.89,BODY
41B637F8A38D655B,-11.13,-8.55,30.60,0.13,0.30,0.48,BODY
2CE4EFFA4C94D36A,-8.97,-8.73,30.00,0.28,0.57,0.78,BODY
C3617EC34A66BD75,-6.26,-8.56,30.20,0.35,0.54,0.71,BODY
0BDB48AF14BBAC81,-0.22,-8.50,30.40,0.37,0.72,0.83,BODY
495B99FA4AF24068,2.27,-8.79,30.60,0.60,0.84,0.91,BODY
2A525010A066AB79,4.39,-8.69,30.00,0.65,0.87,0.95,BODY
9A2CB0DF881C736E,-12.26,-8.84,30.20,0.42,0.64,0.80,BODY
7B827902663CC41B,-9.23,-8.83,30.40,0.13,0.40,0.61,BODY
FBADE253FF711A00,-7.02,-8.29,30.60,0.22,0.44,0.61,BODY
5328A05D051B21CB,-4.36,-8.72,30.00,0.15,0.21,0.34,BODY
439646D56ED87077,1.65,-8.29,30.20,0.60,0.85,0.93,BODY
A070865C68A747B2,3.78,-8.56,30.40,0.57,0.84,0.91,BODY
8D9E6619EFA788DC,6.09,-8.27,30.60,0.40,0.65,0.72,BODY
834CAE03AB5AADCB,-10.37,-8.56,30.00,0.29,0.54,0.71,BODY
4354E42D351F298E,-8.00,-8.39,30.20,0.41,0.69,0.87,BODY
78CDCD863E9F16FD,-5.47,-8.30,30.40,0.19,0.22,0.35,BODY
131AFF14279C634C,0.78,-8.36,30.60,0.56,0.83,0.91,BODY
6354CDFCAEAEF734,3.28,-8.72,30.00,0.61,0.86,0.93,BODY
3D0253D6DBDFEB59,5.54,-8.59,30.20,0.49,0.80,0.88,BODY
6D6F8189E38349A5,-11.21,-8.40,30.40,0.16,0.34,0.51,BODY
85DB6F8E32274A01,-8.55,-8.47,30.60,0.27,0.57,0.78,BODY
F326141C455F6158,-6.17,-8.20,30.00,0.24,0.41,0.58,BODY
185196FB8893E5A1,-0.01,-8.75,30.20,0.42,0.76,0.87,BODY
65CF48C979867125,2.28,-8.60,30.40,0.58,0.84,0.91,BODY
47F76D0CD97E5068,4.99,-8.18,30.60,0.65,0.86,0.94,BODY
A217AD2FA0573358,-11.93,-8.43,30.00,0.35,0.58,0.77,BODY
9B4B554DCD50FD2B,-9.14,-8.16,30.20,0.22,0.49,0.70,BODY
BBE081F33D411CD6,-6.60,-8.18,30.40,0.37,0.58,0.76,BODY
0B2986442217C4F8,-4.33,-8.27,30.60,0.16,0.20,0.32,BODY
39C7512E0E071F7D,1.56,-8.46,30.00,0.61,0.84,0.91,BODY
8D0D8A34AA6ECE98,3.68,-8.20,30.20,0.60,0.86,0.96,BODY
C9609C2B1D1D434D,-12.85,-8.18,30.40,0.58,0.71,0.81,BODY
9238E80B7010A446,-10.34,-8.19,30.60,0.38,0.60,0.77,BODY
3064F56DEE5B52FA,-7.37,-8.59,30.00,0.38,0.64,0.82,BODY
14DB6D08CB24E76A,-5.39,-8.48,30.20,0.16,0.21,0.33,BODY
251D246B92702E9B,0.80,-8.20,30.40,0.55,0.82,0.91,BODY
41B913088DE8D8A5,3.25,-8.61,30.60,0.62,0.87,0.94,BODY
AACAA494026D2C8C,5.74,-8.62,30.00,0.52,0.80,0.91,BODY
0A41FEA47A33226A,-10.67,-8.03,30.20,0.27,0.46,0.62,BODY
D2208BCDA4636ADA,-8.35,-8.50,30.40,0.32,0.60,0.81,BODY
A4C760B913EA0059,-5.68,-8.18,30.60,0.35,0.53,0.71,BODY
FBCC5A28D2850971,-0.44,-8.38,30.00,0.42,0.75,0.84,BODY
A5BF51A618DF2C16,2.20,-8.57,30.20,0.55,0.84,0.94,BODY
B40D441CC4F1CC1C,4.97,-8.56,30.40,0.65,0.84,0.94,BODY
2378F59B769F966E,-11.83,-8.09,30.60,0.29,0.51,0.71,BODY
C5D28943F912C2BB,-9.45,-8.08,30.00,0.35,0.60,0.81,BODY
5601C41B3B0076D3,-7.07,-8.02,30.20,0.35,0.56,0.74,BODY
FE373FC1F4E23DBF,-4.32,-8.22,30.40,0.16,0.19,0.32,BODY
FC6B4F3C37276791,1.14,-8.49,30.60,0.60,0.85,0.91,BODY
0CAB7D768C246FCA,3.49,-8.42,30.00,0.61,0.86,0.94,BODY
75050AFBAE52D9B6,6.30,-8.25,30.20,0.58,0.83,0.94,BODY
2840401B48A852C5,-10.32,-8.44,30.40,0.35,0.58,0.76,BODY
75A642BAE64F0494,-8.02,-8.34,30.60,0.35,0.62,0.80,BODY
BDE12E30BDAD35FD,-5.49,-8.09,30.00,0.31,0.46,0.59,BODY
E2264B3421C1732B,0.01,-8.03,30.20,0.47,0.79,0.88,BODY
DDD13C4119A17DB9,2.39,-8.09,30.40,0.67,0.86,0.93,BODY
164F9CFA08E20853,5.25,-8.27,30.60,0.60,0.85,0.94,BODY
EFD6D2C92C7956B5,-11.43,-8.35,30.00,0.35,0.57,0.74,BODY
648F6F8FEDB7C458,-9.18,-8.12,30.20,0.27,0.54,0.73,BODY
EC5D50F0F43AB5C5,-6.74,-8.12,30.40,0.34,0.56,0.74,BODY
5B9BB074A5B81107,-4.14,-8.05,30.60,0.17,0.24,0.36,BODY
820C81402F95434D,1.62,-8.41,30.00,0.60,0.84,0.91,BODY
297BE2ACE74E996C,4.26,-8.26,30.20,0.61,0.86,0.94,BODY
281F1D6880870A1B,-12.77,-8.20,30.40,0.41,0.62,0.77,BODY
B769054781883DB3,-9.98,-8.21,30.60,0.46,0.67,0.84,BODY
E7C8B852F67D3C40,-7.46,-8.15,30.00,0.32,0.59,0.81,BODY
F4F984DE292C024B,-5.29,-8.00,30.20,0.19,0.25,0.39,BODY
79541DD0A10D31B8,0.41,-7.87,30.40,0.53,0.82,0.89,BODY
79895B2525B7BE9A,2.88,-8.30,30.60,0.64,0.86,0.94,BODY
2DB78B8192F0C4F8,5.46,-8.01,30.00,0.58,0.84,0.94,BODY
A0A0B1B5BA63151D,-11.15,-8.34,30.20,0.33,0.53,0.72,BODY
30F8F2D4D647459F,-8.63,-8.15,30.40,0.29,0.56,0.74,BODY
E2C7EF71CEC1D5CE,-6.59,-8.30,30.60,0.40,0.59,0.77,BODY
0CCADB5AC4026975,-3.96,-8.08,30.00,0.18,0.25,0.38,BODY
BE06E15805D83907,1.32,-7.96,30.20,0.60,0.84,0.91,BODY
D3F2851406D0CB46,4.13,-7.85,30.40,0.60,0.85,0.93,BODY
1D7A06A599AE4F4B,-12.44,-8.09,30.60,0.45,0.67,0.84,BODY
9E442ACD99CC9B11,-9.86,-8.05,30.00,0.40,0.62,0.80,BODY
CAE6C528412B0F96,-7.44,-7.96,30.20,0.39,0.65,0.87,BODY
E50CDD757E029170,-5.04,-7.93,30.40,0.32,0.53,0.67,BODY
5F768063F2D04506,0.39,-8.07,30.60,0.54,0.82,0.91,BODY
1DC29D9633127200,2.87,-8.18,30.00,0.65,0.86,0.94,BODY
01268F21FB972F1A,4.97,-8.25,30.20,0.58,0.84,0.94,BODY
99EE7FF355BEE0CB,-11.45,-7.73,30.40,0.29,0.52,0.69,BODY
3A7554F68A2E9D62,-8.84,-7.66,30.60,0.42,0.67,0.84,BODY
3C1BD2594D4698E4,-6.63,-8.07,30.00,0.46,0.71,0.85,BODY
6295B672AECEA5E2,-3.71,-7.71,30.20,0.14,0.22,0.34,BODY
BE54974731724FE2,1.62,-7.81,30.40,0.65,0.89,0.97,BODY
1C2625DA4BBA7BE9,4.07,-8.00,30.60,0.57,0.84,0.93,BODY
4898724EE268CF91,-12.77,-7.86,30.00,0.43,0.51,0.59,BODY
BE1130B329CF1111,-10.08,-8.01,30.20,0.34,0.57,0.75,BODY
6E501870255963FA,-7.98,-8.07,30.40,0.29,0.54,0.71,BODY
C4324F8C627B7871,-5.13,-7.67,30.60,0.32,0.53,0.67,BODY
59666C2557844485,0.09,-7.63,30.00,0.42,0.76,0.87,BODY
21EBC1585FD24B12,2.60,-8.00,30.20,0.61,0.86,0.93,BODY
209CEA97CD26E7D3,4.88,-7.67,30.40,0.54,0.83,0.91,BODY
6F2A776C4C123F10,-11.95,-7.97,30.60,0.22,0.46,0.65,BODY
4E9466C27F4FD57C,-9.39,-7.86,30.00,0.42,0.67,0.84,BODY
B5D29908AECA2B27,-6.52,-7.86,30.20,0.51,0.75,0.88,BODY
2FB6995BB139D8D7,-4.20,-7.69,30.40,0.16,0.22,0.35,BODY
7928B3A842DAF635,1.12,-7.85,30.60,0.54,0.83,0.93,BODY
5FFD8DC5949F43C7,3.26,-7.60,30.00,0.60,0.85,0.93,BODY
4C1A4E3811E8205C,5.95,-7.73,30.20,0.54,0.83,0.93,BODY
EA4DF86EF0F01FC5,-10.66,-7.62,30.40,0.22,0.46,0.65,BODY
F62E53987107EC00,-8.31,-7.73,30.60,0.52,0.75,0.91,BODY
684CCD94E188B41D,-5.58,-7.95,30.00,0.29,0.51,0.71,BODY
82A0BC849301B6AA,-2.89,-8.05,30.20,0.29,0.38,0.52,BODY
4E982C40BA8ADF1B,2.04,-7.92,30.40,0.58,0.84,0.93,BODY
8554C0F344B356A2,4.38,-8.00,30.60,0.52,0.81,0.91,BODY
35DC52F4FDB05E42,-12.52,-7.57,30.00,0.37,0.61,0.77,BODY
88983E6A3D164B84,-10.01,-7.79,30.20,0.33,0.56,0.74,BODY
FA26A534BA4423A4,-7.39,-7.74,30.40,0.35,0.62,0.80,BODY
CE18A0D6CE80A95A,-4.53,-7.76,30.60,0.19,0.29,0.42,BODY
C72823AA581691FA,0.55,-7.84,30.00,0.42,0.78,0.87,BODY
C39133662F24C02F,2.83,-7.84,30.20,0.65,0.87,0.94,BODY
E9A824564AB3DDFC,5.26,-7.71,30.40,0.53,0.82,0.91,BODY
D258B87511C59710,-11.05,-8.00,30.60,0.30,0.53,0.72,BODY
381FE5EEC15B7CFD,-8.98,-7.51,30.00,0.36,0.58,0.78,BODY
19D5858E8574710D,-6.07,-7.43,30.20,0.55,0.80,0.94,BODY
A382C7C7255DD14C,-3.68,-7.90,30.40,0.17,0.20,0.34,BODY
44F582B244286C0E,0.88,-7.54,30.60,0.55,0.83,0.91,BODY
54C8BBC970B25440,3.89,-7.87,30.00,0.55,0.83,0.91,BODY
CAA3DB835BBD4FCC,6.11,-7.80,30.20,0.61,0.83,0.91,BODY
C44D527003C0A164,-10.44,-7.54,30.40,0.32,0.54,0.73,BODY
50EDA36B335C2497,-7.56,-7.92,30.60,0.47,0.70,0.86,BODY
473AC0C0FA2421AE,-5.41,-7.55,30.00,0.33,0.53,0.69,BODY
79578A95BAA3B62F,-2.64,-7.89,30.20,0.32,0.43,0.58,BODY
100E0A929528523F,1.91,-7.36,30.40,0.55,0.84,0.89,BODY
0A4CA81458295AE6,4.51,-7.50,30.60,0.52,0.83,0.91,BODY
06FBCE31053D8447,-11.78,-7.62,30.00,0.32,0.53,0.71,BODY
BE293E375B737DC4,-9.74,-7.37,30.20,0.41,0.64,0.84,BODY
F66A6CFE786E2EB6,-7.18,-7.78,30.40,0.33,0.60,0.77,BODY
33FA33A53D462528,-4.70,-7.70,30.60,0.16,0.24,0.39,BODY
06571D3C7332A537,0.38,-7.85,30.00,0.54,0.83,0.91,BODY
8717015BB089978F,3.16,-7.39,30.20,0.68,0.88,0.95,BODY
CCC009132FCB4D57,5.56,-7.68,30.40,0.52,0.81,0.91,BODY
6E06CEECE5B2EF70,-11.11,-7.26,30.60,0.27,0.46,0.65,BODY
32346BCC487BE4EE,-8.83,-7.75,30.00,0.42,0.64,0.81,BODY
AA8480006C694F42,-5.97,-7.81,30.20,0.54,0.78,0.91,BODY
E5605221BCD0E69B,-3.52,-7.82,30.40,0.16,0.21,0.33,BODY
854820147B61071C,1.25,-7.45,30.60,0.58,0.84,0.91,BODY
C95A24A17CC822E9,3.45,-7.43,30.00,0.54,0.82,0.91,BODY
54638B607E40A364,6.10,-7.51,30.20,0.42,0.57,0.74,BODY
D0039E7FCA1BBCFB,-10.20,-7.78,30.40,0.32,0.53,0.72,BODY
710B7445034D5D55,-7.58,-7.38,30.60,0.45,0.70,0.85,BODY
0C919CF6D2A0792E,-5.16,-7.29,30.00,0.34,0.55,0.71,BODY
EAE8045882DD5CFD,-2.85,-7.28,30.20,0.25,0.36,0.48,BODY
BA858DD9383B3AFD,2.23,-7.78,30.40,0.57,0.84,0.91,BODY
D7060135A8CD4F4A,4.40,-7.68,30.60,0.54,0.83,0.91,BODY
DBBFDCFCE2584695,-11.77,-7.49,30.00,0.21,0.42,0.60,BODY
13E3A7B5513D2CCF,-9.27,-7.75,30.20,0.32,0.57,0.78,BODY
1D3021BCFD181DB8,-6.87,-7.39,30.40,0.42,0.67,0.84,BODY
4F4197515D6A8E1A,-4.51,-7.43,30.60,0.31,0.47,0.62,BODY
BE764BE0F81A6DBA,0.23,-7.71,30.00,0.44,0.76,0.85,BODY
E449F51E902536E3,2.92,-7.28,30.20,0.62,0.85,0.94,BODY
85D674D8B77E4744,5.38,-7.48,30.40,0.55,0.83,0.94,BODY
96A52FD9F427CCA4,-11.22,-7.61,30.60,0.16,0.33,0.52,BODY
8A2B6BA3C43C4152,-8.76,-7.39,30.00,0.32,0.55,0.73,BODY
1C22C0391B3CAD3D,-6.38,-7.11,30.20,0.32,0.59,0.78,BODY
F7EF13375E6ABC8D,-3.61,-7.11,30.40,0.17,0.22,0.34,BODY
93D51F06FC2CF98D,0.58,-7.24,30.60,0.59,0.84,0.93,BODY
EF337A3DCE2612E1,3.06,-7.60,30.00,0.61,0.85,0.91,BODY
D2A2714756811992,5.93,-7.41,30.20,0.55,0.83,0.91,BODY
7274021CFED67170,-10.59,-7.05,30.40,0.22,0.42,0.61,BODY
9A0F21C412EDBFC3,-8.27,-7.33,30.60,0.36,0.58,0.75,BODY
F6FF4C64EC469139,-5.89,-7.39,30.00,0.39,0.65,0.81,BODY
3194339E8C0F9294,-3.08,-7.21,30.20,0.16,0.21,0.33,BODY
1FC21D0777E014A2,1.31,-7.16,30.40,0.65,0.86,0.93,BODY
AA1F2E77E23481E9,3.79,-7.60,30.60,0.58,0.84,0.91,BODY
09CCAC1BD1DB4F7C,-12.74,-7.34,30.00,0.19,0.40,0.61,BODY
3917B0301C1B3BF4,-9.98,-7.42,30.20,0.42,0.62,0.82,BODY
6D0D02F79789EE6B,-7.40,-7.29,30.40,0.61,0.83,0.97,BODY
9F078F61F165F1CF,-5.07,-7.04,30.60,0.51,0.74,0.87,BODY
1C7045821CA04674,-2.40,-7.18,30.00,0.25,0.36,0.47,BODY
DCA940D6BF9C2996,1.86,-7.59,30.20,0.62,0.86,0.96,BODY
B55B271B7CA188D0,4.33,-7.19,30.40,0.60,0.85,0.94,BODY
B4132373F5B202C0,-12.15,-7.25,30.60,0.26,0.44,0.61,BODY
07FC2558C8246447,-9.41,-6.97,30.00,0.26,0.51,0.71,BODY
E4F4558F497D0E9D,-6.80,-7.18,30.20,0.44,0.69,0.86,BODY
05BEB9E863CF51FD,-4.25,-7.08,30.40,0.40,0.59,0.75,BODY
57A0D2A5FFBF90CB,0.25,-7.27,30.60,0.35,0.55,0.63,BODY
1BEE770AE2000C02,2.55,-7.19,30.00,0.65,0.87,0.94,BODY
74BF481D807B0769,4.78,-6.97,30.20,0.59,0.85,0.93,BODY
D06895ABAD3AA068,-11.25,-7.26,30.40,0.35,0.56,0.71,BODY
AFC98B919DDDF74B,-8.92,-7.22,30.60,0.35,0.57,0.74,BODY
10C651321D3DE638,-6.48,-7.03,30.00,0.32,0.59,0.78,BODY
A3E03D2BD9091908,-4.14,-6.92,30.20,0.16,0.20,0.35,BODY
D6DD916E8875819E,0.31,-7.43,30.40,0.54,0.82,0.91,BODY
8601F213B1ECD843,3.10,-7.34,30.60,0.68,0.88,0.94,BODY
FAD8D1F640BF5178,5.42,-7.16,30.00,0.56,0.83,0.91,BODY
145336D161CAEEA4,-10.96,-7.31,30.20,0.30,0.50,0.67,BODY
D4AD8EEDDBBF6D3D,-8.10,-7.08,30.40,0.32,0.56,0.74,BODY
459D7CECBA91F38A,-5.55,-7.23,30.60,0.41,0.65,0.84,BODY
2C4096DF9FB4D759,-3.54,-7.41,30.00,0.16,0.21,0.33,BODY
DC2D56EBCFC36262,1.22,-7.30,30.20,0.60,0.85,0.93,BODY
AB9B5131FD960C00,3.62,-7.03,30.40,0.63,0.85,0.91,BODY
478F5F9FCEA72A5D,-12.74,-7.37,30.60,0.45,0.57,0.71,BODY
ACDC73740EC55691,-10.08,-7.06,30.00,0.39,0.60,0.78,BODY
4C794E160F480EF8,-7.98,-7.40,30.20,0.40,0.60,0.75,BODY
4493651A8F274F40,-5.21,-7.36,30.40,0.41,0.64,0.83,BODY
12183CE64A2980A9,-2.85,-7.32,30.60,0.15,0.22,0.34,BODY
72FD53C0A637764D,1.74,-7.35,30.00,0.65,0.87,0.94,BODY
C0406678AEF3A5F2,4.45,-6.84,30.20,0.71,0.89,0.94,BODY
91BCF8290622168B,-12.50,-7.09,30.40,0.16,0.40,0.61,BODY
AA6C868E39D63081,-9.79,-7.12,30.60,0.52,0.75,0.94,BODY
FEDFB2B2C2D50EF4,-7.01,-7.11,30.00,0.58,0.78,0.94,BODY
1D34DF238605C70B,-4.88,-7.01,30.20,0.38,0.62,0.78,BODY
9D2343AA9F0F07BA,-2.01,-7.06,30.40,0.22,0.33,0.45,BODY
755935100C8495F6,2.20,-7.08,30.60,0.65,0.85,0.91,BODY
AE6DD27489ED3418,4.65,-7.11,30.00,0.65,0.86,0.94,BODY
8EB05E28A6A9DE9D,-11.78,-7.00,30.20,0.36,0.60,0.80,BODY
F2EEC20A6A0946CD,-9.40,-6.82,30.40,0.35,0.57,0.74,BODY
CFB8490F0290E5DA,-6.44,-7.25,30.60,0.42,0.70,0.87,BODY
03E61DB0ED6C3682,-4.15,-7.04,30.00,0.51,0.68,0.82,BODY
D2F1286DA0C906E7,-1.45,-7.12,30.20,0.32,0.38,0.52,BODY
9EC7ADFAAEEA6CB6,2.47,-7.29,30.40,0.63,0.87,0.96,BODY
0D95936739B1A325,5.04,-7.23,30.60,0.62,0.84,0.93,BODY
5309DEBE61EB17B9,-11.28,-7.12,30.00,0.42,0.68,0.87,BODY
50034899E9C141A8,-8.52,-6.85,30.20,0.51,0.74,0.89,BODY
53314CB3627E90FC,-6.03,-7.07,30.40,0.38,0.62,0.80,BODY
5AF6CB0C5441DA07,-3.51,-7.01,30.60,0.16,0.24,0.35,BODY
99E2D6CDDB8378DE,0.71,-7.05,30.00,0.57,0.84,0.93,BODY
6D157B6F55C13CF7,3.55,-6.74,30.20,0.70,0.88,0.93,BODY
5CD87554421900EE,5.89,-6.98,30.40,0.55,0.83,0.93,BODY
18A907FA4D890D9B,-10.94,-6.72,30.60,0.33,0.60,0.78,BODY
D81B25A00A9BB212,-7.94,-6.61,30.00,0.33,0.55,0.74,BODY
5AD8CF24B6F40F4C,-5.37,-6.64,30.20,0.38,0.65,0.83,BODY
0AB4A3EA7A9F3FB3,-2.99,-7.11,30.40,0.17,0.22,0.35,BODY
35DAEA7E0C787232,1.28,-7.09,30.60,0.61,0.84,0.91,BODY
DF63B7475CD26B96,4.05,-6.98,30.00,0.69,0.87,0.91,BODY
F5AE59D7FCAD5208,-12.86,-7.09,30.20,0.35,0.55,0.75,BODY
4B9B65857A11BF8E,-10.34,-7.09,30.40,0.40,0.61,0.77,BODY
E2752C778C55D25C,-7.82,-7.12,30.60,0.26,0.47,0.65,BODY
B40C3A179185DD83,-5.33,-6.60,30.00,0.42,0.67,0.82,BODY
E7F8ED98678D0095,-2.82,-6.79,30.20,0.16,0.22,0.35,BODY
3132836A9DD935AC,1.85,-6.97,30.40,0.55,0.83,0.91,BODY
EA042CC07D115E75,4.26,-7.00,30.60,0.58,0.84,0.91,BODY
885479622D1F7C3E,-12.38,-6.58,30.00,0.22,0.46,0.67,BODY
BF64D4CDC77F975E,-9.39,-6.52,30.20,0.35,0.60,0.77,BODY
BB2FF9A2028D0DD7,-7.31,-6.85,30.40,0.61,0.80,0.94,BODY
E3ED3FF2EC013C4B,-4.36,-6.99,30.60,0.52,0.73,0.87,BODY
BD6CCF6DA46FBC5C,-1.90,-6.62,30.00,0.35,0.46,0.55,BODY
6253B873F27316E8,2.35,-7.06,30.20,0.65,0.87,0.95,BODY
6543273493D47E70,5.21,-6.67,30.40,0.65,0.87,0.94,BODY
8926A7BBF0284149,-11.58,-6.72,30.60,0.16,0.40,0.58,BODY
B53390DC85E7DD89,-9.03,-6.91,30.00,0.42,0.64,0.83,BODY
1A4D485A7BFA2A0C,-6.21,-6.69,30.20,0.48,0.75,0.87,BODY
12139965E53AA1EE,-3.93,-6.90,30.40,0.51,0.73,0.86,BODY
4DDD625678EC2207,-1.72,-6.73,30.60,0.26,0.33,0.48,BODY
DE74B19ACC9F44C0,2.86,-6.95,30.00,0.67,0.87,0.93,BODY
47A9E7C28EEAD46A,5.66,-6.88,30.20,0.58,0.84,0.91,BODY
9070BFC5AE8EDE8D,-10.66,-6.91,30.40,0.31,0.55,0.73,BODY
87EF904C8A1B8893,-8.60,-6.70,30.60,0.28,0.51,0.69,BODY
022D5F78FA93B7FA,-6.04,-6.94,30.00,0.47,0.67,0.86,BODY
7BABB6015080EFE3,-3.14,-6.58,30.20,0.19,0.24,0.39,BODY
C2737BDF8F4E049D,1.27,-6.59,30.40,0.61,0.85,0.93,BODY
270AA3687F931AC3,3.45,-6.49,30.60,0.73,0.91,0.96,BODY
29917E534C641FDC,-12.71,-6.51,30.00,0.52,0.67,0.78,BODY
BA6AF775E6567F0C,-10.01,-6.83,30.20,0.56,0.75,0.89,BODY
CF2A73A7EDF5DA79,-7.60,-6.62,30.40,0.29,0.52,0.71,BODY
3A2A3AAF79EA51D9,-5.15,-6.71,30.60,0.48,0.71,0.87,BODY
D84F2B8C8F8AA248,-2.77,-6.65,30.00,0.16,0.23,0.38,BODY
D7CBF43301F7D9BE,2.08,-6.74,30.20,0.59,0.85,0.93,BODY
9CC8307C03CCF120,4.16,-6.94,30.40,0.58,0.83,0.91,BODY
47195F4EE75E1A08,-11.87,-6.66,30.60,0.35,0.60,0.81,BODY
4A90A5F187CBEE6D,-9.60,-6.31,30.00,0.26,0.47,0.65,BODY
6B225D104E5ABF0A,-6.87,-6.35,30.20,0.39,0.62,0.78,BODY
942ABE8BB100A28F,-4.51,-6.30,30.40,0.26,0.46,0.61,BODY
A28C4250964F947B,-2.08,-6.65,30.60,0.18,0.22,0.36,BODY
61B646FB83CC225F,2.59,-6.47,30.00,0.62,0.85,0.91,BODY
42411056FED1BB27,5.15,-6.70,30.20,0.62,0.86,0.95,BODY
42DE26B123448865,-11.48,-6.53,30.40,0.20,0.43,0.62,BODY
4D8916267661C674,-9.03,-6.78,30.60,0.25,0.50,0.71,BODY
BF453DE5C604531B,-6.51,-6.26,30.00,0.53,0.77,0.93,BODY
24FFC3145614C053,-3.61,-6.84,30.20,0.54,0.73,0.87,BODY
7D67D844D8EB5C19,-1.52,-6.67,30.40,0.19,0.29,0.42,BODY
61223EFADF83D508,3.16,-6.65,30.60,0.71,0.89,0.97,BODY
539E71EC3F66EDEB,5.56,-6.42,30.00,0.58,0.80,0.87,BODY
8B0046265762F2F4,-10.63,-6.72,30.20,0.16,0.38,0.58,BODY
D411EF23EC791EFD,-8.06,-6.36,30.40,0.33,0.55,0.74,BODY
05EE7170B5FBFC7E,-5.90,-6.63,30.60,0.54,0.77,0.90,BODY
B0C590F13F786C27,-3.03,-6.63,30.00,0.19,0.24,0.39,BODY
50A5D349F3FFD7AE,1.15,-6.58,30.20,0.64,0.85,0.93,BODY
DEA755126FFBBC15,3.55,-6.39,30.40,0.68,0.86,0.94,BODY
74109670A2C6C020,-12.59,-6.23,30.60,0.24,0.31,0.37,BODY
53201DCF7127C8D8,-9.99,-6.24,30.00,0.32,0.54,0.71,BODY
005E25FA32595CA7,-7.52,-6.42,30.20,0.22,0.44,0.63,BODY
0CA5707478B88A43,-5.03,-6.71,30.40,0.51,0.73,0.87,BODY
77202FE79408D2FE,-2.53,-6.68,30.60,0.18,0.23,0.38,BODY
9651B1C152AAB121,1.87,-6.69,30.00,0.62,0.85,0.93,BODY
E85FCE26F8A2D23F,4.13,-6.33,30.20,0.58,0.84,0.91,BODY
94DE17BD141B2D45,-11.88,-6.39,30.40,0.13,0.33,0.55,BODY
C4E839D9FCB3A32E,-9.76,-6.64,30.60,0.29,0.47,0.68,BODY
B1B0236BD684A64F,-6.73,-6.28,30.00,0.22,0.44,0.65,BODY
0633B374796AD70A,-4.54,-6.26,30.20,0.29,0.49,0.65,BODY
D9D8D4942423979C,-1.91,-6.44,30.40,0.19,0.24,0.39,BODY
9987DED7AF4BED1D,2.70,-6.40,30.60,0.67,0.88,0.95,BODY
B54B82C725F3054B,5.25,-6.26,30.00,0.61,0.84,0.91,BODY
2A36E2E0FC83D7ED,-11.44,-6.21,30.20,0.45,0.68,0.87,BODY
059F749F0A9AB196,-8.58,-6.37,30.40,0.27,0.52,0.72,BODY
42DD0D140A842ACD,-6.08,-6.29,30.60,0.62,0.81,0.91,BODY
6E784297B4225526,-3.55,-6.54,30.00,0.52,0.71,0.84,BODY
BEB3D96A0716CB13,-1.55,-6.50,30.20,0.24,0.32,0.47,BODY
C547A91C6BE4F7B8,3.15,-6.51,30.40,0.65,0.87,0.94,BODY
9CBE95DD77B4B1BC,5.68,-6.31,30.60,0.57,0.82,0.88,BODY
79C6E8FCB37D364E,-10.57,-6.57,30.00,0.35,0.62,0.78,BODY
E37EF0B5B172AB67,-7.90,-6.51,30.20,0.22,0.45,0.65,BODY
5EBE825092C88D8E,-5.84,-6.05,30.40,0.57,0.79,0.93,BODY
2464F0EAF9851BD3,-3.26,-6.51,30.60,0.19,0.25,0.39,BODY
EA05A672D8BC588E,1.79,-6.22,30.00,0.60,0.84,0.93,BODY
E724C69F74A24C4F,4.15,-6.31,30.20,0.65,0.87,0.95,BODY
C240D8863B139270,-12.05,-6.24,30.40,0.19,0.38,0.58,BODY
B3FEF0B7E1A4F840,-9.94,-6.01,30.60,0.26,0.47,0.68,BODY
334F2F54A056CA62,-7.12,-5.95,30.00,0.32,0.56,0.74,BODY
50F1DD815EA76F28,-4.91,-6.40,30.20,0.50,0.71,0.86,BODY
316891F9ACF6E151,-2.00,-6.50,30.40,0.20,0.25,0.41,BODY
94E4B263DD1480FA,2.37,-6.39,30.60,0.61,0.84,0.91,BODY
F6230B3AE37EB124,5.08,-6.01,30.00,0.57,0.83,0.88,BODY
DD3F76ACBFDEFD80,-11.40,-6.15,30.20,0.09,0.29,0.48,BODY
A7CFA00E564FF393,-9.08,-6.20,30.40,0.32,0.55,0.74,BODY
B47166EB396B3467,-6.41,-6.31,30.60,0.42,0.60,0.78,BODY
7D1C7451868C76D1,-4.03,-6.10,30.00,0.35,0.54,0.68,BODY
C595CD8BD5C98A13,-1.28,-6.30,30.20,0.22,0.33,0.48,BODY
E1C1AED122EC1994,3.07,-6.10,30.40,0.61,0.84,0.91,BODY
E26D3F1342B383AC,5.87,-6.18,30.60,0.57,0.78,0.86,BODY
71CE294EE92913D6,-10.90,-6.09,30.00,0.32,0.51,0.70,BODY
434C1FDD34136C79,-8.09,-6.10,30.20,0.21,0.45,0.64,BODY
F580FF6F106B9FB7,-5.75,-5.89,30.40,0.51,0.74,0.89,BODY
1F961D2560D9DDF8,-3.36,-6.28,30.60,0.58,0.78,0.91,BODY
D10AD4DCBC7011D0,1.73,-6.19,30.00,0.61,0.86,0.94,BODY
3CA78E70FB7FC86F,3.76,-6.04,30.20,0.67,0.86,0.93,BODY
6502E7E3F6EA09BA,-12.25,-6.18,30.40,0.29,0.54,0.74,BODY
31B429211FBCB6F9,-9.80,-5.84,30.60,0.27,0.51,0.69,BODY
F7160EADB4BDB649,-7.23,-6.12,30.00,0.18,0.38,0.60,BODY
DEEA2019DB259EB3,-4.89,-6.07,30.20,0.47,0.71,0.84,BODY
C781D7C737A8D770,-2.23,-6.36,30.40,0.18,0.24,0.37,BODY
4160B5567F4F3A6B,2.24,-6.34,30.60,0.60,0.85,0.93,BODY
E9F9B3E6AE8EEC2F,4.83,-5.92,30.00,0.68,0.89,0.97,BODY
0B8D45582EA4F9F8,-11.33,-5.90,30.20,0.12,0.32,0.51,BODY
ACF505FC2CBF97DC,-8.71,-5.76,30.40,0.32,0.57,0.78,BODY
57D530457C010174,-5.95,-5.94,30.60,0.55,0.72,0.86,BODY
598754B1B155DB24,-3.93,-5.99,30.00,0.55,0.76,0.91,BODY
3DF781EEECDDE6D9,-1.48,-6.01,30.20,0.24,0.35,0.51,BODY
C91EA92BD0838330,3.15,-5.79,30.40,0.61,0.86,0.94,BODY
8814F2365CA90326,6.14,-6.21,30.60,0.55,0.76,0.84,BODY
7BB8AD5F32E83962,-9.87,-5.95,30.00,0.42,0.65,0.84,BODY
F60A0900055D575E,-7.32,-5.76,30.20,0.17,0.40,0.62,BODY
E69A022E9275EE6E,-4.70,-5.74,30.40,0.55,0.77,0.91,BODY
7CC827AF1EA9BB37,-2.55,-6.13,30.60,0.19,0.25,0.39,BODY
5B0784A5DF043500,2.52,-6.18,30.00,0.58,0.84,0.91,BODY
3A693372B160BA3F,4.70,-6.22,30.20,0.68,0.89,0.94,BODY
78DCD790E5193FDD,-11.10,-6.20,30.40,0.20,0.38,0.58,BODY
FAC27014608FE465,-8.38,-6.23,30.60,0.28,0.51,0.70,BODY
C1A3CB7204F72B11,-5.88,-5.78,30.00,0.44,0.65,0.83,BODY
D4210E014ECD2FC4,-3.94,-6.25,30.20,0.56,0.73,0.86,BODY
8E97268F88EB13B5,-1.11,-6.06,30.40,0.29,0.40,0.58,BODY
01648CA815946433,3.21,-6.24,30.60,0.64,0.86,0.93,BODY
134493D7E9F4CB99,6.27,-5.71,30.00,0.54,0.73,0.82,BODY
88A03B5E25B8903A,-9.73,-6.09,30.20,0.22,0.42,0.62,BODY
85B065F88EBF9BF0,-7.28,-5.82,30.40,0.24,0.48,0.67,BODY
6A2E600AB5F79B18,-4.70,-5.90,30.60,0.58,0.81,0.94,BODY
C565B96C5CC85448,-2.47,-5.89,30.00,0.21,0.26,0.40,BODY
8D3518941E073D58,2.21,-5.75,30.20,0.61,0.85,0.91,BODY
59683F1AE409D6B5,5.09,-5.72,30.40,0.67,0.87,0.95,BODY
092F1027C97CF684,-11.47,-5.85,30.60,0.25,0.46,0.64,BODY
68905B415E290A0E,-8.48,-5.99,30.00,0.32,0.56,0.74,BODY
2F22FF36619E2A5B,-5.97,-5.92,30.20,0.35,0.59,0.78,BODY
1025CF6544DA0B6A,-3.56,-5.59,30.40,0.56,0.73,0.86,BODY
70F0A1D70A899A46,-1.41,-5.79,30.60,0.24,0.34,0.51,BODY
3B12CD727B8F44A3,3.63,-5.97,30.00,0.65,0.84,0.91,BODY
5083F5F02E218479,6.33,-6.07,30.20,0.54,0.73,0.82,BODY
DDE6CCA58E89751C,-9.51,-5.99,30.40,0.16,0.35,0.55,BODY
AD86622FD0C79243,-7.02,-5.93,30.60,0.29,0.50,0.71,BODY
595BD64E458C29F6,-5.01,-5.59,30.00,0.49,0.71,0.87,BODY
B691DF1700E56FDD,-2.47,-5.53,30.20,0.19,0.27,0.42,BODY
992FCF93BD6391CE,2.68,-5.75,30.40,0.65,0.86,0.94,BODY
89B4C7C933FC8EF9,4.75,-5.89,30.60,0.60,0.85,0.91,BODY
5C66AD6675711E2C,-10.51,-5.45,30.00,0.22,0.47,0.67,BODY
133FC9A0CCCF1197,-8.11,-5.68,30.20,0.35,0.60,0.78,BODY
A089A4A7B611223D,-5.65,-5.72,30.40,0.68,0.84,0.97,BODY
7B1AEA2ED375A715,-3.21,-5.69,30.60,0.32,0.56,0.71,BODY
AEB699938A478208,-0.92,-5.54,30.00,0.19,0.30,0.45,BODY
E47FCFDD4B35DA81,4.03,-5.46,30.20,0.65,0.86,0.91,BODY
10E9E6CB1F82E8DD,-11.39,-5.82,30.40,0.35,0.62,0.78,BODY
339A763FC435D54B,-8.63,-5.98,30.60,0.36,0.61,0.80,BODY
5E00F7447518833D,-6.35,-5.58,30.00,0.29,0.55,0.73,BODY
EF52EE89DD9C01FE,-4.05,-5.98,30.20,0.58,0.80,0.91,BODY
0EE0F7C86D268906,-1.07,-5.49,30.40,0.32,0.41,0.58,BODY
AA2CF1EEE402C2B9,3.47,-5.94,30.60,0.67,0.88,0.93,BODY
3D33CCD1225AC42E,6.13,-5.64,30.00,0.53,0.74,0.80,BODY
AD796F5A0DD15A6C,-9.19,-5.67,30.20,0.32,0.56,0.74,BODY
FD13F43C7FD145CC,-6.45,-5.66,30.40,0.22,0.44,0.64,BODY
E9734C191945C15A,-4.32,-5.73,30.60,0.39,0.62,0.78,BODY
28FF85A7CC6B9220,-1.44,-5.71,30.00,0.26,0.33,0.52,BODY
50EC1DEB6F5FF6EC,3.44,-5.63,30.20,0.70,0.88,0.95,BODY
A644CB95922F9DE5,5.49,-5.93,30.40,0.55,0.80,0.88,BODY
4A8AD8CA83F09E63,-9.15,-5.72,30.60,0.22,0.46,0.65,BODY
8F1D79A05E5D8618,-6.91,-5.48,30.00,0.29,0.53,0.74,BODY
BB495EDF25A30ACC,-4.33,-5.42,30.20,0.39,0.62,0.78,BODY
08529CB155A6F6EA,-1.82,-5.40,30.40,0.24,0.33,0.51,BODY
0C7F4B70C4DAEEA3,3.40,-5.88,30.60,0.67,0.89,0.95,BODY
D6F63392A4995FF7,5.99,-5.37,30.00,0.55,0.78,0.84,BODY
8462A4AC9EAAFF0F,-9.40,-5.37,30.20,0.28,0.51,0.69,BODY
50F7E017E67B649B,-6.49,-5.75,30.40,0.24,0.49,0.70,BODY
BCC7738CBD5B2CEC,-4.32,-5.38,30.60,0.41,0.65,0.80,BODY
884E89090450C43B,-1.94,-5.28,30.00,0.26,0.33,0.52,BODY
B39A88B3AC80B297,3.57,-5.74,30.20,0.67,0.89,0.95,BODY
01EBD455D9A5C2FA,6.12,-5.62,30.40,0.55,0.77,0.85,BODY
11E28EBCE319BF26,-9.09,-5.69,30.60,0.28,0.52,0.70,BODY
823F6A89B7C45D58,-6.62,-5.63,30.00,0.29,0.52,0.74,BODY
E7CFBFDEF3F1D568,-3.77,-5.31,30.20,0.46,0.67,0.82,BODY
54AA6E5B03A7F396,-1.20,-5.69,30.40,0.22,0.30,0.48,BODY
72B04453DF748945,3.95,-5.76,30.60,0.68,0.89,0.94,BODY
748078BD81765D2C,6.33,-5.60,30.00,0.55,0.76,0.84,BODY
96C0418BEE2ADA1F,-8.18,-5.46,30.20,0.32,0.60,0.76,BODY
8743F70E735C3789,-5.76,-5.24,30.40,0.33,0.56,0.73,BODY
254E623FC032AB64,-3.29,-5.28,30.60,0.45,0.67,0.84,BODY
3E9DA44D21A2F60C,-0.99,-5.38,30.00,0.28,0.37,0.54,BODY
EEEF6E8F2AC49DF7,4.17,-5.67,30.20,0.61,0.80,0.87,BODY
79AC600039F2F62B,-10.18,-5.33,30.40,0.39,0.59,0.74,BODY
1C14EBF1A6ECB6B8,-7.52,-5.41,30.60,0.32,0.59,0.78,BODY
D5A8C95C300EE7F7,-4.98,-5.45,30.00,0.74,0.87,0.97,BODY
57655824CBC9A87A,-2.57,-5.43,30.20,0.65,0.83,0.94,BODY
050F0EFE3255B9BB,2.17,-5.23,30.40,0.61,0.84,0.94,BODY
8B245D778ADB9287,4.98,-5.24,30.60,0.61,0.86,0.94,BODY
8AEBBAE709862584,-8.66,-5.33,30.00,0.31,0.55,0.75,BODY
D4E05B6B15C0D855,-6.57,-5.45,30.20,0.27,0.50,0.72,BODY
A481967D75D435C4,-4.17,-5.25,30.40,0.55,0.75,0.89,BODY
CB6A446D89502805,-1.40,-5.51,30.60,0.22,0.32,0.48,BODY
521546287E12FDE1,3.47,-5.49,30.00,0.59,0.84,0.89,BODY
AC715BDF9FD010AF,5.78,-5.17,30.20,0.51,0.79,0.87,BODY
ED93E2B3BDA723BA,-7.77,-5.36,30.40,0.37,0.64,0.82,BODY
2B0087BE4EB6E3E9,-5.32,-5.59,30.60,0.71,0.87,0.97,BODY
6320D8BD32E1EFF6,-2.81,-5.51,30.00,0.51,0.71,0.86,BODY
CE8B82EB435BD300,0.00,-5.06,30.20,0.35,0.48,0.63,BODY
E9A8AD2B26D8E365,4.54,-5.29,30.40,0.58,0.76,0.84,BODY
A527CEEF0F8E2266,-9.16,-5.09,30.60,0.31,0.55,0.73,BODY
E947855F4A1080CC,-6.38,-5.17,30.00,0.35,0.60,0.81,BODY
71AFA31A618259EB,-4.25,-5.54,30.20,0.54,0.75,0.89,BODY
5C0FA6969B49BC5A,-1.59,-5.12,30.40,0.27,0.37,0.56,BODY
1CBCBC8398B3ED2E,2.95,-5.29,30.60,0.64,0.86,0.93,BODY
CC525A1287A3F5E5,5.17,-5.54,30.00,0.56,0.82,0.91,BODY
09B51A961954C37D,-7.96,-5.39,30.20,0.30,0.56,0.76,BODY
A7B6DC4C3DFB02E0,-5.56,-5.02,30.40,0.29,0.52,0.72,BODY
A9C9DDDBA17D1FBF,-2.76,-5.07,30.60,0.59,0.77,0.91,BODY
40C725B8939524CD,-0.20,-5.28,30.00,0.30,0.43,0.59,BODY
DDB9548CF41F5629,3.89,-5.44,30.20,0.52,0.81,0.91,BODY
59455D69C4DD53EA,-9.01,-5.00,30.40,0.39,0.59,0.74,BODY
E0F5A8155D0FF22A,-6.36,-5.12,30.60,0.33,0.61,0.80,BODY
234729CCB5754341,-3.82,-4.99,30.00,0.58,0.79,0.91,BODY
0F998BE6FF9305CF,-1.79,-5.25,30.20,0.25,0.37,0.56,BODY
9449B23B5216D059,2.94,-5.01,30.40,0.51,0.78,0.85,BODY
FA2746434DF73739,5.23,-5.07,30.60,0.54,0.81,0.89,BODY
AED996E8D60ED080,-7.59,-5.36,30.00,0.31,0.58,0.75,BODY
1D0AF044C20D77BC,-5.33,-5.07,30.20,0.29,0.52,0.72,BODY
119FBFA0DEC7EEED,-2.53,-5.22,30.40,0.60,0.78,0.93,BODY
E66184084AF1B2AD,-0.28,-5.34,30.60,0.30,0.43,0.59,BODY
46A253BE04704CF0,4.15,-5.10,30.00,0.54,0.80,0.88,BODY
5F41B34C7DBC4E6D,-8.74,-5.06,30.20,0.33,0.45,0.60,BODY
561C865EE6C9477E,-6.65,-5.21,30.40,0.32,0.58,0.78,BODY
61EFE98087C6E52D,-3.61,-5.22,30.60,0.42,0.68,0.84,BODY
31B41DBDB875716D,-1.40,-4.85,30.00,0.26,0.35,0.54,BODY
BF428DB7DA9D4C14,2.64,-5.03,30.20,0.58,0.81,0.87,BODY
54209972C7F12C1F,5.47,-4.80,30.40,0.48,0.78,0.88,BODY
18C8043143218BD6,-7.29,-5.00,30.60,0.35,0.62,0.81,BODY
AE23E75123900336,-4.52,-4.95,30.00,0.69,0.84,0.91,BODY
E4D392137B35DCE1,-2.07,-5.21,30.20,0.55,0.75,0.87,BODY
9B9E167F376CCE98,-0.03,-4.77,30.40,0.39,0.51,0.65,BODY
E3CFFCE8B9077528,4.61,-4.82,30.60,0.54,0.82,0.89,BODY
9A3CA44E89FB1742,-8.03,-5.24,30.00,0.33,0.59,0.78,BODY
DD51161FC469CF4F,-5.43,-5.06,30.20,0.22,0.47,0.68,BODY
5602CFBA1004588E,-3.13,-4.99,30.40,0.46,0.67,0.82,BODY
47C5ACED276CDE46,-0.71,-5.15,30.60,0.29,0.40,0.55,BODY
D9C227BF51F0B6C1,3.31,-5.22,30.00,0.51,0.80,0.88,BODY
B3B67B92E4E94EC9,6.36,-4.88,30.20,0.45,0.76,0.84,BODY
E004BAE8615692E3,-5.89,-4.78,30.40,0.38,0.63,0.82,BODY
41F9F32AB6881B9E,-3.94,-5.03,30.60,0.54,0.74,0.87,BODY
6960074918EF512A,-1.10,-4.89,30.00,0.21,0.29,0.46,BODY
5A84BA93E1E94738,2.69,-4.85,30.20,0.55,0.78,0.85,BODY
84F38D258625A3C9,5.19,-4.81,30.40,0.46,0.73,0.83,BODY
2F60776DF708E67E,-6.39,-5.07,30.60,0.45,0.68,0.87,BODY
B695F261AC6E79B1,-4.23,-4.59,30.00,0.59,0.77,0.90,BODY
D2392D98B16FFD69,-1.77,-4.62,30.20,0.26,0.43,0.61,BODY
2AAC10D553B061A2,2.19,-4.60,30.40,0.24,0.41,0.47,BODY
7882D6F307FF4DD4,5.00,-4.70,30.60,0.45,0.72,0.81,BODY
804AE90684FF41B2,-7.21,-5.04,30.00,0.29,0.56,0.71,BODY
EBF872AD9F290690,-4.66,-5.00,30.20,0.74,0.87,0.97,BODY
38094F8404D9657D,-1.90,-4.61,30.40,0.39,0.64,0.78,BODY
4A0922B600191E52,0.35,-4.61,30.60,0.24,0.37,0.54,BODY
62D91AE8593BA1F7,4.58,-4.58,30.00,0.51,0.80,0.88,BODY
96CB086405C83A58,-6.98,-4.88,30.20,0.42,0.67,0.81,BODY
D7BB5520C8C1BA1E,-4.88,-5.04,30.40,0.42,0.60,0.77,BODY
A5FA412C7790B0A5,-1.99,-4.88,30.60,0.61,0.81,0.94,BODY
8C1C7B0AB332C9B8,0.45,-4.66,30.00,0.29,0.42,0.58,BODY
1663BAAF9804C52C,3.93,-4.84,30.20,0.48,0.78,0.87,BODY
3FD0F527EBB5BE86,-7.18,-4.40,30.40,0.42,0.67,0.81,BODY
58A83F26BC507A14,-4.66,-4.89,30.60,0.26,0.47,0.68,BODY
85102239A2645CE6,-2.55,-4.40,30.00,0.48,0.69,0.80,BODY
CFA3CF5CAD73EB32,0.23,-4.94,30.20,0.32,0.44,0.61,BODY
38CA56E86EAE751F,4.30,-4.97,30.40,0.48,0.77,0.87,BODY
653FE95CBA016EAA,-7.14,-4.87,30.60,0.42,0.64,0.81,BODY
8F480A56ABCE7244,-4.61,-4.51,30.00,0.26,0.47,0.68,BODY
96D56FC9ABD719C6,-2.36,-4.91,30.20,0.56,0.76,0.89,BODY
038145EECE2169B5,0.31,-4.42,30.40,0.32,0.44,0.61,BODY
9A0AECE5926A8597,4.02,-4.86,30.60,0.48,0.78,0.87,BODY
4E5C16D54D2410A9,-6.98,-4.83,30.00,0.42,0.65,0.81,BODY
54C0AFCDE0711AF0,-4.47,-4.39,30.20,0.48,0.68,0.84,BODY
72E1B4111F41D7D6,-2.04,-4.77,30.40,0.65,0.84,0.97,BODY
BB2E9DB4C9BA4C6B,0.86,-4.85,30.60,0.24,0.36,0.51,BODY
7B056BB41C0C8257,4.49,-4.61,30.00,0.53,0.78,0.86,BODY
8C7A2827123EA026,-6.60,-4.46,30.20,0.37,0.62,0.81,BODY
C292D7479DF02C4B,-4.27,-4.83,30.40,0.69,0.84,0.93,BODY
319DDA0E13C53DA0,-1.59,-4.41,30.60,0.29,0.51,0.68,BODY
D6799CF730F1BB5A,2.28,-4.65,30.00,0.42,0.64,0.74,BODY
941B25548494E8AD,5.10,-4.46,30.20,0.56,0.81,0.90,BODY
9243EADCCD09C35C,-5.93,-4.51,30.40,0.45,0.70,0.87,BODY
B20B4B2B11AB7379,-3.63,-4.53,30.60,0.42,0.64,0.78,BODY
32177AB9718149F2,-0.66,-4.48,30.00,0.28,0.38,0.55,BODY
7B9CE1571E215309,3.50,-4.37,30.20,0.34,0.67,0.75,BODY
B178833ECF834DC7,5.53,-4.72,30.40,0.56,0.80,0.87,BODY
DBFBC508CA3CAFFC,-5.28,-4.66,30.60,0.31,0.59,0.77,BODY
BDB7F463D7CADDCA,-2.44,-4.32,30.00,0.61,0.80,0.94,BODY
9AFC0B2DEDEF192D,0.00,-4.39,30.20,0.31,0.45,0.60,BODY
893BC927295C2DEE,4.23,-4.51,30.40,0.48,0.78,0.87,BODY
3D1986F457CDBE20,-6.36,-4.12,30.60,0.35,0.47,0.74,BODY
BBB437D910A44AF5,-4.30,-4.14,30.00,0.71,0.86,0.97,BODY
71471DA82099DCED,-1.36,-4.24,30.20,0.46,0.69,0.84,BODY
EBFF93DB57E7B477,0.60,-4.43,30.40,0.29,0.43,0.58,BODY
42D03E16DF53C637,4.71,-4.69,30.60,0.47,0.78,0.87,BODY
E51EF04A33892659,-5.45,-4.07,30.00,0.48,0.71,0.87,BODY
67D8532772D90079,-3.06,-4.09,30.20,0.55,0.76,0.91,BODY
A3E6D476B31F83B7,-0.61,-4.42,30.40,0.19,0.29,0.45,BODY
6757FE07BD53C52B,3.76,-4.45,30.60,0.50,0.74,0.80,BODY
BB8EC7748150AA0A,6.14,-4.22,30.00,0.47,0.75,0.85,BODY
11D9F9D91B06BC31,-4.13,-4.50,30.20,0.32,0.56,0.73,BODY
15C8031B5BD31742,-1.67,-4.22,30.40,0.46,0.69,0.84,BODY
0D41B677BEC94CCA,1.01,-4.58,30.60,0.19,0.32,0.45,BODY
3C81EB2EEC216C74,5.13,-4.09,30.00,0.61,0.84,0.94,BODY
856E2F469EF214E2,-5.57,-4.09,30.20,0.45,0.67,0.85,BODY
D8E211BA10A737EA,-2.72,-4.49,30.40,0.51,0.73,0.87,BODY
41636CE27718F893,-0.37,-4.15,30.60,0.19,0.32,0.48,BODY
693E05A79F98215A,4.03,-4.33,30.00,0.47,0.72,0.78,BODY
831D04DE13EADECC,6.32,-4.52,30.20,0.48,0.71,0.78,BODY
A6209224EEA8122E,-3.58,-4.06,30.40,0.70,0.82,0.89,BODY
C7EC496B83395C49,-1.05,-4.27,30.60,0.43,0.62,0.76,BODY
31A247A088002684,2.81,-3.99,30.00,0.48,0.73,0.78,BODY
66CC975BB78F7F85,5.32,-4.23,30.20,0.49,0.78,0.85,BODY
9CB12AC280E895A8,-4.60,-3.95,30.40,0.32,0.61,0.82,BODY
24C161A996E1B5BD,-1.95,-4.14,30.60,0.48,0.69,0.82,BODY
73E2CDF8A9EEA1CE,0.97,-3.88,30.00,0.39,0.49,0.65,BODY
0B70E7AF50E736DC,4.93,-4.41,30.20,0.58,0.84,0.94,BODY
A1473CBB1F87FAAF,-5.17,-4.20,30.40,0.42,0.65,0.84,BODY
588C688949C925B6,-2.49,-4.18,30.60,0.54,0.76,0.89,BODY
23CF1EE095E4E7BD,0.26,-4.30,30.00,0.45,0.59,0.71,BODY
7B06FA9A3A2E9C5E,3.85,-4.15,30.20,0.43,0.68,0.74,BODY
CAE3183C5D3BC41A,-5.68,-4.12,30.40,0.35,0.59,0.74,BODY
E8832D229552212D,-3.12,-3.84,30.60,0.45,0.67,0.83,BODY
882F5B2E2E81917C,-0.59,-4.12,30.00,0.27,0.40,0.56,BODY
D5B35729090B0520,3.85,-3.90,30.20,0.32,0.62,0.71,BODY
98ED5ADE17A3D395,6.14,-3.83,30.40,0.45,0.76,0.86,BODY
1945CE8F5CF36F3C,-3.30,-4.27,30.60,0.67,0.82,0.91,BODY
621FD6CB130FD0E3,-0.56,-4.04,30.00,0.36,0.54,0.70,BODY
32928C08A937507E,3.09,-4.02,30.20,0.48,0.71,0.78,BODY
1B379F37CB2935BA,5.55,-4.09,30.40,0.54,0.80,0.87,BODY
EFF6094C72E0434C,-3.84,-3.73,30.60,0.62,0.79,0.89,BODY
E3A0FAF52F12AD7F,-0.95,-4.05,30.00,0.58,0.78,0.94,BODY
625F2901B2DC8D1F,2.92,-3.97,30.20,0.38,0.62,0.69,BODY
7F25B350012270A0,5.32,-4.08,30.40,0.51,0.76,0.85,BODY
3E0800D8285FD16C,-3.63,-3.78,30.60,0.38,0.65,0.82,BODY
7BD369FBEDBB454B,-1.64,-4.15,30.00,0.42,0.64,0.78,BODY
FE2BA238AF48E071,2.69,-3.83,30.20,0.32,0.46,0.52,BODY
2671A4C7EDDF6872,5.27,-3.95,30.40,0.51,0.78,0.86,BODY
629F74819CA5352E,-3.99,-3.62,30.60,0.29,0.56,0.74,BODY
94FB3D8909F5FBBF,-1.64,-3.77,30.00,0.50,0.71,0.85,BODY
76DD7E343B2F6227,0.92,-4.05,30.20,0.24,0.37,0.50,BODY
5C5ED5B9BA069E4E,5.13,-3.93,30.40,0.46,0.75,0.86,BODY
E27CDF17613BBD56,-4.15,-4.09,30.60,0.38,0.62,0.80,BODY
BF1B906D06F10214,-1.67,-3.96,30.00,0.58,0.76,0.87,BODY
AFACBD53A038060F,1.10,-3.92,30.20,0.33,0.44,0.57,BODY
68D8DE7EFC06F2E0,4.86,-3.67,30.40,0.42,0.71,0.80,BODY
4D1BA10F13AA700F,-3.82,-4.03,30.60,0.38,0.62,0.80,BODY
FB30CB1179A8394B,-1.34,-4.00,30.00,0.52,0.71,0.87,BODY
F851429179A3CFD4,1.02,-3.56,30.20,0.29,0.40,0.52,BODY
DD9FF11BF3A7E135,4.94,-3.86,30.40,0.42,0.71,0.80,BODY
033CCF161AEBA9F6,-3.96,-3.88,30.60,0.39,0.67,0.84,BODY
DB90ACCC64589CF3,-1.48,-3.59,30.00,0.41,0.61,0.78,BODY
D44EB01C4E547BD6,1.07,-3.46,30.20,0.39,0.51,0.65,BODY
6CCE1C6AE8BB3237,5.03,-3.80,30.40,0.38,0.68,0.77,BODY
CBEA85E3D70EC529,-4.14,-3.70,30.60,0.32,0.61,0.77,BODY
1392450A133DA76E,-1.36,-3.86,30.00,0.44,0.64,0.80,BODY
4BDDD89C9F7FF9AE,1.15,-3.69,30.20,0.39,0.51,0.65,BODY
617239F46BB1B5F6,5.04,-3.39,30.40,0.35,0.65,0.74,BODY
E950BB0AB71DC23A,-3.69,-3.87,30.60,0.37,0.64,0.80,BODY
B560FAABE5B5421B,-0.98,-3.85,30.00,0.45,0.65,0.81,BODY
3BAABCF07E187F0C,2.28,-3.60,30.20,0.13,0.27,0.30,BODY
5287943702F5AF25,4.97,-3.87,30.40,0.39,0.68,0.78,BODY
0509DB30EEE1AD0B,-3.73,-3.56,30.60,0.37,0.63,0.77,BODY
D1E9A30C086BECB6,-0.85,-3.27,30.00,0.29,0.51,0.68,BODY
AD5B15962FAB5A02,2.52,-3.68,30.20,0.39,0.64,0.71,BODY
55D85877FCB9122F,5.18,-3.62,30.40,0.48,0.78,0.87,BODY
0E2674AC1FDDB29F,-3.34,-3.48,30.60,0.39,0.60,0.74,BODY
2914EA3B46817B19,-0.74,-3.68,30.00,0.49,0.71,0.85,BODY
18FA393F26E01142,2.62,-3.44,30.20,0.42,0.68,0.78,BODY
2AA6F56F7893E3BD,5.50,-3.24,30.40,0.48,0.78,0.87,BODY
2C44B1D54F01AC62,-3.22,-3.42,30.60,0.70,0.85,0.96,BODY
9FA88EAC269E3485,-0.74,-3.40,30.00,0.41,0.55,0.69,BODY
969F72B702A31152,2.86,-3.67,30.20,0.33,0.62,0.70,BODY
A817639BD1ADD2DC,5.44,-3.49,30.40,0.47,0.78,0.86,BODY
E6383F5BF417E67F,-2.87,-3.63,30.60,0.63,0.80,0.91,BODY
C9F9D69B7BB8C0CD,-0.26,-3.33,30.00,0.35,0.47,0.61,BODY
533F25D0A3209471,3.10,-3.37,30.20,0.39,0.67,0.74,BODY
014B2AEEF5DFCE7C,5.84,-3.65,30.40,0.52,0.81,0.91,BODY
90BDDD4907E00E15,-2.18,-3.53,30.60,0.57,0.78,0.93,BODY
809BB0A00D4DD751,0.44,-3.13,30.00,0.32,0.43,0.55,BODY
96B5093346D1246D,3.31,-3.15,30.20,0.36,0.67,0.75,BODY
BB55B7A944028C31,5.93,-3.09,30.40,0.49,0.76,0.86,BODY
6B5D95EAA886650C,-1.74,-3.55,30.60,0.53,0.73,0.85,BODY
45076BB2B29A8635,0.61,-3.09,30.00,0.19,0.29,0.42,BODY
6CCA78EBB8D9D792,3.89,-3.50,30.20,0.35,0.53,0.61,BODY
55FE48CBD7223E0B,6.49,-3.30,30.40,0.44,0.74,0.82,BODY
F4E310E4D23FC0A8,-1.29,-3.15,30.60,0.65,0.83,0.97,BODY
0F4C536D33266174,0.91,-3.01,30.00,0.16,0.30,0.42,BODY
723D5983F1F2E6EE,4.35,-3.16,30.20,0.43,0.74,0.83,BODY
D21078641BC56471,6.97,-3.28,30.40,0.45,0.67,0.78,BODY
CE1B5FFD01BBFA36,-0.95,-3.03,30.60,0.45,0.67,0.82,BODY
B4F718E8C8794AB6,1.27,-3.47,30.00,0.38,0.52,0.64,BODY
959CB86529D46429,4.35,-3.01,30.20,0.46,0.76,0.85,BODY
0EEC730F45B08592,-3.55,-3.19,30.40,0.65,0.75,0.87,BODY
55B2B054B8412637,-1.09,-3.01,30.60,0.55,0.75,0.91,BODY
4A1F118F89E16EE4,1.83,-3.41,30.00,0.49,0.63,0.75,BODY
4E23E4508E15AA1E,4.47,-3.02,30.20,0.44,0.75,0.83,BODY
40D594325C817454,-3.35,-2.90,30.40,0.68,0.80,0.91,BODY
AD1BD526D17CFF49,-0.61,-3.38,30.60,0.40,0.63,0.76,BODY
87A785A5D0AB0ECE,2.40,-2.97,30.00,0.35,0.56,0.65,BODY
14BE7D94EB5DF963,4.53,-3.30,30.20,0.44,0.75,0.86,BODY
EBD7F7841B87C705,-2.60,-3.07,30.40,0.84,0.93,0.98,BODY
71ABF4100905191D,-0.18,-2.90,30.60,0.42,0.57,0.71,BODY
8CA4825C2E28C3F7,2.21,-3.27,30.00,0.31,0.56,0.65,BODY
2F72D155A4ED0459,4.69,-3.25,30.20,0.48,0.81,0.91,BODY
832C4B7890497203,-2.34,-2.99,30.40,0.65,0.81,0.91,BODY
AEA9761BB07C03EB,-0.09,-2.97,30.60,0.36,0.52,0.64,BODY
87A4EC7A8EB2C5EB,2.76,-3.25,30.00,0.32,0.59,0.68,BODY
F52704196C7B02BB,5.13,-3.17,30.20,0.51,0.79,0.87,BODY
1C00DC89A778C52B,-2.58,-3.03,30.40,0.62,0.80,0.89,BODY
93C2F334C4874E95,0.00,-2.86,30.60,0.28,0.39,0.51,BODY
30C9667A320C5F67,2.83,-2.77,30.00,0.36,0.61,0.69,BODY
6C500A9D0D7B12C7,5.47,-2.69,30.20,0.46,0.76,0.85,BODY
51DCF0205FE6F7F5,-1.93,-2.90,30.40,0.51,0.72,0.86,BODY
47ACFBBE4B526B5C,0.70,-2.60,30.60,0.25,0.36,0.49,BODY
22AE9CBD69BCF9CB,3.10,-3.05,30.00,0.29,0.56,0.65,BODY
F3077FDF97594A42,5.30,-2.65,30.20,0.54,0.76,0.86,BODY
2E427E75B25DF20C,-1.40,-3.03,30.40,0.46,0.67,0.81,BODY
80F552D3160878C7,0.78,-3.05,30.60,0.25,0.36,0.51,BODY
1DC79D35F824DB3A,3.31,-2.65,30.00,0.41,0.68,0.74,BODY
78053D0056AAB9C9,6.16,-2.67,30.20,0.45,0.74,0.85,BODY
1206E4F669C93E09,-1.29,-2.58,30.40,0.29,0.51,0.68,BODY
6470E7B9D1F19951,1.56,-2.75,30.60,0.32,0.44,0.58,BODY
55843AF81BBA8B99,3.92,-2.89,30.00,0.55,0.81,0.87,BODY
4A98BE6FF693164C,6.16,-2.58,30.20,0.47,0.73,0.83,BODY
03DFB57698B0EA61,-0.48,-2.98,30.40,0.45,0.68,0.84,BODY
2823075821936F33,1.94,-2.69,30.60,0.45,0.64,0.74,BODY
F48F7AFB17A817ED,4.50,-2.69,30.00,0.51,0.80,0.89,BODY
5C4DF1467BBB310A,-2.48,-2.82,30.20,0.72,0.82,0.90,BODY
4C1DD5384114E5F9,-0.03,-2.89,30.40,0.32,0.47,0.58,BODY
C0E9C1DDD035734D,2.75,-2.43,30.60,0.33,0.61,0.69,BODY
59B0F1E9BFB18990,5.18,-2.97,30.00,0.49,0.80,0.88,BODY
84295ADAF39F7A40,-1.91,-2.92,30.20,0.54,0.75,0.89,BODY
BFDDFE257E118433,1.12,-2.60,30.40,0.31,0.42,0.57,BODY
7F07D7AB2F1810A6,3.25,-2.65,30.60,0.46,0.71,0.78,BODY
FE499DFE402C8F43,5.75,-2.77,30.00,0.55,0.81,0.87,BODY
E47A804AE099938A,-1.06,-2.63,30.20,0.45,0.67,0.81,BODY
69099A0093F4567A,1.31,-2.35,30.40,0.42,0.56,0.68,BODY
656B2EBD9A85E9BE,4.28,-2.66,30.60,0.53,0.80,0.88,BODY
EC6FC766CCDC159C,6.72,-2.69,30.00,0.45,0.70,0.78,BODY
7C16059E01B902C5,-0.19,-2.60,30.20,0.46,0.67,0.80,BODY
9BA104C3E4541A9B,2.21,-2.62,30.40,0.34,0.61,0.69,BODY
F043342AA1926B7E,5.06,-2.38,30.60,0.52,0.78,0.87,BODY
74081DC2B2DE4E4C,-1.64,-2.79,30.00,0.45,0.67,0.83,BODY
CE290E23CC2381B4,1.09,-2.51,30.20,0.45,0.57,0.71,BODY
B84599A14B7D7740,3.19,-2.65,30.40,0.58,0.83,0.87,BODY
E3888273E6069A89,5.65,-2.43,30.60,0.52,0.81,0.87,BODY
0F3BC49EF9F7121A,-0.89,-2.42,30.00,0.36,0.59,0.74,BODY
19EF6A7C54C38F09,1.76,-2.19,30.20,0.32,0.44,0.58,BODY
FF62CB9FFCB00038,4.15,-2.44,30.40,0.52,0.80,0.87,BODY
1B2459D7BAAFA4D2,6.50,-2.26,30.60,0.52,0.78,0.84,BODY
CC3715777D24C060,-0.07,-2.24,30.00,0.47,0.67,0.83,BODY
809CD269985A2E91,2.69,-2.36,30.20,0.37,0.60,0.70,BODY
3AF88BDA7FF10BA3,5.19,-2.52,30.40,0.55,0.81,0.91,BODY
BB8398B3E33FE132,-1.14,-2.55,30.60,0.47,0.69,0.84,BODY
5E9E9D3A08959A64,1.42,-2.28,30.00,0.21,0.33,0.47,BODY
5630A3EA992230FA,3.61,-2.35,30.20,0.46,0.77,0.85,BODY
A9DE5CDFF00B3B2B,6.38,-2.08,30.40,0.55,0.81,0.87,BODY
0A8CFF011B6CBA18,-0.48,-2.03,30.60,0.36,0.58,0.75,BODY
B4F7B944C1696509,2.02,-2.19,30.00,0.44,0.67,0.76,BODY
A311B639842A4204,4.72,-2.36,30.20,0.56,0.82,0.91,BODY
0BFA9676C5A64C78,-1.73,-2.25,30.40,0.74,0.86,0.94,BODY
D237DE0A8844FEEE,0.77,-2.06,30.60,0.42,0.54,0.68,BODY
F9E549EA06017666,3.39,-2.11,30.00,0.45,0.71,0.81,BODY
DE1D74C64B5AE9CA,5.63,-2.31,30.20,0.49,0.80,0.88,BODY
E27A78485BCC4DA4,-0.42,-2.41,30.40,0.35,0.56,0.74,BODY
C812EBAC144C5A28,2.01,-2.26,30.60,0.32,0.54,0.65,BODY
836D851B6DCF50EC,4.54,-2.50,30.00,0.54,0.80,0.88,BODY
B559E9A1E51AC439,7.14,-2.08,30.20,0.45,0.68,0.78,BODY
91CC7E26A121D739,0.21,-2.44,30.40,0.33,0.51,0.65,BODY
F9285C01B14BA51C,2.83,-2.18,30.60,0.45,0.71,0.81,BODY
6F979745503CFEEF,5.27,-2.43,30.00,0.54,0.80,0.88,BODY
34F96CC9525C17CC,-0.56,-2.31,30.20,0.48,0.68,0.85,BODY
CD5B11AFEF19B308,1.77,-2.40,30.40,0.33,0.49,0.61,BODY
A9C5DD05AFD6BD8D,4.33,-2.02,30.60,0.54,0.80,0.88,BODY
47AE7C9B963BF3FF,6.57,-2.21,30.00,0.53,0.79,0.86,BODY
899AB1CD3EE78B04,0.34,-1.80,30.20,0.48,0.67,0.81,BODY
13A85A4026FA2CE7,3.14,-2.00,30.40,0.45,0.71,0.81,BODY
7C78910BA8CBDB75,5.80,-1.82,30.60,0.56,0.81,0.89,BODY
FCB81586C640BFA1,-0.84,-2.22,30.00,0.52,0.68,0.81,BODY
561E696C192D1A4E,1.88,-2.17,30.20,0.43,0.65,0.75,BODY
58ED3B5B4B4D26AC,4.08,-1.73,30.40,0.55,0.81,0.91,BODY
077EE1981C239DCC,7.15,-2.17,30.60,0.48,0.71,0.81,BODY
4AA7BD8D19B521E4,0.98,-2.21,30.00,0.26,0.38,0.52,BODY
6FFFB72559BA3C73,3.30,-2.05,30.20,0.48,0.75,0.84,BODY
F5E77316AE3DABB1,5.53,-2.19,30.40,0.54,0.81,0.89,BODY
8A85F055A37A2D6B,-0.32,-2.05,30.60,0.50,0.69,0.83,BODY
2A3F8AF857D472FB,2.55,-1.68,30.00,0.46,0.70,0.77,BODY
E96AC69A5D82C56C,4.72,-1.79,30.20,0.68,0.87,0.94,BODY
FC830653A22F2B60,-1.23,-1.62,30.40,0.39,0.62,0.78,BODY
F2D7712F25EB2EC2,1.16,-1.92,30.60,0.42,0.53,0.64,BODY
F93D6C30AF7D67C1,3.71,-1.79,30.00,0.48,0.75,0.84,BODY
288DD5608AEAA328,6.04,-2.03,30.20,0.58,0.84,0.91,BODY
BCD95B0B0FC7FC4E,0.35,-1.85,30.40,0.43,0.62,0.78,BODY
A314A9A0FB073278,3.02,-2.06,30.60,0.39,0.65,0.74,BODY
01FD041EE9D1F457,5.33,-2.00,30.00,0.62,0.86,0.93,BODY
1A0A25DA4846281E,-0.50,-1.92,30.20,0.45,0.63,0.78,BODY
EC39C69A83E898BD,1.72,-1.99,30.40,0.52,0.73,0.84,BODY
6F4B201726F6B0C2,4.40,-2.05,30.60,0.56,0.80,0.88,BODY
ABFA3CE6FAC2F80A,-1.44,-1.42,30.00,0.55,0.66,0.76,BODY
B0F19E0C870893FA,0.86,-1.62,30.20,0.31,0.45,0.57,BODY
A0A434CC47F64EEF,3.60,-1.55,30.40,0.50,0.73,0.81,BODY
1125A657D4AA3E17,6.10,-1.57,30.60,0.64,0.85,0.91,BODY
3F3DD53B18456220,0.21,-1.56,30.00,0.43,0.62,0.78,BODY
1FA93BCDF4C8B4FA,2.87,-1.82,30.20,0.42,0.67,0.77,BODY
755BBF639AF05A7F,5.44,-1.80,30.40,0.60,0.84,0.91,BODY
4242163597467AAC,-0.25,-1.55,30.60,0.47,0.65,0.81,BODY
521CEA72963B76C5,2.26,-1.73,30.00,0.39,0.62,0.71,BODY
B1FC6A8A630C14F6,4.46,-1.88,30.20,0.51,0.76,0.88,BODY
4E1C9959E65EAD7A,-1.36,-1.84,30.40,0.61,0.78,0.91,BODY
0F848FA6C1BC2D09,1.12,-1.70,30.60,0.35,0.55,0.64,BODY
B988A5DA8401B546,4.09,-1.39,30.00,0.46,0.71,0.82,BODY
FCF653BA8D6134BE,6.65,-1.58,30.20,0.56,0.79,0.88,BODY
E4770F87F41EE2E5,0.66,-1.64,30.40,0.48,0.69,0.82,BODY
1137F70810238034,3.15,-1.31,30.60,0.51,0.73,0.82,BODY
4386F8D86E880EB6,6.04,-1.79,30.00,0.51,0.76,0.87,BODY
125B55EA711733C5,0.38,-1.29,30.20,0.45,0.65,0.80,BODY
E98F82E2785452C5,2.50,-1.21,30.40,0.46,0.68,0.78,BODY
D569F2B823877EB9,5.29,-1.31,30.60,0.58,0.83,0.91,BODY
CF22FC213E7A9CDF,-0.45,-1.66,30.00,0.48,0.66,0.80,BODY
33AEAE68D71158FD,1.97,-1.27,30.20,0.44,0.66,0.75,BODY
A3DD064BFBF6DADA,4.79,-1.63,30.40,0.59,0.82,0.90,BODY
2DD84FD449AED99B,-0.72,-1.60,30.60,0.71,0.84,0.94,BODY
91B8D11027716C83,1.60,-1.18,30.00,0.45,0.65,0.74,BODY
6CF027A3E6929DB0,4.02,-1.62,30.20,0.48,0.73,0.83,BODY
927E89E6A68221C2,6.39,-1.40,30.40,0.54,0.79,0.88,BODY
87AEE76CB7D4E505,1.48,-1.54,30.60,0.45,0.61,0.71,BODY
E227B82715D0348D,3.95,-1.40,30.00,0.50,0.74,0.83,BODY
EDC3F7855AD36421,6.40,-1.07,30.20,0.57,0.82,0.91,BODY
B22725E327C23976,1.17,-1.54,30.40,0.51,0.69,0.80,BODY
D75E6A53D94D73F4,3.41,-1.16,30.60,0.47,0.71,0.81,BODY
05B5233628422AC5,5.90,-1.48,30.00,0.65,0.86,0.94,BODY
8AE41E39F780E2D0,0.67,-1.04,30.20,0.45,0.64,0.77,BODY
82A31295DBC74635,3.25,-0.95,30.40,0.53,0.74,0.82,BODY
317B541EB5BE0B8D,5.44,-1.00,30.60,0.58,0.83,0.91,BODY
F470663DA0F4BFB1,0.22,-1.32,30.00,0.44,0.62,0.76,BODY
A7EC08CFB7544304,2.77,-0.95,30.20,0.54,0.75,0.83,BODY
BEA6DB95A4DBC4FB,5.45,-1.38,30.40,0.58,0.81,0.87,BODY
02F35DBE44564C6E,0.09,-1.25,30.60,0.45,0.67,0.81,BODY
6792704B3A94357D,2.28,-1.05,30.00,0.48,0.67,0.76,BODY
1E53E4A5E2DA8069,5.38,-1.01,30.20,0.64,0.86,0.93,BODY
FA3C366333E21A2E,0.07,-0.88,30.40,0.35,0.55,0.72,BODY
8566211E2624BC3A,2.73,-1.26,30.60,0.51,0.70,0.78,BODY
FDB09321F875FEE9,4.68,-1.13,30.00,0.58,0.79,0.87,BODY
00B68846BDA25786,0.01,-1.18,30.20,0.40,0.59,0.74,BODY
AA2B673F81EDC101,2.16,-0.95,30.40,0.56,0.76,0.82,BODY
E9A766D8BA455AD1,4.60,-0.95,30.60,0.54,0.75,0.83,BODY
2158BC686ACB7778,-0.30,-0.83,30.00,0.35,0.56,0.71,BODY
9E1426DEF4330830,2.37,-1.24,30.20,0.54,0.73,0.80,BODY
E7CCD43F3006B152,4.69,-1.05,30.40,0.54,0.75,0.83,BODY
E9B0BEA606017227,-0.07,-1.04,30.60,0.40,0.59,0.74,BODY
C20495F7C2A0EF8B,2.42,-0.68,30.00,0.56,0.76,0.82,BODY
7B50067F1810195C,4.97,-0.88,30.20,0.56,0.77,0.85,BODY
9BF6A323362CB90B,-0.29,-0.86,30.40,0.40,0.59,0.74,BODY
92FEE99DB25EDEB0,2.15,-0.94,30.60,0.61,0.78,0.84,BODY
3A743A4239CF74F3,4.85,-0.62,30.00,0.56,0.77,0.85,BODY
670871EE4B1D1806,-0.17,-1.04,30.20,0.45,0.62,0.78,BODY
19273FA7F974AECC,2.70,-0.52,30.40,0.60,0.76,0.83,BODY
6609E76571C4DE1E,4.86,-0.92,30.60,0.54,0.77,0.85,BODY
22C41AA4F6520B15,0.04,-0.46,30.00,0.45,0.62,0.78,BODY
52069403025A52CB,2.45,-0.75,30.20,0.65,0.84,0.91,BODY
263EAAE05E77BFA6,4.93,-0.87,30.40,0.55,0.80,0.87,BODY
2490CE0715E43785,0.15,-0.52,30.60,0.58,0.73,0.85,BODY
B940DA3F5A42A4B0,2.99,-0.87,30.00,0.58,0.78,0.87,BODY
8F3F965369D9C6C8,5.45,-0.69,30.20,0.61,0.83,0.91,BODY
E5B57FE646BDD9BD,0.53,-0.35,30.40,0.51,0.70,0.83,BODY
B261808B0CE56A72,3.37,-0.76,30.60,0.57,0.76,0.85,BODY
AD28F5B001B75FD8,5.68,-0.71,30.00,0.58,0.80,0.89,BODY
284F0B2E445B08D3,0.97,-0.37,30.20,0.45,0.67,0.81,BODY
398326F44DD9056B,3.64,-0.46,30.40,0.52,0.73,0.84,BODY
735344A5CA558513,5.98,-0.44,30.60,0.58,0.81,0.91,BODY
72448EBB788C72EA,1.50,-0.54,30.00,0.51,0.70,0.84,BODY
9CD4849ECBD16B66,3.84,-0.25,30.20,0.54,0.73,0.83,BODY
CE0BF1E30526F13E,6.34,-0.72,30.40,0.55,0.76,0.84,BODY
656B2439714A66BB,2.05,-0.54,30.60,0.54,0.69,0.80,BODY
CF820798A52F3ED7,4.73,-0.41,30.00,0.58,0.81,0.87,BODY
64F1800D27316BF1,6.82,-0.29,30.20,0.55,0.67,0.74,BODY
A40136669026D775,2.53,-0.68,30.40,0.58,0.76,0.84,BODY
3673B14FC77254E7,5.36,-0.30,30.60,0.60,0.82,0.89,BODY
388D03688D1AA0DE,0.63,-0.62,30.00,0.51,0.68,0.82,BODY
DDB035220BCE8BAB,3.22,-0.42,30.20,0.48,0.65,0.74,BODY
B3E14CAF6CFCEC74,5.84,-0.21,30.40,0.67,0.83,0.89,BODY
835CA77B01FC1CBF,1.42,-0.46,30.60,0.58,0.76,0.87,BODY
6BBCD65D426A416D,4.38,-0.56,30.00,0.58,0.79,0.89,BODY
79CC986673DF768E,6.51,-0.45,30.20,0.60,0.82,0.91,BODY
E63EAAB305A32933,2.67,-0.53,30.40,0.61,0.80,0.87,BODY
7A6ABC0F280C3C8D,4.83,-0.11,30.60,0.64,0.84,0.91,BODY
D7227359B41D7821,0.74,-0.43,30.00,0.42,0.62,0.71,BODY
0359513A9EEA276E,3.36,-0.37,30.20,0.55,0.73,0.84,BODY
FDD103602F1E718D,5.65,-0.13,30.40,0.69,0.85,0.91,BODY
F66AC4F2FDB30127,1.71,-0.16,30.60,0.57,0.78,0.90,BODY
56494065EE1AFB2E,4.25,0.08,30.00,0.56,0.75,0.83,BODY
1D56E88ECD170CD4,6.68,-0.48,30.20,0.65,0.83,0.89,BODY
97B5E8C87B185309,2.20,-0.36,30.40,0.50,0.69,0.83,BODY
1E22AF1A7E94F374,4.35,-0.13,30.60,0.68,0.84,0.91,BODY
46A6D999F47B97E1,7.14,-0.07,30.00,0.58,0.78,0.87,BODY
757D7453515EA70E,2.49,-0.26,30.20,0.58,0.74,0.82,BODY
2AB31432541CE582,4.68,0.10,30.40,0.69,0.85,0.91,BODY
5E3680E154A856F8,-7.36,-0.30,30.60,0.91,0.84,0.87,BODY
66C869A15DB18704,2.51,-0.20,30.00,0.61,0.76,0.83,BODY
E418B2038B5E259A,5.46,0.02,30.20,0.68,0.86,0.94,BODY
FE45FC39A03F4165,0.71,0.21,30.40,0.49,0.55,0.64,BODY
AA96CF0E3BEC984F,3.44,-0.25,30.60,0.52,0.70,0.81,BODY
D8C1FE0FDC1B62C1,5.79,0.24,30.00,0.48,0.67,0.74,BODY
95264662798B007D,0.82,0.03,30.20,0.64,0.70,0.80,BODY
FDA02D055719F44E,3.52,0.14,30.40,0.59,0.76,0.85,BODY
4F4A016DCC6A8548,6.26,-0.25,30.60,0.68,0.86,0.91,BODY
77A05585BF99FC02,1.32,0.33,30.00,0.53,0.68,0.77,BODY
F816EB3869417DB0,3.87,0.36,30.20,0.61,0.80,0.88,BODY
68C54DB13228C945,6.19,0.26,30.40,0.78,0.91,0.97,BODY
0EB22B4321F69B4A,1.76,0.32,30.60,0.55,0.71,0.82,BODY
1EAB676DE05E9419,4.34,0.06,30.00,0.67,0.84,0.89,BODY
CB061DC96177B827,6.32,0.19,30.20,0.71,0.87,0.94,BODY
6240170456E7ABEF,2.13,0.42,30.40,0.69,0.81,0.88,BODY
B317DE5C187958F2,4.17,-0.07,30.60,0.80,0.91,0.95,BODY
C36F0C878C392B10,6.95,0.49,30.00,0.61,0.71,0.77,BODY
80791D72CEA9A0B0,2.43,0.15,30.20,0.62,0.76,0.85,BODY
C5264F8A5B86617E,4.87,0.50,30.40,0.77,0.89,0.93,BODY
0793B5CFB70D5C2F,-7.21,0.12,30.60,0.94,0.89,0.91,BODY
F8FEE442F9304677,2.41,0.26,30.00,0.62,0.75,0.82,BODY
BAA832A2482BB8BC,4.61,0.21,30.20,0.78,0.91,0.96,BODY
F4DBFF1E961A05DF,-6.94,0.34,30.40,0.52,0.49,0.55,BODY
91F57134C13BCBE9,2.35,0.05,30.60,0.71,0.84,0.91,BODY
995DCC2A9ED0533E,5.33,0.42,30.00,0.78,0.91,0.96,BODY
1E1BC83879C80416,0.09,0.19,30.20,0.48,0.54,0.65,BODY
44076D445CCE299E,2.82,0.52,30.40,0.75,0.87,0.93,BODY
B39FDB273954CE8E,4.92,0.40,30.60,0.81,0.92,0.97,BODY
642DC9FC15A2D7C9,-2.53,0.47,30.00,0.14,0.17,0.21,BODY
3C9A8B325AF2D45B,1.93,0.27,30.20,0.73,0.82,0.89,BODY
A473DD5A46E8F2D3,4.48,0.70,30.40,0.83,0.93,0.96,BODY
548C131C97FE75C7,6.91,0.44,30.60,0.65,0.75,0.81,BODY
D6C7E5C6A5C5C3B9,0.55,0.39,30.00,0.43,0.49,0.59,BODY
55A54C40CACD0CE1,2.92,0.23,30.20,0.73,0.86,0.93,BODY
81D27291E4A64552,5.42,0.74,30.40,0.78,0.91,0.96,BODY
655F23BBD9C03AA8,-3.06,0.38,30.60,0.21,0.27,0.32,BODY
DC2558727E55B451,1.05,0.42,30.00,0.68,0.70,0.77,BODY
F312D75B73792B82,3.44,0.76,30.20,0.65,0.80,0.87,BODY
274033EDC65CBA78,6.22,0.28,30.40,0.69,0.85,0.91,BODY
B62C685531A0E61B,-2.95,0.45,30.60,0.30,0.38,0.47,BODY
FA031631DED343AC,-0.01,0.33,30.00,0.45,0.53,0.65,BODY
5798604E5EB967BC,2.88,0.74,30.20,0.75,0.87,0.91,BODY
62FB355D3CE58608,5.24,0.70,30.40,0.78,0.87,0.94,BODY
67B8DEED98EDE194,-7.39,0.58,30.60,0.75,0.65,0.65,BODY
F55D9C758FD05227,-1.49,0.36,30.00,0.42,0.53,0.64,BODY
F6F1F1B7445444FB,1.11,0.40,30.20,0.70,0.73,0.81,BODY
02489CB8DCDFA7BD,3.70,0.47,30.40,0.75,0.87,0.93,BODY
8F8EEABD5472B9AA,6.00,0.49,30.60,0.71,0.80,0.86,BODY
96561DC05108F69C,-3.04,0.40,30.00,0.35,0.46,0.58,BODY
FFFDCCE70E1685E5,-0.38,0.72,30.20,0.39,0.46,0.58,BODY
4753EB4A612ED3F5,1.82,0.71,30.40,0.76,0.82,0.89,BODY
B1DA7FEAEE15C06F,4.33,0.93,30.60,0.82,0.91,0.96,BODY
325980B4F70972A4,-8.62,1.04,30.00,0.91,0.81,0.84,BODY
60E10571796013D9,-2.76,0.84,30.20,0.39,0.51,0.68,BODY
3C372162C4BEE6EF,-0.05,0.66,30.40,0.42,0.53,0.65,BODY
668BD6CF19A08279,2.52,0.54,30.60,0.78,0.86,0.91,BODY
AA2C7914C84D60D5,4.92,0.94,30.00,0.78,0.91,0.94,BODY
505E1D3DC3A07AB0,-8.08,0.51,30.20,0.81,0.71,0.78,BODY
3CF4218C26EE6A90,-2.23,0.76,30.40,0.42,0.56,0.71,BODY
74A7A656756B37CA,0.23,0.85,30.60,0.42,0.53,0.65,BODY
B3EF5F83A938A301,2.72,0.67,30.00,0.78,0.88,0.93,BODY
2C4183112C828649,5.25,0.64,30.20,0.87,0.95,1.00,BODY
CB8715A146FE0F01,-7.51,0.81,30.40,0.68,0.59,0.61,BODY
88E9A9E4B0A9BDDF,-2.14,0.88,30.60,0.47,0.62,0.75,BODY
E2FD0CC55A605B54,0.20,0.57,30.00,0.45,0.55,0.67,BODY
B00AD7F03E734DA9,2.99,1.04,30.20,0.78,0.88,0.93,BODY
A86B5EF805264F38,5.46,0.74,30.40,0.84,0.92,0.94,BODY
453CCD4353C50A60,-6.97,0.79,30.60,0.57,0.46,0.51,BODY
C2C1F4CCE58B9327,-1.98,1.01,30.00,0.54,0.69,0.83,BODY
903AA44ECBFA22CA,0.23,0.97,30.20,0.48,0.59,0.72,BODY
3EFC10579E47F967,2.68,0.94,30.40,0.77,0.86,0.93,BODY
2D03DAC9F155A923,5.23,1.04,30.60,0.88,0.95,0.98,BODY
D8F94E2F544507EA,-6.36,1.13,30.00,0.37,0.34,0.37,BODY
9A2BD19E3775387E,-2.34,0.86,30.20,0.58,0.71,0.84,BODY
90BB8209B79E9A7A,0.11,0.75,30.40,0.52,0.64,0.78,BODY
65F80ADF91E5FE45,2.91,0.80,30.60,0.83,0.90,0.95,BODY
E78F8E3C1835E4B2,5.22,0.75,30.00,0.91,0.97,1.00,BODY
D8D433562D2CE66B,-6.58,0.98,30.20,0.16,0.14,0.16,BODY
1DE573D170069B5F,-2.21,0.86,30.40,0.58,0.73,0.86,BODY
3305835F9830C2DE,-0.10,1.16,30.60,0.52,0.64,0.78,BODY
A99232AB0A8901CB,2.50,0.71,30.00,0.89,0.92,0.97,BODY
267E9A2A1D80AA68,5.38,0.80,30.20,0.85,0.93,0.96,BODY
77751B13CAD11061,-6.84,0.84,30.40,0.58,0.49,0.52,BODY
A31AE100433B7E90,-3.32,0.90,30.60,0.46,0.61,0.75,BODY
DDBD2757B6ADA9A8,-0.36,0.86,30.00,0.72,0.82,0.93,BODY
9A55617442BA0D92,1.59,0.94,30.20,0.80,0.86,0.91,BODY
E36DA8A0AD20D0D3,4.34,0.95,30.40,0.74,0.86,0.91,BODY
071DB3AF0F07CD60,-7.22,1.37,30.60,0.88,0.80,0.84,BODY
51D47DACB3ABBF75,-4.19,1.09,30.00,0.39,0.44,0.58,BODY
BF0A695E2F78780C,-1.69,1.01,30.20,0.71,0.83,0.93,BODY
C9D943EA1FE54AC6,0.97,1.03,30.40,0.69,0.75,0.84,BODY
B0DC705E61A2191D,3.28,1.39,30.60,0.75,0.86,0.93,BODY
0F0724796491A964,5.73,0.96,30.00,0.84,0.90,0.93,BODY
B58FE861D7865856,-5.82,1.17,30.20,0.74,0.69,0.71,BODY
C5454FD975161F61,-2.55,0.88,30.40,0.61,0.76,0.87,BODY
2936C9F7E13AEDA7,-0.26,1.41,30.60,0.78,0.86,0.94,BODY
3F2C432B02EDAEE8,2.18,1.42,30.00,0.91,0.94,0.96,BODY
D0EB39ABED35818D,4.71,0.99,30.20,0.87,0.94,0.97,BODY
053FC2CA3F978161,-7.08,1.48,30.40,0.57,0.48,0.51,BODY
B351846CA327A06E,-3.85,1.15,30.60,0.43,0.58,0.72,BODY
FD1A33349D01F78D,-1.24,1.11,30.00,0.81,0.89,0.95,BODY
9E28DEC009B35183,0.91,1.13,30.20,0.73,0.82,0.89,BODY
39BC28F1E7F55D04,3.48,0.94,30.40,0.78,0.87,0.94,BODY
553108B4C4BBF2D0,-7.97,1.14,30.60,0.61,0.51,0.55,BODY
AE763163F2691E90,-5.11,1.39,30.00,0.95,0.86,0.87,BODY
72EA76A01D461D8E,-2.39,1.00,30.20,0.68,0.80,0.89,BODY
EC9A0738A6562CA2,-0.24,1.13,30.40,0.80,0.87,0.93,BODY
7C03DFBC5E1864A0,2.52,1.22,30.60,0.94,0.95,0.97,BODY
89C16B1993188DC0,4.85,1.00,30.00,0.94,0.95,0.97,BODY
1BE05EFDE341B705,-6.12,1.50,30.20,0.53,0.44,0.47,BODY
90DC2E2EA10DDB9E,-3.54,1.39,30.40,0.55,0.70,0.84,BODY
D041663675DB6181,-0.88,1.35,30.60,0.84,0.91,0.96,BODY
A8E071E55C466B43,1.17,1.51,30.00,0.80,0.86,0.93,BODY
CFBB0C8D94CC2BBC,4.14,1.41,30.20,0.82,0.91,0.95,BODY
092ABB7442CFA215,-7.85,1.53,30.40,0.58,0.47,0.52,BODY
1FE1EE4AC9F679CA,-5.77,1.61,30.60,0.97,0.88,0.90,BODY
E5B69958AA8E61BD,-3.27,1.52,30.00,0.68,0.81,0.91,BODY
1E946EC50B369EAB,-0.64,1.24,30.20,0.84,0.91,0.97,BODY
1F6199F4F6E4F6E1,2.08,1.42,30.40,0.90,0.93,0.96,BODY
3835ADD777B255BA,4.11,1.40,30.60,0.91,0.95,0.97,BODY
C0AC95C7F1E74C25,-7.82,1.54,30.00,0.71,0.56,0.58,BODY
371CA32716279950,-5.47,1.22,30.20,1.00,0.94,0.94,BODY
E62EAA359EF1F7D4,-3.00,1.60,30.40,0.74,0.86,0.94,BODY
B3EA22ED8B332A85,0.04,1.46,30.60,0.85,0.91,0.95,BODY
D3C291D1D22DA546,2.33,1.42,30.00,0.96,0.97,0.99,BODY
521315CB6940F64A,4.89,1.43,30.20,0.97,0.96,0.95,BODY
88474A3C45C68A39,-7.20,1.16,30.40,0.69,0.59,0.59,BODY
4759B8ABB23CDDB3,-4.72,1.58,30.60,0.39,0.47,0.58,BODY
4F8D4B09654E67F3,-2.19,1.47,30.00,0.80,0.90,0.97,BODY
C107FA9653D731A0,0.56,1.16,30.20,0.81,0.89,0.95,BODY
8664428638A48559,2.92,1.46,30.40,0.94,0.95,0.97,BODY
A49B3EA2843304A0,5.00,1.21,30.60,0.93,0.95,0.98,BODY
089E98A12BB18102,-6.58,1.44,30.00,0.67,0.53,0.56,BODY
2253D6AE3FCBC167,-4.25,1.43,30.20,0.53,0.67,0.80,BODY
4299BF2B89E217D9,-1.82,1.53,30.40,0.86,0.94,0.97,BODY
7C20325940A5C214,0.91,1.60,30.60,0.78,0.85,0.91,BODY
127214F733CF9A03,3.40,1.62,30.00,0.94,0.95,0.98,BODY
91025845402D4B77,-8.52,1.55,30.20,0.97,0.86,0.87,BODY
60A7728230265442,-5.78,1.63,30.40,0.71,0.57,0.61,BODY
CC85069E0C169CCA,-3.55,1.61,30.60,0.71,0.83,0.94,BODY
D6655BA4B8409F38,-1.06,1.59,30.00,0.89,0.95,0.98,BODY
83A7A23200B04E95,1.40,1.59,30.20,0.87,0.91,0.96,BODY
93B8216305883867,3.98,1.37,30.40,0.98,0.97,0.99,BODY
B988D7991D8648B9,-7.99,1.46,30.60,1.00,0.92,0.94,BODY
5BB16965C76521FB,-5.53,1.40,30.00,1.00,0.94,0.94,BODY
5985AA06FFFB0042,-2.87,1.51,30.20,0.81,0.91,0.97,BODY
A9447CC6BB20F19C,-0.68,1.64,30.40,0.88,0.94,0.97,BODY
45EDBC52F4E7C517,1.88,1.51,30.60,0.94,0.96,0.98,BODY
6502C43E4B84174B,4.73,1.33,30.00,0.99,0.95,0.96,BODY
FA4848DE9F8BE2CE,-7.43,1.56,30.20,0.84,0.75,0.77,BODY
51C41EBD629A60A1,-4.91,1.84,30.40,0.98,0.92,0.91,BODY
FD4294F38CC84907,-2.26,1.66,30.60,0.86,0.93,0.97,BODY
B624BE67B9521553,0.31,1.54,30.00,0.88,0.93,0.97,BODY
19E09E03E426A252,2.58,1.59,30.20,0.95,0.96,0.97,BODY
937EA1F631EE98E7,5.03,1.76,30.40,0.94,0.97,0.97,BODY
70E04B7F33A02A78,-6.55,1.95,30.60,0.87,0.77,0.76,BODY
12099BC4F6A45DBE,-3.91,1.99,30.00,0.76,0.87,0.95,BODY
220EB6149D82EB61,-1.43,1.93,30.20,0.93,0.95,0.99,BODY
69BBCA1334886680,1.30,1.64,30.40,0.85,0.90,0.95,BODY
BBA57CE816846090,3.46,1.81,30.60,0.98,0.97,0.97,BODY
34CEFEFD48421B04,-6.76,1.96,30.00,0.72,0.58,0.60,BODY
086EBFD9F99748F5,-4.57,1.60,30.20,0.55,0.67,0.81,BODY
59D0392E07FFF961,-2.07,1.90,30.40,0.88,0.95,0.97,BODY
5103965EBD60F362,0.63,1.64,30.60,0.80,0.87,0.95,BODY
2E866F6F607DBC45,2.97,1.90,30.00,0.98,0.96,0.97,BODY
131E208FDB9595C9,-6.97,1.90,30.20,0.76,0.62,0.67,BODY
64852C019F9A43AB,-4.63,1.82,30.40,0.81,0.73,0.78,BODY
AAB0566C96E04285,-2.36,1.55,30.60,0.91,0.95,0.97,BODY
925A581D6A2B7159,0.54,2.01,30.00,0.87,0.91,0.97,BODY
08BA281E06F3BDA1,3.01,1.65,30.20,1.00,0.96,0.97,BODY
5FE34D926C8C74E4,-7.29,1.98,30.40,0.71,0.56,0.61,BODY
5BB2F1734D8C2A18,-4.99,1.99,30.60,0.93,0.85,0.88,BODY
C2B65CA0F7893A1A,-2.50,1.68,30.00,0.91,0.95,0.97,BODY
1FBFACA3DC20E7E3,0.52,1.74,30.20,0.87,0.91,0.97,BODY
4E58B340BFDC44BD,3.10,1.68,30.40,1.00,0.96,0.97,BODY
742617DB9F1CDFDB,-7.40,2.15,30.60,0.61,0.47,0.53,BODY
CDDDBFB8FDCD35BA,-4.80,1.83,30.00,1.00,0.92,0.94,BODY
D70E79D19DC8A246,-2.48,1.85,30.20,0.91,0.96,0.98,BODY
399C546FB1084154,0.10,1.87,30.40,0.89,0.93,0.97,BODY
D71BD334FBB625A4,2.89,1.98,30.60,0.99,0.96,0.97,BODY
C609D6425076E261,-7.13,2.15,30.00,0.74,0.60,0.65,BODY
9B25A0D8548FEA43,-4.86,1.85,30.20,0.98,0.95,0.95,BODY
0125A419A0C6F652,-2.22,1.94,30.40,0.91,0.96,0.98,BODY
1D57AE9628FC394A,0.36,1.86,30.60,0.91,0.94,0.97,BODY
E618CB0605749237,2.32,1.84,30.00,0.99,0.96,0.97,BODY
D921B1D7E0934665,-7.56,2.28,30.20,0.38,0.29,0.33,BODY
31EFA6DB9BE93F26,-5.41,1.85,30.40,0.99,0.96,0.97,BODY
9DC99BC606C448B0,-2.72,2.19,30.60,0.94,0.97,1.00,BODY
FE93CE0830193DD9,-0.18,1.72,30.00,0.91,0.96,0.98,BODY
98091FE2F8D76CD2,2.18,1.98,30.20,1.00,0.97,0.97,BODY
3FD91905CD0023F6,4.79,1.89,30.40,0.87,0.91,0.97,BODY
9777D6C14ACF9D63,-5.28,1.77,30.60,0.99,0.96,0.96,BODY
81DBD6FEE6389FC2,-3.09,2.04,30.00,0.91,0.96,0.99,BODY
6961DF069EA3FEFE,-0.08,2.04,30.20,0.93,0.96,0.98,BODY
8580C06834AC8FBC,2.32,2.12,30.40,0.99,0.95,0.96,BODY
3F2B60A18E79DC3B,4.76,2.23,30.60,0.95,0.96,0.96,BODY
1EC678A471302D48,-5.91,2.39,30.00,1.00,0.98,0.97,BODY
474E40B6BED194E7,-3.21,2.33,30.20,0.94,0.98,1.00,BODY
C1210CBA6B39B3E0,0.18,2.32,30.40,0.91,0.96,0.98,BODY
58E9BD1C77742772,2.25,1.82,30.60,0.98,0.94,0.93,BODY
D069745C6DDCAFD4,-8.29,2.16,30.00,0.47,0.38,0.42,BODY
108E76A924D608D9,-4.77,2.15,30.20,0.98,0.96,0.97,BODY
B851A541424E3433,-1.04,2.30,30.40,0.93,0.96,0.99,BODY
81544BFAEEA37836,1.41,2.12,30.60,0.91,0.94,0.97,BODY
C3F23A30B7955651,4.06,2.06,30.00,1.00,0.95,0.94,BODY
44C4241D226A8451,-5.86,1.99,30.20,0.87,0.84,0.91,BODY
0C1DDE4C6D2C40FE,-3.41,1.96,30.40,0.35,0.36,0.42,BODY
EB7FD5646E346D96,1.05,2.30,30.60,0.91,0.94,0.97,BODY
A3EA642D335D46C1,3.79,2.23,30.00,0.98,0.91,0.91,BODY
9AB3E67F9137A913,-6.83,2.04,30.20,0.61,0.60,0.61,BODY
7DB6DBC75FFCDF8C,-0.90,2.06,30.40,0.91,0.95,0.99,BODY
E46DBBFE9B6CBB90,1.52,2.34,30.60,0.98,0.94,0.96,BODY
1762842A2819FFCC,4.52,2.02,30.00,0.99,0.97,0.97,BODY
6295A239F05D9C03,-4.86,2.42,30.20,0.94,0.95,0.97,BODY
464A5CA5AC9A7682,0.68,2.54,30.40,0.91,0.94,0.99,BODY
524BFDF613301AA7,3.23,2.30,30.60,0.94,0.87,0.87,BODY
822872DB165F2527,-7.65,2.60,30.00,0.83,0.79,0.81,BODY
ABCB0FE0464466C9,0.76,2.43,30.20,0.91,0.93,0.97,BODY
F03CDF35816BE49E,2.86,2.21,30.40,0.98,0.91,0.91,BODY
5CAD397DC8DFF783,-7.53,2.51,30.60,0.58,0.58,0.58,BODY
62D54143D320DC48,1.31,2.32,30.00,0.97,0.94,0.94,BODY
A479F6D6664238FE,3.78,2.47,30.20,0.99,0.96,0.96,BODY
1D0890E4E0A8BA05,-1.03,2.71,30.40,0.84,0.87,0.91,BODY
56D59A011910E656,1.37,2.16,30.60,0.85,0.77,0.78,BODY
659082F1FCC519B5,3.96,2.34,30.00,1.00,0.96,0.97,BODY
8E1971FA3075CEEA,-0.61,2.60,30.20,0.84,0.87,0.91,BODY
86F88EF509D7BDBD,1.64,2.34,30.40,0.61,0.51,0.52,BODY
BA828F71CA57CBBA,3.93,2.74,30.60,0.97,0.97,0.97,BODY
611671D33B2ED394,-1.41,2.29,30.00,0.55,0.53,0.55,BODY
35B9F1771B5E29FD,1.45,2.40,30.20,0.95,0.94,0.97,BODY
9899585B6410BF1E,3.89,2.46,30.40,0.97,0.94,0.94,BODY
D9A205B37247541A,-1.76,2.57,30.60,0.55,0.56,0.55,BODY
C2FB2B28AFFDCEDD,0.72,2.53,30.00,0.94,0.96,0.97,BODY
FBB7B8A23D741172,2.84,2.47,30.20,0.93,0.86,0.85,BODY
6AEA856EB9A6A2E1,-2.96,2.88,30.40,0.68,0.68,0.68,BODY
1BA9913F4DFAA4B4,-0.58,2.76,30.60,0.87,0.92,0.97,BODY
0AD15D6F16DED5AF,2.16,2.69,30.00,0.82,0.70,0.72,BODY
DB28217F69653040,4.74,2.75,30.20,0.91,0.93,0.96,BODY
B2592B7B21D39DCC,-1.59,2.99,30.40,0.59,0.57,0.55,BODY
9C055968F427B09A,1.18,2.99,30.60,0.86,0.85,0.87,BODY
E45F0A9ECE240501,3.46,2.51,30.00,1.00,0.91,0.91,BODY
9E1349D590C1793D,-2.06,2.56,30.20,0.65,0.64,0.61,BODY
BBCFE1FA4EF6C69F,0.19,2.99,30.40,0.94,0.95,0.97,BODY
2908A2B6EFC48B93,2.84,2.73,30.60,0.98,0.91,0.91,BODY
C8E878D35C4DE793,-3.40,2.75,30.00,0.74,0.73,0.74,BODY
C3211EF19974AF40,-0.93,2.96,30.20,0.53,0.50,0.49,BODY
2AF6A7B0D065EA81,1.36,2.90,30.40,0.61,0.49,0.52,BODY
815CA4CB275009A3,3.83,2.79,30.60,0.93,0.93,0.96,BODY
2CA91FBC95D6DF9F,-1.90,2.78,30.00,0.48,0.47,0.48,BODY
A4057364B0B6AFA0,0.54,2.63,30.20,0.94,0.95,0.97,BODY
0C393A134FC1B09D,2.62,3.04,30.40,0.97,0.91,0.91,BODY
6D5C17540F505CF7,-3.22,3.17,30.60,0.69,0.67,0.68,BODY
8E0364F808FB7C05,-0.91,2.72,30.00,0.50,0.48,0.47,BODY
EA4D35A745EFFDE1,1.66,2.73,30.20,0.61,0.49,0.52,BODY
2B7868D61D371E0D,4.49,2.80,30.40,0.94,0.94,0.98,BODY
A7C5050B8794D752,-2.42,2.92,30.60,0.55,0.54,0.53,BODY
9C1175DF3270B45F,0.44,2.96,30.00,0.78,0.80,0.81,BODY
F40A9294BCF389C5,3.11,2.69,30.20,0.84,0.75,0.74,BODY
72958C287839C134,-3.42,2.97,30.40,0.69,0.67,0.64,BODY
CC29D0D7764E1D94,-1.01,2.87,30.60,0.48,0.46,0.45,BODY
F78621A3463ADE1A,1.40,2.85,30.00,0.73,0.60,0.62,BODY
8BC18CAED82DF43E,4.02,3.10,30.20,0.91,0.91,0.94,BODY
9F9CA25A0C419C10,-2.66,2.78,30.40,0.64,0.63,0.61,BODY
B7BAC659340D7BF1,0.05,2.96,30.60,0.51,0.51,0.48,BODY
E52F13CA0D593BA0,2.19,2.89,30.00,0.97,0.87,0.87,BODY
8F678E5660C9EED1,5.10,3.18,30.20,0.65,0.75,0.84,BODY
BC9E55BF5AA04BDB,-1.68,2.93,30.40,0.54,0.51,0.51,BODY
12CAD08B26399BBB,0.78,3.12,30.60,0.51,0.50,0.51,BODY
A5E728DF0B58CCD0,3.27,3.25,30.00,0.87,0.76,0.78,BODY
922F2872DE83C305,-4.23,3.39,30.20,0.55,0.54,0.58,BODY
CA3773CE915F6B3E,-1.52,3.07,30.40,0.55,0.53,0.52,BODY
BE713631F284B26E,0.50,2.95,30.60,0.46,0.45,0.45,BODY
D8C21575871CE39B,3.58,3.24,30.00,0.87,0.76,0.78,BODY
500082458BAF5C11,-4.58,3.06,30.20,0.60,0.61,0.60,BODY
13EF25E82798805E,-2.01,3.48,30.40,0.58,0.56,0.55,BODY
13E50DC7334F83B2,0.56,3.22,30.60,0.45,0.40,0.39,BODY
E24A73BE1AFA26AD,3.23,3.47,30.00,0.78,0.65,0.68,BODY
82090C70713E5202,-4.83,3.49,30.20,0.62,0.63,0.60,BODY
2BF8B4FB8078E06E,-2.25,3.44,30.40,0.61,0.61,0.60,BODY
9CAD98706332703F,0.53,3.24,30.60,0.43,0.40,0.40,BODY
18ABED3DCD8EC9B2,2.92,3.25,30.00,0.91,0.80,0.81,BODY
DB301B6A94F16960,-4.91,3.47,30.20,0.68,0.67,0.68,BODY
AF6D5DCD9655860D,-2.55,3.49,30.40,0.71,0.70,0.68,BODY
73F4534D703DD9A5,0.21,3.36,30.60,0.52,0.47,0.45,BODY
706508BFC11F6445,2.73,3.50,30.00,0.80,0.69,0.70,BODY
C99FB29D26267673,5.03,3.29,30.20,0.77,0.85,0.93,BODY
B78581F93F963482,-3.03,3.10,30.40,0.67,0.67,0.63,BODY
32A518FF961D2DB8,-0.27,3.38,30.60,0.46,0.45,0.43,BODY
333EF6BC212BCF86,1.75,3.37,30.00,0.91,0.81,0.81,BODY
CF5549EB907AA549,4.61,3.23,30.20,0.87,0.89,0.94,BODY
7A5A31C63CEC1416,-3.83,3.61,30.40,0.68,0.67,0.65,BODY
7AC5A3F2A91184EB,-1.26,3.15,30.60,0.53,0.51,0.49,BODY
182D5E8018ADCBE0,1.41,3.45,30.00,0.78,0.64,0.68,BODY
AC7D039C82BFC3C1,4.18,3.68,30.20,0.91,0.92,0.97,BODY
2285A4BC220FC8E4,-4.38,3.36,30.40,0.64,0.64,0.62,BODY
1B89FEDFF4F669CC,-1.78,3.53,30.60,0.59,0.57,0.56,BODY
872FFB40EE76F3EE,0.80,3.34,30.00,0.80,0.67,0.70,BODY
C046D44892479E92,3.48,3.37,30.20,0.77,0.68,0.72,BODY
88B432BF1680E130,-4.71,3.25,30.40,0.64,0.62,0.60,BODY
981A09E20908E134,-2.14,3.77,30.60,0.71,0.70,0.68,BODY
0866F63E9A6E7645,-0.09,3.43,30.00,0.50,0.47,0.46,BODY
10D5AAFD9F4EBFBD,2.52,3.34,30.20,0.83,0.75,0.76,BODY
F95FE08AAFF2F170,5.19,3.54,30.40,0.69,0.78,0.88,BODY
302AA4D942376BFA,-3.14,3.34,30.60,0.67,0.66,0.64,BODY
58F3EAD49DE68AFC,-0.92,3.77,30.00,0.47,0.46,0.43,BODY
2543CD935E965343,2.09,3.61,30.20,0.81,0.56,0.65,BODY
D3AF5169C975203D,4.39,3.47,30.40,0.87,0.89,0.93,BODY
F230352322AEBB29,-4.06,3.77,30.60,0.74,0.73,0.71,BODY
7AF70FBB815C551F,-1.62,3.81,30.00,0.59,0.58,0.56,BODY
29A146BA83C30CA1,1.25,3.43,30.20,0.72,0.55,0.59,BODY
81B7FA8D4A3007DD,3.57,3.54,30.40,0.76,0.77,0.85,BODY
57D2123F9D391792,-4.98,3.48,30.60,0.65,0.64,0.61,BODY
E67639A09159E9EF,-2.39,3.93,30.00,0.68,0.67,0.65,BODY
DC893062CA0ED820,-0.02,3.37,30.20,0.69,0.56,0.59,BODY
5A424179D289ABAA,2.69,3.73,30.40,0.93,0.84,0.85,BODY
848E30CAF1C5ECD5,5.32,3.88,30.60,0.74,0.81,0.91,BODY
2012BBE579D33BDE,-3.16,3.87,30.00,0.71,0.70,0.67,BODY
2608B0F9C0C123B7,-1.02,3.80,30.20,0.54,0.53,0.50,BODY
A18C4BEDD591DF7E,1.43,3.43,30.40,0.58,0.17,0.32,BODY
6EE1932D6EB6145A,3.93,3.44,30.60,0.87,0.87,0.94,BODY
E54E00B13454907F,-5.08,3.75,30.00,0.65,0.64,0.61,BODY
0FB50A818A2F810F,-2.46,3.63,30.20,0.71,0.70,0.68,BODY
51071BC3E057B627,-0.29,3.92,30.40,0.71,0.57,0.58,BODY
0E218939F2A59A67,2.66,4.04,30.60,0.95,0.86,0.86,BODY
0FE20DFDAC8A9FB4,5.18,3.84,30.00,0.76,0.82,0.91,BODY
5C758F03E33ACDCB,-4.74,3.52,30.20,0.80,0.78,0.76,BODY
6693E300BDEE02F2,-1.73,3.52,30.40,0.65,0.64,0.62,BODY
E3BEEBFEA7DAA28B,0.31,3.64,30.60,0.76,0.60,0.65,BODY
A30AEA865711AEEB,3.31,4.05,30.00,0.73,0.67,0.71,BODY
1A183EDA17220542,-6.58,3.62,30.20,0.47,0.46,0.45,BODY
41CF74F59CCAC177,-3.92,4.04,30.40,0.74,0.71,0.69,BODY
8B9B30B94EA534F0,-1.50,3.94,30.60,0.57,0.56,0.54,BODY
057CDF31F2901031,1.13,3.74,30.00,0.78,0.65,0.67,BODY
731BF6592D08A198,3.30,3.91,30.20,0.68,0.70,0.77,BODY
5052E601B8085386,-6.20,3.64,30.40,0.64,0.64,0.62,BODY
D70B41FF90494873,-3.56,4.18,30.60,0.69,0.68,0.65,BODY
44DCC5CB3D4D1C81,-1.22,3.80,30.00,0.57,0.56,0.54,BODY
4951F3967B8B5D6A,1.15,3.94,30.20,0.78,0.64,0.67,BODY
B61089D3E50B5C49,3.49,4.09,30.40,0.81,0.84,0.91,BODY
4EEFB6E12FB216F6,-6.24,4.14,30.60,0.61,0.60,0.58,BODY
FDFE0DBE856A5643,-3.33,3.75,30.00,0.78,0.76,0.72,BODY
90EB86810888872F,-1.01,4.24,30.20,0.55,0.54,0.52,BODY
223CB6DBA6CEEEA4,1.13,4.15,30.40,0.78,0.62,0.65,BODY
D1EF915406EC4050,3.68,4.06,30.60,0.84,0.86,0.91,BODY
D659246C4C6DA504,-5.88,4.21,30.00,0.61,0.62,0.61,BODY
9DC6593725DF59AE,-3.89,3.78,30.20,0.78,0.76,0.74,BODY
51A4F1A068690A8C,-1.26,3.74,30.40,0.55,0.56,0.55,BODY
6E4C8DF218C5F6C9,1.51,4.24,30.60,0.78,0.59,0.61,BODY
2E7C2B125A9E069C,3.83,3.74,30.00,0.84,0.86,0.91,BODY
AA4B1264846867FF,-6.26,4.15,30.20,0.64,0.64,0.63,BODY
06E9A45AA7BBA28A,-3.53,4.01,30.40,0.82,0.80,0.76,BODY
953EE18E1EBA31F9,-1.02,4.31,30.60,0.55,0.56,0.55,BODY
6EB89AC6039B08DA,1.38,3.88,30.00,0.78,0.59,0.61,BODY
3100F29844F170B6,3.72,4.23,30.20,0.82,0.84,0.89,BODY
A719F734527050D2,-6.34,4.09,30.40,0.67,0.66,0.65,BODY
BA7755056581EDE6,-3.47,4.32,30.60,0.80,0.78,0.75,BODY
3692F4AB690A939D,-1.31,3.92,30.00,0.55,0.56,0.55,BODY
DEBB58025C32A60F,1.38,4.40,30.20,0.83,0.67,0.70,BODY
287EFE6F18097105,4.12,4.04,30.40,0.80,0.83,0.88,BODY
7FE30F06D9238F93,-6.44,4.43,30.60,0.74,0.75,0.71,BODY
42BB0E96E6C2DB21,-3.66,4.32,30.00,0.81,0.78,0.78,BODY
05F75D6A67E797F8,-1.59,3.97,30.20,0.84,0.81,0.81,BODY
213E72B172BA7326,1.06,4.24,30.40,0.83,0.69,0.71,BODY
651EA693BC8FF36C,3.89,4.13,30.60,0.74,0.80,0.87,BODY
0C6C6A27A6D68A51,-7.00,4.16,30.00,0.71,0.70,0.71,BODY
6DD7C7C7FADCE67A,-3.98,3.98,30.20,0.76,0.75,0.72,BODY
3FC677780E683BD1,-1.96,4.11,30.40,0.87,0.86,0.84,BODY
27F6EAF917213EBF,0.80,4.07,30.60,0.91,0.80,0.81,BODY
44CD388711A4487E,3.34,4.24,30.00,0.73,0.63,0.65,BODY
626DAF94A5B18B50,-6.90,4.04,30.20,0.54,0.53,0.55,BODY
0E5216D56D99FC76,-4.50,4.24,30.40,0.83,0.81,0.78,BODY
AD148A21036F9085,-2.39,4.10,30.60,0.87,0.86,0.84,BODY
6891473D5E699DC6,0.54,4.01,30.00,0.89,0.75,0.77,BODY
359C59AD74226BDE,2.76,4.42,30.20,0.76,0.64,0.65,BODY
E981653F52CB4DE0,5.56,4.09,30.40,0.73,0.82,0.89,BODY
D2E5DC4E8510C8EB,-5.46,4.17,30.60,0.93,0.89,0.86,BODY
18EC9FD75D61E383,-2.85,4.49,30.00,0.97,0.94,0.94,BODY
3E662E546E8DB8EF,-0.70,4.32,30.20,0.78,0.60,0.65,BODY
C380C08FBBB8B884,2.22,4.53,30.40,0.96,0.81,0.85,BODY
02BD6FCCF8917EEC,4.22,4.39,30.60,0.80,0.83,0.89,BODY
ECD75E2213C44775,-6.41,4.55,30.00,0.73,0.73,0.72,BODY
DA53D82A6FE5E519,-3.89,4.10,30.20,0.78,0.77,0.75,BODY
CFE71962F5333B82,-0.51,4.12,30.40,0.78,0.60,0.65,BODY
89A7767A1F1F7B35,2.21,4.27,30.60,1.00,0.87,0.91,BODY
5EA12B43DA6D303B,4.24,4.25,30.00,0.78,0.81,0.87,BODY
6DF2CC9D4865A1FF,-7.06,4.52,30.20,0.71,0.70,0.68,BODY
D3016A26CE682647,-4.58,4.63,30.40,0.82,0.79,0.76,BODY
4280EA2C1C379A66,-0.90,4.15,30.60,0.71,0.62,0.65,BODY
478ADE5D1705C0F6,1.73,4.33,30.00,0.97,0.86,0.88,BODY
AAD38DC8D492EA90,3.78,4.63,30.20,0.78,0.81,0.87,BODY
4D2D482302A70307,-8.61,4.68,30.40,0.78,0.76,0.78,BODY
22BB2700372507FD,-5.29,4.56,30.60,1.00,0.98,0.94,BODY
3E03E3C230EAA8C5,-3.04,4.60,30.00,0.82,0.81,0.80,BODY
D5F3E8DBCD6B5592,1.43,4.70,30.20,0.94,0.83,0.84,BODY
87969282DC79C818,3.43,4.51,30.40,0.70,0.73,0.80,BODY
C5E8CBAB7406329A,-9.26,4.53,30.60,0.91,0.91,0.91,BODY
730CD016F63B80BF,-6.48,4.36,30.00,0.78,0.78,0.75,BODY
66B66E9B3A6B4932,-3.55,4.58,30.20,0.78,0.75,0.71,BODY
53ADA9132546588E,0.59,4.41,30.40,0.94,0.86,0.87,BODY
B4AD15F8DDFADE78,3.04,4.38,30.60,0.88,0.71,0.75,BODY
C0BE18A137E6DFA3,5.58,4.63,30.00,0.75,0.81,0.88,BODY
C1F859FC1F42B5C9,-7.93,4.65,30.20,0.84,0.83,0.81,BODY
8D409F8E184691A0,-5.16,4.41,30.40,0.87,0.87,0.84,BODY
60A3F5C46E186145,-1.53,4.54,30.60,0.61,0.51,0.61,BODY
5627DD98741968D5,1.39,4.79,30.00,0.95,0.83,0.85,BODY
70316317DA168BEC,3.97,4.50,30.20,0.71,0.76,0.84,BODY
43145ACD1A3A734D,-9.65,4.74,30.40,0.96,0.95,0.93,BODY
F872F568F7D74A3F,-7.56,4.42,30.60,0.78,0.76,0.74,BODY
4D4437AC979D1DEE,-4.70,4.40,30.00,0.86,0.84,0.82,BODY
8098992780CADAAE,-0.91,4.75,30.20,0.76,0.64,0.68,BODY
0FA2B6572AB46A35,1.79,4.61,30.40,1.00,0.94,0.94,BODY
56C597E1901564A5,4.20,4.56,30.60,0.71,0.76,0.84,BODY
C7FBEE2CB5AAD6C5,-9.57,4.39,30.00,0.93,0.89,0.88,BODY
57B20FA3CB9190E9,-7.14,4.76,30.20,0.71,0.70,0.71,BODY
6BEF859C3037BF09,-4.40,4.42,30.40,0.88,0.86,0.85,BODY
35FAE33575B42FAE,-0.03,4.94,30.60,0.82,0.73,0.73,BODY
3AF2B84D03211E55,2.18,4.36,30.00,0.98,0.88,0.89,BODY
65FDA4757E9171BE,4.84,4.65,30.20,0.78,0.83,0.91,BODY
5CA6E5E730E6E1F9,-9.45,4.94,30.40,0.74,0.73,0.70,BODY
19FE42339379AA80,-7.07,4.91,30.60,1.00,0.97,0.97,BODY
B1F081FD4C0DAA90,-4.50,4.50,30.00,0.73,0.72,0.71,BODY
3C90D65A2252893D,0.21,4.72,30.20,0.82,0.71,0.71,BODY
9B2673417AB3AD4E,2.52,4.79,30.40,0.96,0.83,0.85,BODY
37C51F8C94DB4482,5.31,4.50,30.60,0.78,0.84,0.91,BODY
C3D5C67956F4B28E,-9.02,4.94,30.00,0.84,0.84,0.81,BODY
A8762EBF4EF98DCF,-6.33,4.87,30.20,0.84,0.81,0.78,BODY
B2ACFDD642E64F72,-3.70,4.92,30.40,0.91,0.91,0.91,BODY
5F77E9487C1AD7F2,0.89,4.67,30.60,0.87,0.76,0.78,BODY
A609A213CCFAF118,3.46,4.76,30.00,0.87,0.71,0.78,BODY
587E1D7064A4BC91,5.73,4.51,30.20,0.52,0.57,0.61,BODY
6C8C6FA1405408BE,-8.42,4.76,30.40,0.84,0.83,0.81,BODY
F373D8048F858D95,-5.59,4.72,30.60,0.96,0.96,0.93,BODY
4FE5AE8C413C050B,-0.37,5.01,30.00,0.74,0.62,0.68,BODY
DDC79E5C52CA9087,2.10,4.77,30.20,0.99,0.93,0.94,BODY
57FECF8FCDE73D97,4.79,4.51,30.40,0.75,0.80,0.88,BODY
5CFAD4CB2B76B6E9,-9.48,4.76,30.60,0.97,0.95,0.94,BODY
5A194944A7F9DEA6,-7.07,4.85,30.00,0.98,0.96,0.93,BODY
06469EB8EED9C380,-4.44,4.82,30.20,0.94,0.92,0.91,BODY
5546A61FE2B19C5D,0.95,5.14,30.40,0.80,0.69,0.71,BODY
DF0FE5480CC854B7,3.43,5.14,30.60,0.90,0.75,0.78,BODY
0D720D6EB2572B49,-10.50,4.99,30.00,0.16,0.18,0.18,BODY
8265F04DA4768529,-7.29,4.85,30.20,0.77,0.76,0.74,BODY
AF1DB35DBEE8C76E,-5.24,5.13,30.40,0.95,0.91,0.88,BODY
6FFF642FCC59E46F,0.29,5.12,30.60,0.68,0.56,0.57,BODY
DA50D63B016B1756,2.96,5.02,30.00,0.96,0.83,0.86,BODY
44384E50ADC047A3,5.83,4.64,30.20,0.74,0.83,0.91,BODY
069408AF2ACB1FEC,-7.53,5.11,30.40,0.84,0.82,0.80,BODY
C774341CE6F81F35,-5.18,4.79,30.60,0.96,0.94,0.89,BODY
26381DE11CC3C11C,0.61,5.05,30.00,0.68,0.56,0.57,BODY
DA8FFB6B13AF638E,2.77,4.70,30.20,0.97,0.87,0.88,BODY
5B50C7D27F7C8E92,5.79,5.07,30.40,0.76,0.84,0.91,BODY
98431E6DCD1132F8,-7.27,4.92,30.60,0.73,0.73,0.73,BODY
2740BCCD5F9A74D0,-4.82,5.20,30.00,0.87,0.87,0.87,BODY
FC14DA8CC71DF506,0.60,5.20,30.20,0.69,0.60,0.61,BODY
3034130CCD144D00,3.24,4.80,30.40,0.97,0.84,0.87,BODY
CB19224624F881BD,5.83,4.93,30.60,0.71,0.81,0.91,BODY
93294451D0313EDF,-7.35,5.29,30.00,0.94,0.91,0.87,BODY
BA1040FC0712168A,-1.46,5.19,30.20,0.71,0.67,0.67,BODY
D756076544F86D3F,1.42,4.97,30.40,0.89,0.80,0.81,BODY
D3623A6CC4C7BCB7,3.53,4.90,30.60,0.65,0.59,0.61,BODY
615FFCA20AC74AB2,-9.02,5.16,30.00,0.89,0.88,0.86,BODY
746CD44EE280514F,-6.10,5.39,30.20,0.87,0.84,0.80,BODY
A50B211A73AF5631,0.07,4.98,30.40,0.19,0.29,0.32,BODY
B72EA25B7320C530,2.48,4.86,30.60,1.00,0.91,0.91,BODY
5741C58B3C294C80,5.04,5.31,30.00,0.81,0.86,0.91,BODY
4121FF1F54626B76,-7.10,5.39,30.20,0.97,0.95,0.94,BODY
AAC5EDF4B6E70A01,-0.60,4.93,30.40,0.60,0.51,0.56,BODY
FDA7137706934640,1.43,5.29,30.60,0.97,0.89,0.91,BODY
D9001403CD9875D3,4.62,5.25,30.00,0.55,0.60,0.68,BODY
A77A6042131601D7,-8.71,5.48,30.20,0.94,0.94,0.94,BODY
4EBE1F2FBF766174,-0.93,5.33,30.40,0.73,0.67,0.68,BODY
1175C21BDDDDB3CA,1.42,4.96,30.60,0.91,0.82,0.84,BODY
F26F625B417E2CB9,3.85,5.08,30.00,0.88,0.80,0.85,BODY
A52644ECB50CA93D,-9.04,5.00,30.20,0.97,0.97,0.94,BODY
99467222A9622EE9,-1.01,5.21,30.40,0.71,0.65,0.65,BODY
F605C6B0C553BE28,1.69,5.35,30.60,0.91,0.82,0.84,BODY
33D1490E99D41473,4.42,5.12,30.00,0.45,0.51,0.61,BODY
E30FDF7565478B32,-7.47,5.05,30.20,0.62,0.62,0.62,BODY
227E9DD72F2F15C2,0.14,5.50,30.40,0.71,0.73,0.74,BODY
9831E7912DCCC9DE,2.90,5.02,30.60,0.90,0.78,0.80,BODY
33166E001EED36B4,5.58,5.48,30.00,0.82,0.87,0.91,BODY
A993ABB02906C6F0,-0.58,5.61,30.20,0.24,0.28,0.34,BODY
E97FE567738AF9E8,2.13,5.41,30.40,0.45,0.53,0.58,BODY
2B198365E9A067D4,4.99,5.34,30.60,0.74,0.78,0.84,BODY
E5A120B2CF19C3D3,-1.25,5.24,30.00,0.74,0.65,0.68,BODY
E08B9F5166C8B13D,1.50,5.51,30.20,0.81,0.70,0.73,BODY
C1DA4A38C7E275C4,3.99,5.54,30.40,0.94,0.86,0.87,BODY
F632093EC957EF9A,-1.85,5.66,30.60,0.71,0.68,0.68,BODY
EFE41047DD65A905,0.83,5.62,30.00,0.71,0.59,0.61,BODY
D8C1663C4D7BAC88,3.08,5.29,30.20,1.00,0.92,0.94,BODY
728A6E77B6F10D0C,5.77,5.16,30.40,0.78,0.84,0.91,BODY
43FD5ECCC355D257,0.12,5.67,30.60,0.31,0.27,0.29,BODY
B97F27F2C2E39961,2.21,5.30,30.00,0.49,0.53,0.58,BODY
485467C480DD9057,5.02,5.54,30.20,0.81,0.86,0.91,BODY
1A881ADFA9ABEE13,-0.86,5.73,30.40,0.71,0.62,0.65,BODY
327F6D6E4E91E22D,1.78,5.52,30.60,0.78,0.68,0.71,BODY
08F2B832420A1A3C,4.21,5.73,30.00,0.87,0.81,0.87,BODY
B22615F92042B077,-1.99,5.33,30.20,0.71,0.68,0.68,BODY
AD986F30FDAFCD23,0.92,5.57,30.40,0.58,0.47,0.48,BODY
8E8FD54E82EE5ADC,3.41,5.49,30.60,0.89,0.79,0.83,BODY
7DAF07E8CA9550CE,6.21,5.38,30.00,0.78,0.85,0.91,BODY
60C4BCA5C84EBC12,0.00,5.43,30.20,0.68,0.57,0.58,BODY
BF33CFDEF0AA6D9E,2.53,5.77,30.40,0.13,0.17,0.22,BODY
5D85463FCD0A7614,5.17,5.82,30.60,0.78,0.83,0.89,BODY
6607F4C5BE732A46,-1.19,5.96,30.00,0.55,0.51,0.48,BODY
BEDCB47CD84659FF,1.55,5.83,30.20,0.87,0.77,0.77,BODY
D7611A7869D5E1C3,3.65,5.61,30.40,0.95,0.87,0.87,BODY
6821576F82346EE5,-1.99,5.98,30.60,0.71,0.70,0.68,BODY
04D9287C789CDC03,0.63,5.93,30.00,0.68,0.56,0.58,BODY
45E0FEEC61DD5261,2.73,5.93,30.20,0.97,0.97,0.97,BODY
F87654CD277DCC52,5.50,5.58,30.40,0.80,0.86,0.93,BODY
92C387A1A13F59E1,-0.89,5.81,30.60,0.63,0.53,0.54,BODY
D4876DF7780487AF,1.71,5.93,30.00,0.58,0.47,0.48,BODY
3506076939CAA7F4,4.58,5.79,30.20,0.58,0.62,0.71,BODY
07AC25BAFD9666DB,-1.94,6.15,30.40,0.69,0.69,0.67,BODY
740D6D193478E677,0.81,6.02,30.60,0.91,0.83,0.84,BODY
D20B605D8CDA1F4A,3.58,6.00,30.00,0.94,0.86,0.87,BODY
5407D12993DE5D65,6.40,6.14,30.20,0.74,0.82,0.89,BODY
F10C9005BD9B4ACD,-0.40,6.05,30.40,0.81,0.71,0.71,BODY
F24CBF78384F375D,2.46,6.06,30.60,0.43,0.35,0.38,BODY
8524057E9FDC23D9,5.39,5.63,30.00,0.78,0.84,0.91,BODY
9F4338687488E7AE,-0.98,5.67,30.20,0.71,0.64,0.65,BODY
E2389222406EFB6D,1.30,5.84,30.40,0.94,0.87,0.87,BODY
BDEEF67FCB2AAA9B,3.99,6.07,30.60,0.65,0.56,0.55,BODY
FB32AF52E9B6CA3B,-2.20,5.78,30.00,0.75,0.75,0.73,BODY
BC0E18F90D8F6724,0.58,5.76,30.20,0.85,0.74,0.75,BODY
A821C0BA7465F5DE,2.86,6.01,30.40,0.32,0.25,0.27,BODY
639D0287DFF0BAEE,6.04,5.96,30.60,0.81,0.87,0.94,BODY
4CE9D892BEDC37B3,-0.31,6.14,30.00,0.78,0.69,0.72,BODY
68014D28996BFE44,2.25,6.31,30.20,0.76,0.68,0.67,BODY
6778128E7E4CB1D8,5.33,6.30,30.40,0.76,0.83,0.88,BODY
6DF409B3905750B4,-1.26,6.23,30.60,0.52,0.47,0.48,BODY
9556FC3BFDF4DEE5,1.46,6.37,30.00,0.97,0.89,0.91,BODY
4D0C65EA0E1242A5,4.10,6.21,30.20,0.67,0.60,0.59,BODY
8AE9A70787EA2D1A,-2.12,6.01,30.40,0.73,0.73,0.72,BODY
444F6D4631230E2B,0.26,6.21,30.60,0.86,0.75,0.76,BODY
4513D8B4C14E6CBC,2.98,6.31,30.00,0.42,0.31,0.34,BODY
EBE2247472AB0867,5.83,5.94,30.20,0.81,0.87,0.94,BODY
E4F454785C99554E,-0.24,6.40,30.40,0.75,0.67,0.69,BODY
2161132A96620BC5,2.36,6.37,30.60,0.90,0.81,0.82,BODY
CFE90573A55838F3,5.26,6.50,30.00,0.78,0.84,0.91,BODY
13BEDDC4AFD464FC,-1.23,6.24,30.20,0.71,0.63,0.64,BODY
ABD5757C0F9E0B3B,1.44,6.40,30.40,0.97,0.90,0.91,BODY
79FE239F4C808EDD,3.96,6.13,30.60,0.53,0.47,0.47,BODY
87EE5659D063F494,-2.21,6.23,30.00,0.69,0.70,0.68,BODY
AA560B9BEFFDEB87,0.52,6.58,30.20,0.86,0.78,0.80,BODY
96AA594EEC78EE2E,3.08,6.51,30.40,0.74,0.63,0.64,BODY
55F7B740E710729E,6.03,6.49,30.60,0.83,0.88,0.94,BODY
CD6FE061C2CE029B,-0.90,6.24,30.00,0.74,0.65,0.68,BODY
D04AAD5C2C2A6B18,1.88,6.48,30.20,0.96,0.88,0.89,BODY
5A159F04667F7E4C,4.64,6.37,30.40,0.78,0.75,0.78,BODY
07588413EAB1CC72,-1.49,6.43,30.60,0.75,0.75,0.74,BODY
3D688D89EF72452B,1.01,6.64,30.00,0.94,0.86,0.84,BODY
A7B9AC804D497178,3.38,6.20,30.20,0.97,0.89,0.87,BODY
F0AA24FF246077B7,5.96,6.62,30.40,0.78,0.83,0.87,BODY
CDE44299806F5AD9,-0.36,6.56,30.60,0.71,0.64,0.65,BODY
96961A3896350D41,2.17,6.73,30.00,0.97,0.87,0.88,BODY
0406E7F00824D745,5.02,6.49,30.20,0.45,0.49,0.61,BODY
78676A3DE244F23D,-1.61,6.36,30.40,0.73,0.73,0.72,BODY
39B4899A236CB742,0.94,6.79,30.60,0.95,0.88,0.88,BODY
D9224C3CEFB12C65,3.49,6.57,30.00,0.52,0.49,0.48,BODY
9F912C650393874E,6.60,6.57,30.20,0.77,0.84,0.90,BODY
4A305175A18008C8,-0.13,6.55,30.40,0.71,0.64,0.65,BODY
11C2B1E7C8FCB513,2.47,6.40,30.60,0.95,0.88,0.88,BODY
6B338F4460920523,5.15,6.40,30.00,0.73,0.79,0.87,BODY
444D95EA6C500F55,-1.07,6.33,30.20,0.69,0.69,0.67,BODY
D3EA015B372999FB,1.51,6.49,30.40,0.96,0.89,0.89,BODY
7B72A7731ADCA259,3.47,6.44,30.60,0.58,0.54,0.55,BODY
9039FCD5A14D8A64,6.57,6.46,30.00,0.78,0.86,0.94,BODY
FD257307CC161C29,0.06,6.39,30.20,0.71,0.62,0.65,BODY
4FA3E785FE08F609,2.41,6.40,30.40,0.97,0.89,0.89,BODY
12BD259BC1180895,5.37,6.73,30.60,0.75,0.81,0.89,BODY
00F37E2444FA3529,-1.07,6.56,30.00,0.64,0.62,0.62,BODY
4EDEB6302A6E7663,1.07,6.82,30.20,0.95,0.87,0.88,BODY
16B9599017516387,3.73,6.77,30.40,0.72,0.70,0.69,BODY
DE49FE6ECC0F417C,6.80,6.90,30.60,0.68,0.78,0.87,BODY
D95C90F307AA0DE1,-0.05,6.97,30.00,0.71,0.62,0.65,BODY
8A9E06CF820BAF66,2.50,6.55,30.20,0.96,0.90,0.91,BODY
9F40653F2301BF70,5.39,6.83,30.40,0.78,0.83,0.87,BODY
8F163C9471821B40,-1.07,6.98,30.60,0.62,0.61,0.59,BODY
EF035832D340F2E4,1.46,6.53,30.00,0.91,0.83,0.84,BODY
0C8B8227952F4649,4.00,6.60,30.20,0.58,0.57,0.55,BODY
2CD77670F1FE04A4,7.12,6.78,30.40,0.74,0.83,0.91,BODY
DAB57B952E0077ED,0.03,7.15,30.60,0.69,0.61,0.62,BODY
8CCB84C911428A01,2.36,6.94,30.00,0.94,0.91,0.91,BODY
41EAC1A30CCEA229,5.46,6.76,30.20,0.78,0.87,0.93,BODY
49BE5C5B3D96EF21,-1.46,6.99,30.40,0.65,0.64,0.61,BODY
9E9C65210CC74536,1.27,6.84,30.60,0.80,0.71,0.73,BODY
21BC970C1A00E81E,3.86,7.19,30.00,0.65,0.65,0.62,BODY
4EF706D85C9034ED,6.71,6.64,30.20,0.74,0.83,0.91,BODY
886DE9B0FA637B4F,-0.08,6.86,30.40,0.69,0.61,0.62,BODY
F1AB4A836A79750F,2.45,7.17,30.60,0.95,0.91,0.91,BODY
B3A96351CDF4CDFA,5.89,6.86,30.00,0.76,0.85,0.91,BODY
6A4984F812F6E7D3,-1.06,6.88,30.20,0.58,0.57,0.55,BODY
B6F36A6322A23C47,1.47,6.74,30.40,0.67,0.61,0.62,BODY
FB66C52151C23A79,3.69,6.74,30.60,0.84,0.83,0.81,BODY
16C06D7688B844F2,7.00,6.98,30.00,0.65,0.81,0.91,BODY
842BDBA6CB7AF8E0,-0.01,7.16,30.20,0.61,0.59,0.58,BODY
23F17272461AA4B2,2.38,7.25,30.40,0.95,0.89,0.89,BODY
65429845A06ED4B2,6.10,6.93,30.60,0.78,0.84,0.91,BODY
7FB02ED8F1B39883,-1.38,6.99,30.00,0.60,0.59,0.57,BODY
6621BF9DD520E734,1.28,7.01,30.20,0.67,0.61,0.62,BODY
313868DDD29E7E1B,3.98,7.31,30.40,0.91,0.87,0.87,BODY
0EDE36B028A5C87F,7.17,6.95,30.60,0.43,0.56,0.62,BODY
1806306ABEB0335D,0.02,7.26,30.00,0.58,0.57,0.55,BODY
A0979571B551B016,2.72,6.91,30.20,0.97,0.88,0.89,BODY
5C42E9E9CC790989,5.72,7.41,30.40,0.81,0.87,0.94,BODY
1391061BBCADCC44,-1.30,7.03,30.60,0.68,0.67,0.65,BODY
89605E555EE48D45,1.52,7.42,30.00,0.65,0.62,0.61,BODY
E0C33F9C45C9EB67,3.94,7.20,30.20,0.86,0.84,0.83,BODY
A388A3AEF37C8F7F,6.83,7.05,30.40,0.58,0.66,0.78,BODY
4AC62E867E0FB525,0.04,7.25,30.60,0.65,0.65,0.62,BODY
8AC44E476E065B8B,2.71,6.95,30.00,0.93,0.88,0.87,BODY
1B05F04782A87DE8,5.84,6.98,30.20,0.74,0.83,0.91,BODY
7FAB1AA8A919E195,-1.53,7.42,30.40,0.83,0.82,0.80,BODY
D768694AE9CF0AF5,1.26,7.55,30.60,0.73,0.71,0.70,BODY
F07D057D36158981,3.43,7.60,30.00,0.84,0.83,0.81,BODY
5DA83085F516C377,7.05,7.44,30.20,0.71,0.81,0.94,BODY
89F9DEDE426BCC87,-0.01,7.61,30.40,0.81,0.80,0.78,BODY
B1881EAA848136F7,2.25,7.54,30.60,0.89,0.88,0.86,BODY
311E39E3C103FA9E,5.36,7.50,30.00,0.68,0.76,0.84,BODY
1F323F1882D51C45,-1.56,7.35,30.20,0.91,0.89,0.86,BODY
89DEEF3911C39CC2,0.94,7.61,30.40,0.82,0.80,0.77,BODY
0DD60706CE362BB2,3.54,7.54,30.60,0.87,0.84,0.81,BODY
D4C2FFEFEEAF0495,6.87,7.10,30.00,0.81,0.87,0.94,BODY
70AD3A81556ABE6D,-0.30,7.45,30.20,0.81,0.81,0.81,BODY
C9B5A041604D06AD,2.04,7.59,30.40,0.96,0.95,0.93,BODY
3BEF7EB44474F981,5.48,7.30,30.60,0.48,0.61,0.72,BODY
D9C1BA904C84E78C,-1.56,7.24,30.00,0.91,0.89,0.86,BODY
853B71322453944E,0.64,7.26,30.20,0.91,0.86,0.84,BODY
92368A839A61BAE2,3.44,7.54,30.40,0.91,0.91,0.87,BODY
3E6A27010B76BEB5,6.63,7.60,30.60,0.80,0.86,0.93,BODY
7B842D25C3C70DBC,-0.94,7.38,30.00,0.83,0.82,0.80,BODY
E263F9295C364C19,1.66,7.37,30.20,0.94,0.92,0.91,BODY
2CE96CB8368293ED,4.63,7.51,30.40,0.81,0.81,0.81,BODY
8EDA2474BCBC50E4,-1.72,7.40,30.60,0.87,0.86,0.84,BODY
13E8442AB003A9C5,0.70,7.40,30.00,0.91,0.87,0.84,BODY
01F40AEBDD9D8FF4,3.04,7.65,30.20,0.94,0.92,0.91,BODY
0326DE6E3253429D,6.58,7.55,30.40,0.74,0.80,0.87,BODY
88849BB6BBF8F273,-0.51,7.90,30.60,0.83,0.82,0.80,BODY
A2A249A8C976BFA9,1.44,7.41,30.00,0.96,0.94,0.91,BODY
CD600D14293D0F3C,4.01,7.78,30.20,0.87,0.87,0.87,BODY
997D1A8E399B9CF0,-2.34,7.71,30.40,0.84,0.84,0.81,BODY
6175CFD8052A2CEB,0.50,7.94,30.60,0.94,0.91,0.87,BODY
5EE65BF9D236B4CA,2.98,7.48,30.00,0.96,0.95,0.93,BODY
C4B500F5C6E37F00,6.46,7.99,30.20,0.84,0.91,0.97,BODY
D6AEBA8C549309AE,-0.64,7.50,30.40,0.91,0.91,0.88,BODY
4FFD7C7E92BD61C4,1.51,8.00,30.60,0.95,0.92,0.89,BODY
52AA309357477D72,4.33,7.84,30.00,0.81,0.80,0.78,BODY
C7554AE01EA78BD4,-1.97,8.03,30.20,0.89,0.88,0.85,BODY
B76BEE67033DF8EF,0.62,7.80,30.40,0.91,0.88,0.85,BODY
AA0B3CDD063343FB,3.18,7.59,30.60,0.97,0.95,0.94,BODY
525DB5251F5ADA6A,6.56,7.67,30.00,0.78,0.85,0.93,BODY
6C6A8F0B217207F0,-0.60,8.03,30.20,0.85,0.85,0.82,BODY
B49648CC23B4AF34,1.87,7.56,30.40,0.95,0.94,0.91,BODY
0D973672125E7291,5.26,8.01,30.60,0.17,0.20,0.36,BODY
55E892BB38F692A2,-2.00,7.84,30.00,0.88,0.87,0.85,BODY
F1D2FC5285D21F09,0.73,7.83,30.20,0.89,0.88,0.86,BODY
10F07A066B3E45D1,3.03,7.95,30.40,0.97,0.97,0.94,BODY
4C49BFD2467C61F7,7.11,7.89,30.60,0.80,0.88,0.96,BODY
2DE1E8ACB76D4FA2,-0.23,8.08,30.00,0.80,0.78,0.76,BODY
BF6571FE3B0FAFD5,2.08,8.23,30.20,0.97,0.96,0.94,BODY
ECC2844917162C76,5.80,8.21,30.40,0.58,0.67,0.78,BODY
7FE5C5CA11343175,-1.54,7.79,30.60,0.84,0.83,0.81,BODY
348E40CB16C5F8D2,1.32,8.21,30.00,0.87,0.86,0.84,BODY
9D9359D80F9A0A85,3.39,8.14,30.20,0.93,0.91,0.87,BODY
BA738F327D67EF41,-2.08,8.09,30.40,0.91,0.89,0.84,BODY
201FB7B23C733649,0.32,8.27,30.60,0.95,0.91,0.87,BODY
0EFDDCF6EFA4C1D1,2.93,8.25,30.00,1.00,0.98,0.97,BODY
DA8EB7D5781F0EE1,6.53,8.03,30.20,0.76,0.83,0.91,BODY
3E17AFBA99BCEBE8,-0.77,8.09,30.40,0.89,0.88,0.86,BODY
590154FEABA45679,2.11,8.23,30.60,0.99,0.98,0.96,BODY
5A56FC035C42B140,5.83,8.26,30.00,0.55,0.60,0.71,BODY
14805B54FA727194,-1.32,8.36,30.20,0.88,0.87,0.85,BODY
1BFF16CBBFC5FFD3,1.47,7.85,30.40,0.87,0.86,0.84,BODY
39851EFF385C4E7B,3.60,8.35,30.60,0.90,0.88,0.84,BODY
7404FAD3D3BAF8ED,-2.15,8.47,30.00,0.88,0.87,0.85,BODY
1A77C4137671A3C2,0.40,8.39,30.20,0.91,0.89,0.87,BODY
1D5A1EC35D62F174,3.33,8.14,30.40,0.96,0.94,0.91,BODY
6C8A0118E88BB5E7,7.45,8.29,30.60,0.61,0.67,0.81,BODY
958211C6F5128CEB,-0.03,8.05,30.00,0.94,0.93,0.88,BODY
8E51388BA58B1B83,2.52,8.30,30.20,0.97,0.95,0.94,BODY
5A44BADE7ECAC012,6.86,8.32,30.40,0.82,0.89,0.96,BODY
E21539B88522A627,-0.23,8.11,30.60,0.94,0.91,0.87,BODY
CE73560B2C0FC290,2.37,8.26,30.00,1.00,0.99,0.97,BODY
4432B861BF20D5CC,6.37,8.21,30.20,0.67,0.76,0.85,BODY
B3EC2B0F9B8A8E47,-0.61,8.57,30.40,0.96,0.93,0.89,BODY
7A7DEAF0A6D851BB,1.65,8.44,30.60,0.97,0.97,0.94,BODY
745ABBD8FA98DCF8,5.93,8.13,30.00,0.56,0.64,0.75,BODY
7EF057C7107AD625,-1.34,8.18,30.20,0.91,0.89,0.86,BODY
2BC96619B5425029,1.64,8.44,30.40,0.91,0.91,0.88,BODY
FE89D40643B640CD,6.01,8.14,30.60,0.51,0.58,0.67,BODY
CF23F965ED6603EE,-1.25,8.60,30.00,0.89,0.88,0.85,BODY
EAD250FDAB62E870,1.54,8.56,30.20,0.93,0.91,0.86,BODY
5F39FDD66308056C,5.98,8.48,30.40,0.48,0.56,0.65,BODY
7B561F184CE489F0,-1.55,8.78,30.60,0.95,0.93,0.91,BODY
3A7620F7A36DC317,1.35,8.60,30.00,0.95,0.92,0.88,BODY
DC75C0DD2FC1EDB3,5.46,8.60,30.20,0.48,0.56,0.65,BODY
991A65160568B785,-1.27,8.53,30.40,0.97,0.95,0.94,BODY
20ED36A9E7C528E6,1.32,8.55,30.60,0.94,0.94,0.91,BODY
272AFB60382FE6AE,5.51,8.84,30.00,0.48,0.56,0.65,BODY
F1E95220E104F8F3,-0.94,8.31,30.20,0.95,0.94,0.89,BODY
E72C18F31C23ED43,1.16,8.83,30.40,0.94,0.94,0.91,BODY
FC6582AD3EB7ACA1,5.96,8.62,30.60,0.51,0.56,0.65,BODY
98EC82410D271CF0,-1.11,8.62,30.00,0.94,0.91,0.87,BODY
532355F69DB1DCBA,1.68,8.75,30.20,0.95,0.94,0.91,BODY
976151A71ECBB3CF,6.41,8.66,30.40,0.54,0.61,0.73,BODY
D119DA4CD8F53B6B,-0.80,8.55,30.60,0.96,0.93,0.91,BODY
7977C73CF44F4CC8,1.64,8.50,30.00,0.91,0.89,0.87,BODY
8091CA6BC7AE573B,6.51,8.80,30.20,0.74,0.83,0.94,BODY
96A4B2C297B3BEE4,-0.44,8.60,30.40,0.97,0.95,0.94,BODY
0761F24EBCB08F4F,2.21,8.74,30.60,0.90,0.89,0.87,BODY
E7E3F49D0A3810A1,7.24,9.02,30.00,0.84,0.89,0.97,BODY
32937178AECA5A82,0.12,8.51,30.20,0.96,0.95,0.93,BODY
CD0EA6A8F164B193,2.54,8.98,30.40,0.97,0.97,0.97,BODY
41D0828162FD09CC,-1.40,8.99,30.60,0.87,0.87,0.87,BODY
535A5CA1DEE1036F,0.83,8.68,30.00,0.93,0.92,0.89,BODY
8F425AF392C9C4F4,5.63,8.70,30.20,0.48,0.56,0.65,BODY
FD7FC6989334433F,-0.65,8.60,30.40,0.93,0.91,0.89,BODY
BA3DF2D4E398B43D,2.05,9.12,30.60,0.95,0.95,0.94,BODY
A8F67ABAD50123D7,6.90,8.80,30.00,0.70,0.78,0.88,BODY
BC2D16C18DEB1776,0.26,8.65,30.20,0.96,0.94,0.91,BODY
91CEF1E009808D79,2.70,9.07,30.40,0.74,0.76,0.78,BODY
783B2A75700A0562,-0.69,9.08,30.60,0.94,0.94,0.91,BODY
534D6261295012FF,1.51,8.73,30.00,0.97,0.97,0.94,BODY
CDC7C606BF23AE79,6.81,9.04,30.20,0.76,0.83,0.89,BODY
EF7B7BC585973FAE,0.72,9.03,30.40,0.96,0.96,0.93,BODY
C0E94477CFFF21FD,5.68,8.89,30.60,0.48,0.55,0.65,BODY
556FD6D7B56C087E,-0.57,8.87,30.00,0.86,0.83,0.80,BODY
7E2D7C0940D6CE34,1.86,8.88,30.20,0.93,0.93,0.89,BODY
BF8F512A6285A034,7.40,9.34,30.40,0.74,0.84,0.94,BODY
88121C5DD80CF431,1.27,9.33,30.60,0.93,0.92,0.90,BODY
CE401D0938DE14BA,6.25,9.16,30.00,0.62,0.72,0.85,BODY
EFCCFD9A44D055C7,0.26,9.32,30.20,1.00,0.98,0.97,BODY
406F674CE15E1BFA,3.04,9.02,30.40,0.84,0.83,0.84,BODY
79C0303C8386A58F,-0.39,9.12,30.60,0.93,0.89,0.85,BODY
CDD71D7C9BFB8079,1.86,9.01,30.00,0.93,0.91,0.89,BODY
92835B00432CDBB3,6.78,9.40,30.20,0.81,0.89,0.94,BODY
B63B2C347F44D374,1.35,9.22,30.40,0.95,0.93,0.91,BODY
52C2B9778CD9570D,6.17,9.18,30.60,0.58,0.67,0.78,BODY
10BCB8A146CDA0D7,0.39,9.16,30.00,0.87,0.87,0.87,BODY
004FD16EB4074DC8,5.46,9.56,30.20,0.22,0.27,0.32,BODY
2783C34121A2C3FD,-0.28,9.34,30.40,0.86,0.85,0.81,BODY
1D15B7261CEAE13B,2.16,9.44,30.60,0.93,0.94,0.91,BODY
3DE991ECC7A5898A,-0.92,9.22,30.00,0.94,0.94,0.91,BODY
65C8C41A1519EC14,2.04,9.50,30.20,0.96,0.94,0.93,BODY
DD0F66719B95E70D,6.81,9.61,30.40,0.80,0.87,0.93,BODY
F6EF8CB066AC4352,1.06,9.60,30.60,0.98,0.96,0.95,BODY
924C7E8EB08EC82E,6.61,9.70,30.00,0.75,0.85,0.91,BODY
C1A09DEA7AD1BBB5,1.18,9.64,30.20,1.00,0.98,1.00,BODY
7D4C7DD37BE542CB,6.70,9.62,30.40,0.69,0.80,0.88,BODY
7649D9B684CF3A4B,1.18,9.55,30.60,0.94,0.92,0.94,BODY
BEC78D9101C34807,6.70,9.83,30.00,0.71,0.80,0.87,BODY
FA1C6E1D46AA1BED,1.15,9.80,30.20,1.00,0.98,0.97,BODY
95DC66C8A4B4E10D,7.12,9.60,30.40,0.84,0.91,0.97,BODY
5A7C6B112F688E36,2.22,9.65,30.60,0.87,0.87,0.87,BODY
960B7ECC36838341,0.03,9.48,30.00,0.91,0.89,0.91,BODY
5966685DD426082F,6.63,9.88,30.20,0.76,0.86,0.93,BODY
F58C7068C14F9690,6.46,10.09,30.40,0.64,0.74,0.86,BODY
A05C9BF506D1E85B,6.99,9.87,30.60,0.81,0.91,0.97,BODY
BC19BA79C4B9A0B0,5.95,10.05,30.00,0.52,0.62,0.74,BODY
1A59D20BA1B85E0B,6.86,9.89,30.20,0.84,0.91,0.97,BODY
11F4052B17E94E8B,5.75,9.81,30.40,0.52,0.64,0.78,BODY
393A0BF816F8816A,7.10,10.37,30.60,0.84,0.92,0.97,BODY
C6CBAAF916E86483,5.96,10.21,30.00,0.69,0.79,0.89,BODY
8075D96D27CFD039,5.92,10.41,30.20,0.47,0.57,0.67,BODY
6DE58902785C8405,6.49,10.60,30.40,0.80,0.89,0.95,BODY
E8614680410B7EA3,6.18,10.80,30.60,0.58,0.68,0.81,BODY
4AC6E0B7AF2828A6,5.24,10.58,30.00,0.26,0.31,0.38,BODY
E066C8FB462BE98E,6.57,10.49,30.20,0.78,0.88,0.95,BODY
10488254DF1D6E17,6.33,10.49,30.40,0.60,0.70,0.83,BODY
138EA81E2210695D,5.70,10.70,30.60,0.49,0.58,0.70,BODY
2B84BB2A8A5054BB,6.96,10.66,30.00,0.85,0.91,0.98,BODY
0CFD007B877C34B0,6.11,11.09,30.20,0.74,0.85,0.91,BODY
11CDADEDA2EFE4A2,5.96,11.37,30.40,0.63,0.73,0.83,BODY
C90CF68F9D4E7DF1,5.73,11.11,30.60,0.56,0.67,0.77,BODY
9A4DF0741F9C96EB,5.47,11.10,30.00,0.52,0.60,0.71,BODY
769F8410F9273B0C,5.77,11.65,30.20,0.48,0.56,0.68,BODY
81227A7781DF5513,5.67,11.76,30.40,0.42,0.47,0.59,BODY
7BE509A31DB36644,5.58,11.85,30.60,0.46,0.53,0.64,BODY
A9FFDFB9995253B6,5.54,11.67,30.00,0.42,0.47,0.58,BODY
2006721228D92073,5.58,11.51,30.20,0.45,0.53,0.65,BODY
9B53CE5A45B7890A,5.40,12.00,30.40,0.45,0.53,0.65,BODY
8D34BE788FC6A962,5.43,12.15,30.60,0.46,0.53,0.65,BODY
D1DB4BE80F7A030F,5.23,11.94,30.00,0.46,0.53,0.65,BODY
B25BAA3EEDD32AD5,5.30,12.39,30.20,0.45,0.51,0.65,BODY
5E37A50635740E5A,5.39,12.32,30.40,0.55,0.51,0.55,BODY
42DF854127D79939,5.57,12.36,30.60,0.58,0.51,0.55,BODY
F5BEEB21492FFD1E,5.35,12.61,30.00,0.60,0.48,0.49,BODY
AC7CE7B094DC5C2F,5.73,12.29,30.20,0.58,0.46,0.48,BODY
FD3BF2CE0B5401B2,5.40,12.75,30.40,0.59,0.47,0.47,BODY
C11D09BF074CB32C,5.29,12.49,30.60,0.60,0.48,0.49,BODY
20A8B346C9927D84,5.34,12.35,30.00,0.64,0.53,0.56,BODY
C073BEBBE9CE551B,5.00,12.81,30.20,0.64,0.56,0.59,BODY
2A013D4588B8E09D,4.04,12.96,30.40,0.94,0.86,0.87,BODY
C5AB85BD358D99FB,3.52,12.72,30.60,0.61,0.53,0.55,BODY
