ID,X,Y,Z,R,G,B,PART
B2B7DEB2CD7CEC4A,-3.13,-13.03,30.00,0.59,0.65,0.78,BODY
B8D0682D68E86D28,-3.20,-12.72,30.20,0.40,0.44,0.67,BODY
DA52BE3BCEDABB75,-3.21,-12.87,30.40,0.51,0.53,0.65,BODY
B925AB21882C859A,-3.39,-12.60,30.60,0.22,0.24,0.61,BODY
F2DCD7D9DAB009C4,-3.62,-12.20,30.00,0.22,0.24,0.61,BODY
DB4767E990DD7F8E,-2.59,-12.76,30.20,0.73,0.71,0.72,BODY
3D9C0E5A32B78FA9,-2.83,-12.37,30.40,0.74,0.73,0.71,BODY
891046A34CDE283B,-3.18,-12.48,30.60,0.70,0.69,0.69,BODY
ECB5BE5FAA360DEE,-3.62,-12.21,30.00,0.57,0.58,0.59,BODY
EC97274AA15EA54C,-2.75,-12.28,30.20,0.78,0.75,0.74,BODY
23B9EBFA7250B74B,-3.30,-12.48,30.40,0.75,0.73,0.73,BODY
E41A0821B9A64505,-4.00,-12.50,30.60,0.57,0.58,0.59,BODY
BAA7EF529EB5AEFE,-2.63,-12.05,30.00,0.78,0.75,0.74,BODY
ED4FDC55B89D2757,-3.10,-12.17,30.20,0.75,0.73,0.72,BODY
465BFEF4B815C73C,-3.91,-12.35,30.40,0.55,0.54,0.55,BODY
5435F0BA35EE8F27,-3.05,-12.21,30.60,0.81,0.79,0.78,BODY
DF269C283FAF2004,-3.55,-11.81,30.00,0.69,0.67,0.67,BODY
8855488515FF6723,-2.55,-12.13,30.20,0.81,0.80,0.78,BODY
C26382C45C02B8B7,-3.59,-12.33,30.40,0.78,0.75,0.74,BODY
7AD68B75BDF48249,-2.39,-12.05,30.60,0.72,0.80,0.82,BODY
ACE903E0A15887F6,-3.28,-11.97,30.00,0.78,0.77,0.75,BODY
2A62EB7C974A47CD,-4.07,-11.84,30.20,0.58,0.56,0.55,BODY
CB0B3B308C5983C9,-2.95,-12.06,30.40,0.81,0.80,0.78,BODY
B867C25D75B5EB64,-4.02,-11.70,30.60,0.59,0.58,0.58,BODY
F5BBF22C832B421A,-3.05,-11.89,30.00,0.83,0.80,0.80,BODY
E8E43EED503DE24E,-3.95,-11.58,30.20,0.59,0.58,0.58,BODY
7CEBF67DC639DCBB,-2.75,-12.10,30.40,0.84,0.83,0.81,BODY
43C6D525A70050B6,-4.09,-11.56,30.60,0.64,0.63,0.61,BODY
0AD514A1ED8DD100,-3.24,-11.93,30.00,0.83,0.80,0.80,BODY
CCBB99A086428BF2,-3.97,-11.86,30.20,0.59,0.59,0.59,BODY
0E199EEE80A58A86,-3.06,-11.49,30.40,0.83,0.80,0.80,BODY
EDD5F71A29CE7E9C,-4.49,-11.89,30.60,0.57,0.56,0.57,BODY
DCB253A929F74191,-3.10,-11.73,30.00,0.83,0.80,0.80,BODY
BD5B8DC2A8FDB300,-4.71,-11.78,30.20,0.55,0.54,0.55,BODY
0C6F99B1652F12C6,-3.18,-11.55,30.40,0.83,0.80,0.80,BODY
8D145B06507DB285,-4.76,-11.60,30.60,0.84,0.89,0.91,BODY
6EFBD7514C2F27C9,-3.53,-11.51,30.00,0.81,0.80,0.78,BODY
D99E67B6470F0892,-2.53,-11.75,30.20,0.81,0.78,0.78,BODY
273868A4A38F4ABC,-3.81,-11.67,30.40,0.78,0.77,0.75,BODY
DE78E380AC4BADFE,-2.58,-11.74,30.60,0.83,0.80,0.80,BODY
794BDDAAA916E684,-3.97,-11.50,30.00,0.74,0.71,0.71,BODY
3A6C1FA8528F2511,-2.86,-11.53,30.20,0.84,0.83,0.81,BODY
26259CFF001D5A86,-4.54,-11.71,30.40,0.60,0.61,0.60,BODY
20EE6A77C6C65985,-3.17,-11.17,30.60,0.84,0.81,0.81,BODY
42FD43A7D3CB3533,-4.80,-11.12,30.00,0.55,0.56,0.55,BODY
E8F34BEDB39C19C9,-3.50,-11.35,30.20,0.83,0.80,0.80,BODY
120EDC559BC3AC7E,-2.63,-11.15,30.40,0.87,0.81,0.84,BODY
79BE17927E11504F,-3.73,-11.29,30.60,0.80,0.78,0.76,BODY
3D91BFE17011989B,-2.79,-11.53,30.00,0.81,0.80,0.78,BODY
CB2028D9D0894069,-3.94,-11.56,30.20,0.78,0.75,0.74,BODY
464EB52B0FE43F1C,-2.95,-11.01,30.40,0.81,0.78,0.78,BODY
56BE4124F471DB7B,-4.10,-11.10,30.60,0.72,0.70,0.69,BODY
B1596272B66B8578,-2.83,-11.04,30.00,0.81,0.78,0.78,BODY
FE38AFB5C107BDB0,-4.19,-11.22,30.20,0.61,0.60,0.58,BODY
41DD2C4B79022D77,-3.59,-10.95,30.40,0.81,0.78,0.78,BODY
5CFC0717499120E4,-4.63,-11.06,30.60,0.55,0.56,0.58,BODY
F868BD10B26E694A,-3.78,-11.03,30.00,0.84,0.81,0.81,BODY
6EA8944F1FF285B6,-2.67,-11.36,30.20,0.69,0.67,0.67,BODY
5F876315551981E5,-3.97,-11.17,30.40,0.81,0.78,0.78,BODY
6245C1B33F6CCEFF,-2.89,-11.09,30.60,0.63,0.64,0.62,BODY
9BDC83DBEDEC9A90,-4.26,-10.99,30.00,0.71,0.70,0.68,BODY
E4BD112426D56C26,-2.87,-11.33,30.20,0.68,0.67,0.68,BODY
6F7FB23A83C6FFED,-4.54,-11.16,30.40,0.58,0.73,0.81,BODY
3F2ECF70BC76A28E,-3.77,-11.05,30.60,0.78,0.76,0.74,BODY
7D1E81613087F5D1,-2.25,-11.14,30.00,0.52,0.51,0.52,BODY
8A1B4547A0529519,-4.20,-10.80,30.20,0.63,0.64,0.63,BODY
9A4B0C68193D118B,-3.19,-11.00,30.40,0.62,0.62,0.62,BODY
A07FBD421D02D7D9,-1.85,-11.10,30.60,0.52,0.51,0.48,BODY
BE4FE81BAD32C627,-4.15,-10.63,30.00,0.74,0.73,0.71,BODY
52403539D19511EC,-2.72,-10.81,30.20,0.52,0.51,0.52,BODY
F7E9B7A220ECF0CE,-1.84,-11.08,30.40,0.55,0.54,0.52,BODY
1A6831A795984131,-4.03,-10.80,30.60,0.73,0.71,0.70,BODY
94203F254332C7E5,-2.66,-10.63,30.00,0.52,0.51,0.52,BODY
AD7527BE79BAEA03,-1.59,-10.92,30.20,0.55,0.54,0.52,BODY
F5352B7AA8690C8B,-4.02,-10.63,30.40,0.67,0.67,0.67,BODY
487A8781A500CFF7,-3.09,-10.71,30.60,0.52,0.51,0.52,BODY
96902F49E9A8FA3E,-1.72,-10.98,30.00,0.56,0.54,0.51,BODY
3315182A35F2486C,-4.60,-10.85,30.20,0.78,0.70,0.81,BODY
1AAEC3E43CA735A0,-3.76,-10.85,30.40,0.67,0.65,0.64,BODY
63AA24EE9C328B85,-2.28,-10.97,30.60,0.52,0.51,0.52,BODY
B4D14CCE519A0F76,-1.24,-10.51,30.00,0.58,0.56,0.52,BODY
2BF4503A17EE71CC,2.21,-10.66,30.20,0.61,0.94,1.00,BODY
439F19FF68D86BC1,-3.68,-10.79,30.40,0.67,0.65,0.64,BODY
3B7D83DA623BA1C2,-2.43,-10.99,30.60,0.53,0.52,0.53,BODY
DD91D08036DE5FE4,-1.54,-10.90,30.00,0.58,0.55,0.55,BODY
E94C2D93391D4826,2.09,-10.48,30.20,0.27,0.36,0.67,BODY
3644A42EC4DD0781,-3.94,-10.93,30.40,0.68,0.65,0.65,BODY
E21AB5D8AB105051,-2.71,-10.88,30.60,0.52,0.53,0.52,BODY
68B6702159A3C146,-1.43,-10.39,30.00,0.58,0.57,0.58,BODY
96BF12894376EECC,1.58,-10.41,30.20,0.48,0.33,0.65,BODY
1ADDD5E2562C00A2,-4.08,-10.90,30.40,0.61,0.61,0.61,BODY
C19A1BA5E42337FC,-3.22,-10.53,30.60,0.52,0.51,0.52,BODY
FD5E8CCE075AD2F7,-2.08,-10.86,30.00,0.59,0.56,0.56,BODY
A6F914374AD71C17,-1.09,-10.41,30.20,0.65,0.51,0.55,BODY
81CC3C48A64ECF8D,2.31,-10.49,30.40,0.55,0.56,0.65,BODY
94AB099C2FAD7A52,-3.67,-10.79,30.60,0.65,0.64,0.65,BODY
93CE5720598384BB,-2.76,-10.30,30.00,0.56,0.56,0.56,BODY
14D0C174751F4D85,-1.72,-10.84,30.20,0.62,0.59,0.59,BODY
604F66ED58AAD877,1.33,-10.60,30.40,0.54,0.48,0.71,BODY
643B51F0E0F4D9A6,-4.68,-10.70,30.60,0.64,0.64,0.63,BODY
E8E5878618864B3E,-3.52,-10.71,30.00,0.52,0.51,0.52,BODY
18257613971B6747,-2.10,-10.47,30.20,0.61,0.59,0.58,BODY
5CADF27F277F3C32,-0.94,-10.25,30.40,0.62,0.60,0.59,BODY
49517E0D65D1678D,1.91,-10.21,30.60,0.55,0.51,0.51,BODY
79C6C5C01D2CB4D5,-3.81,-10.63,30.00,0.63,0.63,0.62,BODY
C7E25B053962D4CE,-3.15,-10.50,30.20,0.54,0.53,0.54,BODY
9FBF5D543E7100CA,-1.64,-10.61,30.40,0.61,0.59,0.58,BODY
9147AB5284BD63FB,-1.04,-10.46,30.60,0.65,0.59,0.58,BODY
356D43E0ED679163,1.66,-10.21,30.00,0.61,0.59,0.58,BODY
58744965D51DDD6C,-4.28,-10.65,30.20,0.61,0.62,0.61,BODY
ADCEA1AAE5BFB8B3,-3.18,-10.69,30.40,0.56,0.56,0.56,BODY
D4632F0E7B931E6A,-1.86,-10.36,30.60,0.65,0.62,0.61,BODY
54DC765219FB7544,-0.52,-10.31,30.00,0.65,0.62,0.61,BODY
BDBB8CE880E2880B,2.06,-10.19,30.20,0.58,0.57,0.55,BODY
76CE99FB7FDFAEAE,-4.21,-10.44,30.40,0.60,0.61,0.60,BODY
A08126E1DD9C8580,-3.07,-10.26,30.60,0.54,0.55,0.54,BODY
7CC200CA1B8552A4,-2.10,-10.32,30.00,0.63,0.62,0.60,BODY
F21EC51445DF5829,-1.07,-10.48,30.20,0.67,0.64,0.64,BODY
1E83485AC6CDDF4D,1.93,-10.15,30.40,0.57,0.55,0.54,BODY
357E6ACA9402BECE,-4.17,-10.54,30.60,0.64,0.64,0.64,BODY
8765D2DAE78EC4C2,-3.34,-10.58,30.00,0.53,0.53,0.53,BODY
D2ED870210AF966A,-2.06,-10.22,30.20,0.65,0.62,0.62,BODY
BF670FC3C68CC88D,-0.74,-10.31,30.40,0.68,0.65,0.65,BODY
AE6D5545154B4731,1.14,-10.51,30.60,0.52,0.43,0.55,BODY
2177856845FB2DD4,2.46,-10.48,30.00,0.82,0.77,0.80,BODY
EA5E62AAE1843FBA,-3.38,-10.47,30.20,0.52,0.51,0.52,BODY
419ABA659AF98BF3,-2.16,-10.48,30.40,0.64,0.62,0.60,BODY
D6C441E1E2E46723,-1.43,-10.03,30.60,0.68,0.67,0.65,BODY
43B845E49BBE73D8,-0.17,-10.43,30.00,0.68,0.59,0.68,BODY
0F92AADDB80BE1E6,2.19,-10.26,30.20,0.71,0.67,0.65,BODY
A41A8D85786CE0C4,-4.23,-10.08,30.40,0.58,0.57,0.58,BODY
F4F1988D5F100C45,-2.58,-10.09,30.60,0.59,0.60,0.59,BODY
C4E96E47B8051980,-1.73,-9.98,30.00,0.69,0.66,0.65,BODY
BE4F9AD2833E8BF0,-0.54,-10.31,30.20,0.69,0.66,0.65,BODY
3FBEF3825B044BB8,1.51,-10.12,30.40,0.58,0.56,0.57,BODY
A9013AE02A1879E7,2.41,-10.39,30.60,0.97,0.92,0.87,BODY
33023B599D67183A,-3.31,-10.29,30.00,0.53,0.52,0.53,BODY
508E265B2C78C55E,-2.24,-10.06,30.20,0.67,0.64,0.64,BODY
8149C4AAF3D26204,-0.95,-9.98,30.40,0.70,0.67,0.67,BODY
D5EE9867477F9EE6,-0.12,-10.03,30.60,0.70,0.66,0.64,BODY
24DC48265EAC6A64,2.15,-10.21,30.00,0.70,0.67,0.67,BODY
1B39FE75266A96E8,-4.13,-10.39,30.20,0.60,0.60,0.60,BODY
D8129F0DB247547B,-2.99,-9.98,30.40,0.57,0.58,0.57,BODY
1453E53DC09C49CF,-1.86,-9.86,30.60,0.70,0.67,0.67,BODY
298EF6F3AF7AD431,-0.78,-10.31,30.00,0.71,0.68,0.68,BODY
6263B888DAB63995,1.28,-9.96,30.20,0.52,0.43,0.55,BODY
C07527F2427414F8,2.37,-10.16,30.40,0.76,0.73,0.73,BODY
9D31A0D3951D933C,-4.01,-9.75,30.60,0.52,0.51,0.52,BODY
1D91D95F8FE5A90E,-2.81,-9.78,30.00,0.61,0.62,0.61,BODY
4C1E51543A19702D,-1.27,-10.32,30.20,0.71,0.68,0.68,BODY
2D4C77EDC5D60F54,-0.27,-10.10,30.40,0.71,0.68,0.68,BODY
329E8F8AF56581E3,1.12,-9.99,30.60,0.58,0.56,0.55,BODY
3BE734C5A789E72D,2.23,-9.92,30.00,0.77,0.74,0.74,BODY
5E6A38025E12636B,-3.51,-10.03,30.20,0.53,0.53,0.53,BODY
C9D5CB6DE7C8620A,-2.07,-9.84,30.40,0.65,0.65,0.65,BODY
F51CE6DA02CA00BB,-1.35,-9.79,30.60,0.71,0.70,0.70,BODY
C384614973A0912C,-0.09,-10.29,30.00,0.71,0.68,0.68,BODY
BC05FE0920E7B51C,1.63,-10.26,30.20,0.64,0.61,0.60,BODY
2F424F29231F8489,2.65,-10.00,30.40,0.81,0.78,0.78,BODY
3A638D32B984B3FA,-3.26,-9.79,30.60,0.56,0.55,0.56,BODY
8EA489B6427F9260,-2.27,-9.92,30.00,0.69,0.66,0.67,BODY
D165F86FE07BD827,-0.93,-9.80,30.20,0.71,0.71,0.71,BODY
FED52571295F8DBB,-0.07,-10.03,30.40,0.72,0.67,0.67,BODY
076A2E0A9AF6DB93,1.35,-10.23,30.60,0.67,0.64,0.62,BODY
8AAA8E1A7EB85FB6,2.70,-10.01,30.00,0.81,0.78,0.78,BODY
4AF1FAC7A2B629DD,-3.32,-9.98,30.20,0.56,0.55,0.56,BODY
CF4CCE819FE7476C,-2.18,-10.13,30.40,0.70,0.67,0.69,BODY
00745CFFA11AAFB5,-1.09,-9.73,30.60,0.71,0.71,0.71,BODY
5E075838BB29C29F,-0.12,-9.65,30.00,0.73,0.69,0.69,BODY
329F030C41B74806,1.42,-9.89,30.20,0.67,0.64,0.62,BODY
C31E6F4CC1448C1F,2.95,-9.71,30.40,0.81,0.78,0.78,BODY
5285A08090C38ADC,-3.27,-9.91,30.60,0.57,0.56,0.57,BODY
2F8B0C745C794565,-2.10,-9.91,30.00,0.70,0.67,0.69,BODY
5DA7381D5F30CC7C,-1.25,-9.84,30.20,0.71,0.71,0.71,BODY
0FCB30E1BFDAE655,-0.13,-9.66,30.40,0.73,0.69,0.69,BODY
6ECCFFEC06966DA5,1.16,-10.08,30.60,0.67,0.64,0.62,BODY
1398315EE8E268BC,2.51,-10.12,30.00,0.81,0.78,0.78,BODY
ECC5BE4584941867,-3.57,-9.72,30.20,0.58,0.57,0.58,BODY
B3177459B0FD0A65,-2.03,-10.08,30.40,0.70,0.69,0.70,BODY
D23BFDF5B1D763DC,-1.42,-10.03,30.60,0.72,0.71,0.71,BODY
2735F09C0BFE14CA,0.08,-9.66,30.00,0.74,0.71,0.71,BODY
8F5044B6121CB273,1.22,-9.63,30.20,0.61,0.60,0.58,BODY
5F5FEE7BC934097F,2.62,-9.88,30.40,0.82,0.79,0.78,BODY
0BD8A42F3D8D41C4,-3.54,-9.49,30.60,0.55,0.54,0.55,BODY
DF910B5FB9EF5740,-2.24,-9.69,30.00,0.68,0.67,0.68,BODY
239ECC9A301C59B7,-1.34,-9.94,30.20,0.74,0.73,0.71,BODY
260E5C0C19EAC070,-0.47,-9.83,30.40,0.74,0.73,0.71,BODY
8D2913E923B91C9D,0.82,-9.79,30.60,0.52,0.49,0.48,BODY
C59BCA2A950421B0,1.90,-9.65,30.00,0.82,0.78,0.76,BODY
239D6C76763C862C,-3.96,-9.54,30.20,0.52,0.52,0.52,BODY
8AF3761069B529E0,-2.65,-9.90,30.40,0.65,0.64,0.65,BODY
5F35249BA380381B,-1.38,-9.77,30.60,0.73,0.71,0.71,BODY
85884134023B2731,-0.36,-9.91,30.00,0.74,0.71,0.71,BODY
CE811D35575C5B75,0.52,-9.41,30.20,0.73,0.69,0.75,BODY
0F8007FF3DD50E88,1.52,-9.53,30.40,0.74,0.73,0.71,BODY
26E39F2D3445758F,2.91,-9.67,30.60,0.87,0.92,0.91,BODY
DB022992C7C3F035,-3.13,-9.72,30.00,0.60,0.60,0.60,BODY
C43A9210E773DA96,-2.35,-9.80,30.20,0.71,0.70,0.71,BODY
66E3B0EFA2E09A78,-0.81,-9.37,30.40,0.74,0.73,0.71,BODY
459F9464716EFDDC,0.21,-9.91,30.60,0.74,0.73,0.71,BODY
65AE24C8DC67CFF1,1.07,-9.87,30.00,0.61,0.60,0.58,BODY
A88BC1D39E4150F4,2.42,-9.85,30.20,0.84,0.81,0.81,BODY
6BB9392D213FCD78,-3.60,-9.61,30.40,0.55,0.55,0.55,BODY
9493E5B1D5523E2A,-2.75,-9.33,30.60,0.70,0.69,0.70,BODY
F3C24C2902F3B117,-1.28,-9.89,30.00,0.73,0.72,0.71,BODY
43E72A84C4195C5C,-0.46,-9.71,30.20,0.75,0.73,0.72,BODY
EFA02D1519047F5B,0.91,-9.61,30.40,0.48,0.46,0.45,BODY
61226021BB841C96,2.08,-9.64,30.60,0.81,0.78,0.78,BODY
117A94EFF9D90082,-3.92,-9.52,30.00,0.55,0.55,0.56,BODY
02143F578F49F1E2,-3.21,-9.73,30.20,0.62,0.61,0.62,BODY
B7E18BB08CCF0BF3,-1.88,-9.81,30.40,0.74,0.73,0.71,BODY
F420A57971A4B011,-0.88,-9.68,30.60,0.71,0.71,0.71,BODY
081756A7805B886B,0.23,-9.47,30.00,0.76,0.75,0.73,BODY
BAC7CDA06AD1C304,1.51,-9.45,30.20,0.71,0.68,0.68,BODY
C8C51FDBC5C93937,2.80,-9.79,30.40,0.85,0.80,0.81,BODY
4946093B7055530D,-3.42,-9.80,30.60,0.55,0.56,0.55,BODY
004F848E585810FE,-2.73,-9.59,30.00,0.69,0.67,0.69,BODY
04545BA7C3872B62,-1.44,-9.31,30.20,0.73,0.72,0.71,BODY
902AF376593907E5,-0.20,-9.26,30.40,0.75,0.73,0.72,BODY
951FAA425639C8A1,0.81,-9.52,30.60,0.63,0.62,0.60,BODY
7CDBED929B3D96D2,2.17,-9.26,30.00,0.82,0.79,0.78,BODY
B6E0939A51454BCE,-4.40,-9.29,30.20,0.69,0.75,0.80,BODY
3AD5D4033BE52A1B,-3.23,-9.61,30.40,0.64,0.62,0.64,BODY
FF552198ADE5B2F3,-1.90,-9.50,30.60,0.71,0.71,0.71,BODY
272B1926F5BB2EC2,-0.76,-9.73,30.00,0.68,0.68,0.68,BODY
86519395E13EEECB,0.38,-9.49,30.20,0.78,0.76,0.75,BODY
85CCDACCFEC589A6,1.37,-9.70,30.40,0.68,0.67,0.65,BODY
140934D493888A86,2.18,-9.16,30.60,0.86,0.82,0.81,BODY
A26A0A2C367F4B80,-3.93,-9.60,30.00,0.55,0.56,0.55,BODY
668702623804C0BE,-2.87,-9.54,30.20,0.68,0.67,0.68,BODY
BEAD2235F4EBF60C,-1.62,-9.67,30.40,0.73,0.73,0.73,BODY
AC481F0BF1858B8A,-0.65,-9.10,30.60,0.74,0.75,0.74,BODY
D9EB690861E6C4D7,0.48,-9.70,30.00,0.75,0.74,0.72,BODY
C1606316809C80AB,2.08,-9.54,30.20,0.83,0.79,0.76,BODY
3701FE9804A4A0AC,3.22,-9.67,30.40,0.91,0.92,0.91,BODY
CD683392E43F41A1,-3.61,-9.15,30.60,0.60,0.60,0.60,BODY
1DBD584C5E5976E9,-2.24,-9.59,30.00,0.71,0.71,0.71,BODY
4C2BEA6B3696C3AB,-1.12,-9.12,30.20,0.65,0.64,0.65,BODY
7C03E3FDB4AD5AD2,0.25,-9.24,30.40,0.80,0.77,0.76,BODY
F1CC07431C2F1D42,0.94,-9.40,30.60,0.61,0.60,0.60,BODY
08D6A9DC829F08C9,1.95,-9.54,30.00,0.85,0.80,0.78,BODY
204C7740762C0DAE,-4.34,-9.01,30.20,0.52,0.53,0.52,BODY
1726B5CD492FCFB9,-3.16,-9.02,30.40,0.67,0.65,0.67,BODY
A151C3439164DD72,-1.85,-9.06,30.60,0.74,0.73,0.73,BODY
252AEDAF94C2766A,-0.90,-9.14,30.00,0.13,0.13,0.13,BODY
C31CE37839883BFE,0.29,-9.12,30.20,0.78,0.76,0.75,BODY
CB68E57F97E558AF,1.74,-9.56,30.40,0.78,0.75,0.74,BODY
658110BEC14D0D7A,2.58,-9.53,30.60,0.86,0.84,0.83,BODY
56FE80C117F80937,-3.60,-9.47,30.00,0.56,0.56,0.56,BODY
F827D01738E5D2E4,-2.72,-8.96,30.20,0.70,0.69,0.70,BODY
AEBFA200E2923853,-1.16,-9.11,30.40,0.71,0.71,0.71,BODY
670849AB20D6037B,-0.15,-9.08,30.60,0.74,0.75,0.74,BODY
3E936FCF2BEADB17,1.07,-9.08,30.00,0.78,0.75,0.74,BODY
96B8A6B30B0C7950,1.77,-9.12,30.20,0.84,0.80,0.78,BODY
B8E94A744D0D2D1E,2.90,-9.50,30.40,0.73,0.85,0.89,BODY
47F612A27EFD3B8D,-3.54,-9.44,30.60,0.61,0.60,0.61,BODY
91F927040689A8BF,-2.35,-9.28,30.00,0.72,0.71,0.72,BODY
0DAA9DE14997A847,-1.14,-9.07,30.20,0.58,0.59,0.61,BODY
91768AC572C976E3,-0.24,-8.97,30.40,0.81,0.77,0.75,BODY
7EB9F75B392B157A,1.08,-9.04,30.60,0.73,0.72,0.70,BODY
C86C587970E1ADB5,2.46,-9.17,30.00,0.87,0.84,0.82,BODY
2D5F7664A7BC7ED9,-4.20,-9.15,30.20,0.48,0.47,0.48,BODY
A880F7510BFBC198,-3.16,-9.32,30.40,0.67,0.65,0.67,BODY
15F931657A820FA7,-1.78,-9.15,30.60,0.74,0.74,0.73,BODY
0238A00A59EF69D5,-0.71,-9.00,30.00,0.09,0.11,0.13,BODY
878D158BB6DC5239,0.46,-9.40,30.20,0.82,0.80,0.78,BODY
1AD78CAC19F15665,1.46,-9.44,30.40,0.74,0.71,0.71,BODY
A5D60D0C2CDE2F04,2.48,-9.04,30.60,0.87,0.84,0.83,BODY
0B15D348B20F6683,-3.82,-9.18,30.00,0.55,0.54,0.55,BODY
198982FD471701D9,-2.73,-9.25,30.20,0.69,0.67,0.69,BODY
07E1BAE650074DE2,-1.90,-8.88,30.40,0.74,0.74,0.74,BODY
934E3913F1BAC0D0,-0.74,-9.36,30.60,0.11,0.11,0.11,BODY
6B1613B65E5D45B3,0.66,-9.10,30.00,0.81,0.80,0.78,BODY
25AB068F09498129,1.35,-9.13,30.20,0.80,0.77,0.75,BODY
AB934C9934A7505A,2.71,-9.20,30.40,0.87,0.84,0.84,BODY
6C1448668157E804,-3.64,-9.19,30.60,0.57,0.58,0.57,BODY
07DB6237C1EB8B32,-2.48,-9.21,30.00,0.71,0.69,0.69,BODY
C85C21ACC87D23E2,-1.69,-9.01,30.20,0.74,0.73,0.74,BODY
2B394DD99D7E29F2,-0.25,-9.32,30.40,0.13,0.14,0.13,BODY
2012C19D48BB45C1,0.70,-9.32,30.60,0.81,0.80,0.78,BODY
E9ED7AEE969D2C86,1.89,-9.07,30.00,0.82,0.80,0.78,BODY
68642BF859BD8FE2,2.72,-8.93,30.20,0.85,0.83,0.82,BODY
1F0F750243E68D53,-3.82,-9.18,30.40,0.58,0.59,0.58,BODY
5AEFEAD60000E5B0,-2.21,-8.96,30.60,0.73,0.71,0.71,BODY
E47978CFD2D2E4FB,-1.50,-8.90,30.00,0.62,0.64,0.64,BODY
2AD1AA47E5891487,0.02,-8.88,30.20,0.16,0.17,0.16,BODY
39BAC3C1FC595783,0.91,-9.16,30.40,0.81,0.78,0.78,BODY
3AD1AE20FF0D4523,1.88,-8.92,30.60,0.87,0.83,0.81,BODY
C713DA420AC72319,3.22,-8.92,30.00,0.86,0.92,0.91,BODY
6EC9197787668B84,-3.69,-9.14,30.20,0.61,0.62,0.61,BODY
BFB5F86AB63062B1,-2.49,-8.80,30.40,0.73,0.72,0.73,BODY
7C554A2444BDC542,-1.42,-8.98,30.60,0.24,0.25,0.25,BODY
510B7DD7F0867F54,-0.01,-9.01,30.00,0.74,0.75,0.74,BODY
FB71E1538F452F8C,1.38,-8.80,30.20,0.80,0.77,0.78,BODY
5B4D4A7D2FB2FAD5,2.26,-8.98,30.40,0.88,0.85,0.84,BODY
EFCDD4922BD1AD91,-4.55,-8.85,30.60,0.45,0.46,0.45,BODY
EB24B9470F4FDBF3,-3.53,-8.80,30.00,0.65,0.65,0.65,BODY
743B3D0E5C7B27C6,-1.99,-9.10,30.20,0.74,0.75,0.74,BODY
A5BB69FE50D64768,-0.72,-9.05,30.40,0.13,0.14,0.16,BODY
845637D36C25A9FA,-0.05,-8.98,30.60,0.81,0.81,0.81,BODY
A396B650D98C21A8,1.03,-9.10,30.00,0.81,0.78,0.78,BODY
217B567D111FDC2A,2.16,-9.20,30.20,0.89,0.85,0.84,BODY
6A185A25F02D9CE5,-4.47,-8.60,30.40,0.53,0.53,0.53,BODY
DF383DD9FBB4039B,-2.76,-8.58,30.60,0.67,0.67,0.67,BODY
A6B487C84919D46D,-2.13,-8.81,30.00,0.74,0.74,0.73,BODY
ACF50A135B0D8C14,-0.92,-8.68,30.20,0.09,0.11,0.13,BODY
42A1699C6B46649C,0.29,-8.90,30.40,0.83,0.80,0.80,BODY
E3D9C3EF73372661,1.56,-8.75,30.60,0.76,0.73,0.72,BODY
B9F209C82F84303D,2.87,-9.06,30.00,0.88,0.85,0.84,BODY
3431A39C88AF0FDD,-4.10,-8.59,30.20,0.57,0.58,0.57,BODY
3DA22856BB39D26F,-3.03,-8.68,30.40,0.71,0.70,0.71,BODY
E4FFA33D3F4C7A13,-1.60,-8.50,30.60,0.74,0.74,0.73,BODY
8EA1443275AED3D6,-0.50,-8.94,30.00,0.16,0.16,0.16,BODY
4E0F8CE3E5E6F97D,0.70,-8.93,30.20,0.85,0.83,0.82,BODY
61F541CECF152D28,1.71,-8.99,30.40,0.84,0.80,0.78,BODY
C456381BE0AF56C7,2.91,-8.61,30.60,0.87,0.84,0.84,BODY
719D92261447ABD6,-3.73,-8.61,30.00,0.59,0.60,0.59,BODY
BE5C3062CCDC1555,-2.39,-8.95,30.20,0.71,0.70,0.71,BODY
1BD23396F720212A,-1.55,-8.86,30.40,0.72,0.72,0.72,BODY
A63A60D400E23A63,-0.15,-8.92,30.60,0.22,0.22,0.22,BODY
965DE8DF8535524D,0.80,-9.04,30.00,0.84,0.82,0.81,BODY
CD7928A8DBB39B09,1.82,-8.52,30.20,0.85,0.82,0.78,BODY
88C4FC69EE0D0EB3,3.01,-8.61,30.40,0.87,0.86,0.85,BODY
EB1B5330ECCE64AF,-3.78,-8.96,30.60,0.61,0.62,0.61,BODY
14BC68993450F7D9,-2.36,-8.92,30.00,0.72,0.71,0.72,BODY
9A8D7887222776EC,-1.22,-8.93,30.20,0.65,0.64,0.65,BODY
5DEF7EF6BCC7533A,-0.29,-8.64,30.40,0.25,0.26,0.25,BODY
4248D307BF6DCA23,0.82,-8.48,30.60,0.84,0.83,0.81,BODY
893791FDB0E9F831,2.07,-8.97,30.00,0.87,0.83,0.81,BODY
9F6FD0140B865195,3.37,-8.58,30.20,0.84,0.83,0.81,BODY
61435FC1531C08D0,-3.74,-8.92,30.40,0.62,0.63,0.62,BODY
18819F61E0614ED4,-2.18,-8.51,30.60,0.74,0.75,0.74,BODY
8F31719FF9489862,-1.50,-8.37,30.00,0.52,0.54,0.55,BODY
EE7FC5575DE3FD63,-0.33,-8.70,30.20,0.16,0.17,0.16,BODY
9A14F8F098382771,1.25,-8.38,30.40,0.84,0.81,0.81,BODY
7E558C6419398221,2.44,-8.61,30.60,0.87,0.83,0.82,BODY
8422DBCFF837A760,-4.75,-8.56,30.00,0.67,0.69,0.69,BODY
C8FC81D031BEFC92,-3.14,-8.66,30.20,0.67,0.67,0.67,BODY
1BEDCDC0D4920CD5,-2.23,-8.77,30.40,0.76,0.75,0.74,BODY
CEDCCB0B40F95BE9,-1.32,-8.37,30.60,0.11,0.14,0.13,BODY
83CDA56EA49BF3E1,0.08,-8.83,30.00,0.77,0.77,0.77,BODY
0425FFEB59E63B9D,0.92,-8.63,30.20,0.84,0.82,0.81,BODY
A0962A893F3F237C,2.46,-8.32,30.40,0.87,0.84,0.83,BODY
912C3110790C3F7E,-4.58,-8.57,30.60,0.53,0.53,0.53,BODY
75D55BB4C5B2F424,-3.16,-8.43,30.00,0.67,0.67,0.67,BODY
CC990A9DD3566719,-2.07,-8.59,30.20,0.75,0.74,0.74,BODY
3D00067F745F844B,-1.19,-8.80,30.40,0.16,0.16,0.16,BODY
A81EB17512FCD4BC,0.32,-8.29,30.60,0.81,0.81,0.81,BODY
6AFB7E9FFADD5CCD,1.45,-8.75,30.00,0.83,0.82,0.80,BODY
DE184E7056E91EAF,2.47,-8.75,30.20,0.87,0.84,0.83,BODY
0B32434B1137F8DB,-4.23,-8.25,30.40,0.54,0.55,0.54,BODY
1C443FD1120E7454,-2.96,-8.79,30.60,0.69,0.67,0.69,BODY
B2D705FD2DAB7B96,-2.13,-8.69,30.00,0.76,0.75,0.74,BODY
69114E21EF242649,-1.03,-8.80,30.20,0.16,0.16,0.16,BODY
9D944B262F83F94B,0.43,-8.64,30.40,0.84,0.83,0.81,BODY
2CA390A631128C4A,1.22,-8.74,30.60,0.83,0.82,0.80,BODY
D01BA99A7EC64179,2.29,-8.61,30.00,0.87,0.83,0.82,BODY
52316A0136DE41B8,-4.30,-8.16,30.20,0.56,0.56,0.56,BODY
C2C802EFD342F548,-3.11,-8.71,30.40,0.70,0.69,0.70,BODY
04D303E7288A015F,-1.75,-8.67,30.60,0.76,0.75,0.74,BODY
9463F9C72619AA90,-0.56,-8.41,30.00,0.19,0.20,0.19,BODY
DE8FDBD932489C9C,0.49,-8.44,30.20,0.85,0.83,0.82,BODY
07C13951713116AE,1.31,-8.62,30.40,0.84,0.83,0.81,BODY
7F8718CFEA968704,2.76,-8.29,30.60,0.87,0.83,0.82,BODY
20DFE0F83D863ED4,-4.24,-8.37,30.00,0.56,0.56,0.56,BODY
F50997A2CCCCB27A,-3.29,-8.22,30.20,0.69,0.69,0.69,BODY
2BB9AACECD3F090B,-1.74,-8.58,30.40,0.75,0.75,0.75,BODY
BB32DA2B861390A9,-0.60,-8.18,30.60,0.22,0.22,0.22,BODY
E208CE61F15E6B8F,0.30,-8.11,30.00,0.87,0.84,0.83,BODY
58B93606EA5A73CD,1.23,-8.54,30.20,0.85,0.83,0.80,BODY
A0D414C19F9000C3,2.36,-8.50,30.40,0.86,0.82,0.80,BODY
4F02A536FAE52849,-4.02,-8.13,30.60,0.58,0.59,0.58,BODY
44AC002838BE36CF,-2.62,-8.15,30.00,0.71,0.71,0.71,BODY
3F1E3B1C33B6A5A1,-1.57,-8.51,30.20,0.75,0.76,0.75,BODY
A82EC973E0399E1D,-0.46,-8.20,30.40,0.19,0.22,0.22,BODY
5FE10809EE672851,0.32,-8.48,30.60,0.87,0.84,0.83,BODY
2F879E4FA832C837,1.55,-8.12,30.00,0.78,0.76,0.74,BODY
253DE0DF68F0C09E,2.56,-8.17,30.20,0.86,0.82,0.80,BODY
BED5CB73D889C0A0,-3.68,-8.17,30.40,0.60,0.60,0.60,BODY
ACD029D9CEFDACE1,-2.74,-8.28,30.60,0.73,0.71,0.71,BODY
7011ECB31D3BCAFE,-1.37,-8.20,30.00,0.78,0.76,0.74,BODY
C85537A4C5015CAA,-0.39,-8.28,30.20,0.30,0.31,0.31,BODY
FE1B40D48C09385B,0.37,-8.02,30.40,0.87,0.85,0.84,BODY
DA8876CBEC1BB9A8,2.01,-8.42,30.60,0.82,0.80,0.78,BODY
E8A64F07878FA722,2.66,-8.25,30.00,0.85,0.81,0.80,BODY
CEA75A1009152778,-3.87,-7.97,30.20,0.64,0.64,0.64,BODY
BBE7B83320CDF510,-2.51,-8.36,30.40,0.73,0.72,0.73,BODY
F25A8727C326B47F,-1.28,-8.31,30.60,0.73,0.72,0.72,BODY
85FF3E8D95A92810,-0.34,-8.43,30.00,0.24,0.24,0.25,BODY
A4C808C0C82D09F0,0.64,-8.41,30.20,0.87,0.84,0.84,BODY
CD36EA752CE8A01B,2.11,-8.10,30.40,0.83,0.80,0.78,BODY
12D404D36952733C,3.16,-7.96,30.60,0.87,0.86,0.83,BODY
168D887760B7DCF4,-3.42,-8.12,30.00,0.65,0.64,0.65,BODY
CA49277ADC6C289B,-2.61,-7.99,30.20,0.73,0.73,0.73,BODY
2BDA4107C7FAB0B0,-1.37,-7.99,30.40,0.72,0.72,0.71,BODY
993F03085FDA62F9,-0.41,-8.37,30.60,0.27,0.28,0.27,BODY
0576138C2107C3E5,0.68,-7.91,30.00,0.84,0.84,0.84,BODY
6B20BF0BBA07FAD7,2.27,-8.12,30.20,0.84,0.80,0.78,BODY
5D3041AF97DCB715,3.27,-8.11,30.40,0.93,0.96,0.95,BODY
DB9B4BFCA815837E,-3.26,-8.23,30.60,0.68,0.67,0.68,BODY
CA8C59DD2E050AFE,-2.28,-7.93,30.00,0.75,0.74,0.74,BODY
672FC6937CC68E57,-1.35,-7.87,30.20,0.47,0.49,0.47,BODY
AB225B4D275BD1A1,-0.37,-8.43,30.40,0.19,0.20,0.19,BODY
7431A8E65A411953,1.25,-8.27,30.60,0.85,0.84,0.82,BODY
6F351FAC2D28CF3C,2.39,-8.45,30.00,0.83,0.78,0.76,BODY
214461D525C62402,-4.30,-8.03,30.20,0.52,0.53,0.52,BODY
0F015B95C16EAFDE,-3.08,-8.01,30.40,0.69,0.67,0.69,BODY
27400DD41149A551,-2.01,-8.05,30.60,0.76,0.75,0.75,BODY
632039DA827802EC,-0.91,-8.24,30.00,0.13,0.13,0.13,BODY
7B755DC179B1DFB6,0.35,-8.21,30.20,0.84,0.83,0.84,BODY
CFAFFBC1D8A01859,1.39,-8.24,30.40,0.86,0.85,0.83,BODY
CAC4A82343CCAF0F,2.02,-7.96,30.60,0.82,0.78,0.76,BODY
03CD1F9E77E1CD83,-4.30,-8.11,30.00,0.55,0.56,0.55,BODY
C616619811276A12,-2.88,-8.08,30.20,0.71,0.69,0.70,BODY
CCF63D58B1058961,-2.10,-8.32,30.40,0.78,0.76,0.75,BODY
EA1FBBFA3EC01B9D,-0.66,-8.21,30.60,0.16,0.16,0.17,BODY
B05DFAD49956448C,0.46,-8.23,30.00,0.86,0.85,0.84,BODY
4DC964C32B0DF5A9,1.18,-8.19,30.20,0.86,0.84,0.83,BODY
D9DE69F07AA7B640,2.62,-8.02,30.40,0.80,0.77,0.75,BODY
E20583FBF572C4D9,-3.98,-7.73,30.60,0.58,0.58,0.58,BODY
B84D0F6B27D6A953,-2.75,-7.86,30.00,0.72,0.70,0.71,BODY
030B3D0CC9C0D2E9,-1.82,-8.01,30.20,0.78,0.78,0.78,BODY
5C0C6FE23BD38C5E,-0.96,-7.73,30.40,0.22,0.21,0.22,BODY
5A61D2FAEF454EEE,0.30,-7.78,30.60,0.85,0.85,0.85,BODY
961C4034938F50C1,1.34,-7.71,30.00,0.87,0.84,0.83,BODY
D99CBA39ED94938A,2.69,-7.93,30.20,0.81,0.78,0.78,BODY
08D34DF190A307B3,-3.73,-7.80,30.40,0.61,0.62,0.61,BODY
513E4A07CFAB544A,-3.02,-7.80,30.60,0.74,0.72,0.73,BODY
3B5A94A2810CD349,-1.90,-8.10,30.00,0.78,0.77,0.76,BODY
9F1C3516D820A056,-0.79,-7.91,30.20,0.21,0.21,0.21,BODY
FF14B76589FB30A5,0.84,-8.08,30.40,0.87,0.86,0.85,BODY
72FD535CD8C867FF,1.58,-7.83,30.60,0.78,0.75,0.74,BODY
72127BFDBA826033,3.07,-8.21,30.00,0.70,0.91,0.91,BODY
C99E48A5AE798BBF,-3.89,-8.09,30.20,0.65,0.65,0.65,BODY
E6C4C09029EA3220,-2.61,-7.60,30.40,0.74,0.75,0.74,BODY
3229AB0F90FDAFF8,-1.67,-7.92,30.60,0.78,0.78,0.78,BODY
3A38C5F52BE2BCA0,-0.47,-7.90,30.00,0.19,0.19,0.19,BODY
68F5B35C97C0EB80,1.01,-8.00,30.20,0.87,0.85,0.85,BODY
F69DFD606F6EEFCA,1.83,-7.87,30.40,0.78,0.73,0.71,BODY
2E5C6CFA8A468305,-4.54,-8.13,30.60,0.52,0.53,0.52,BODY
909DEF22B478F0D7,-3.17,-7.72,30.00,0.70,0.69,0.70,BODY
9F7F08D07A01971C,-2.15,-7.90,30.20,0.75,0.74,0.74,BODY
2874CB27BC4425E3,-0.83,-8.15,30.40,0.74,0.73,0.71,BODY
5433A7AF8F255352,-0.01,-8.04,30.60,0.84,0.84,0.84,BODY
552F4C4BAD35DEEC,1.35,-7.64,30.00,0.85,0.85,0.85,BODY
03365D7FE6807B4D,2.31,-7.71,30.20,0.80,0.77,0.76,BODY
3C8C0C5186D8F134,-4.20,-7.72,30.40,0.58,0.57,0.58,BODY
D1C587B8D92C8B9C,-3.05,-7.78,30.60,0.72,0.71,0.72,BODY
34833B1C2E645F99,-1.81,-7.92,30.00,0.76,0.76,0.76,BODY
6B1311FAB750C3ED,-0.82,-8.07,30.20,0.16,0.16,0.16,BODY
ACEF6F840D8DC18D,0.11,-8.08,30.40,0.87,0.86,0.85,BODY
63AF85A802DBEA51,1.54,-7.56,30.60,0.87,0.85,0.84,BODY
6E29F8D600A00E30,2.50,-8.08,30.00,0.73,0.83,0.78,BODY
D826B96446D3C955,-4.03,-7.95,30.20,0.65,0.64,0.65,BODY
C175CE39206E5A60,-2.93,-7.67,30.40,0.74,0.73,0.74,BODY
F4F47CACAF09E50A,-1.33,-7.84,30.60,0.78,0.77,0.76,BODY
C4A4C94147400356,-0.67,-7.59,30.00,0.43,0.43,0.43,BODY
A08D290AFB5C44B4,0.51,-8.04,30.20,0.87,0.87,0.86,BODY
18CD0F85D9CFE1BB,1.79,-7.82,30.40,0.74,0.73,0.71,BODY
1ED4AC41AB79F9E8,-4.55,-7.63,30.60,0.55,0.56,0.55,BODY
B1D2FC9EDA3076B8,-3.04,-7.80,30.00,0.71,0.70,0.71,BODY
9928A852CFC6482D,-2.32,-7.63,30.20,0.76,0.75,0.74,BODY
FED10354E5D62919,-1.19,-7.81,30.40,0.74,0.75,0.74,BODY
5A23676EF297EF64,-0.18,-7.95,30.60,0.85,0.85,0.84,BODY
668C652B54969171,1.28,-7.45,30.00,0.87,0.85,0.84,BODY
FCA719D044AA0BDF,2.12,-7.69,30.20,0.72,0.84,0.86,BODY
4B8008C6DD38FE61,-3.78,-7.41,30.40,0.65,0.64,0.65,BODY
200D28CA2F5E88EA,-2.80,-7.49,30.60,0.73,0.72,0.73,BODY
3EA8D20B4D6D8D4D,-1.40,-7.70,30.00,0.78,0.78,0.78,BODY
FC8D64B9F23CDC2D,-0.34,-7.91,30.20,0.78,0.78,0.78,BODY
70BDB7B8E3C22AED,0.57,-7.54,30.40,0.87,0.86,0.85,BODY
79FB075E0A52BE40,1.99,-7.50,30.60,0.84,0.92,0.91,BODY
0AD5F7D74711FA99,-4.16,-7.52,30.00,0.59,0.59,0.59,BODY
C4E2ABBDCF7C474E,-2.95,-7.76,30.20,0.72,0.72,0.72,BODY
31888CA5C312FEF9,-1.94,-7.46,30.40,0.76,0.75,0.76,BODY
703B652DD102D2E0,-0.55,-7.70,30.60,0.78,0.76,0.74,BODY
14751E5F5EA3F5E0,0.38,-7.50,30.00,0.87,0.86,0.87,BODY
BA4660F24B54523A,1.66,-7.37,30.20,0.85,0.85,0.85,BODY
5E42CAA390EBE4FA,-3.87,-7.65,30.40,0.60,0.60,0.60,BODY
FAE6446A69DD3E42,-2.70,-7.77,30.60,0.73,0.72,0.73,BODY
9880C23B76DA5A5B,-1.77,-7.59,30.00,0.78,0.76,0.78,BODY
A4E0055A90840615,-1.00,-7.44,30.20,0.80,0.80,0.78,BODY
CEC9AC49ECB4BC4C,0.34,-7.80,30.40,0.87,0.87,0.87,BODY
EF530D9C80C0E632,1.40,-7.45,30.60,0.85,0.85,0.85,BODY
98FB615A14255BCD,-4.03,-7.23,30.00,0.61,0.60,0.61,BODY
3D71AB5C61D0ECC5,-3.01,-7.60,30.20,0.74,0.73,0.74,BODY
6C9B6E6F506CB0EE,-1.52,-7.43,30.40,0.76,0.75,0.76,BODY
D85B0E886A896C49,-0.55,-7.34,30.60,0.78,0.79,0.78,BODY
5414446C5F1FAC1D,0.38,-7.63,30.00,0.87,0.86,0.87,BODY
794A5F97B03C48E4,1.76,-7.35,30.20,0.85,0.85,0.83,BODY
6B29C4DDA5120152,-3.90,-7.74,30.40,0.65,0.65,0.65,BODY
1898948FE32A70EA,-2.48,-7.72,30.60,0.74,0.73,0.74,BODY
819AEDAFE9A507ED,-1.85,-7.22,30.00,0.78,0.76,0.75,BODY
8E5230AF0AA91E3D,-0.27,-7.46,30.20,0.82,0.81,0.82,BODY
4A38F30B4270647F,0.88,-7.47,30.40,0.87,0.87,0.87,BODY
458CF634A068F660,1.69,-7.25,30.60,0.91,0.94,0.94,BODY
79A5B0386BE91AFA,-3.62,-7.11,30.00,0.67,0.66,0.67,BODY
FA0EB75A4A0F0C1C,-2.34,-7.34,30.20,0.72,0.71,0.72,BODY
789983E55BF37F50,-1.43,-7.65,30.40,0.78,0.77,0.75,BODY
D78CBFA4B00BC711,-0.18,-7.44,30.60,0.85,0.84,0.84,BODY
B4C400893A513FE0,0.58,-7.55,30.00,0.88,0.87,0.86,BODY
4039DFF236686473,-4.85,-7.59,30.20,0.48,0.51,0.52,BODY
67107221F9B9BA83,-3.57,-7.29,30.40,0.69,0.67,0.69,BODY
CC76ADA6C1D4BA74,-2.36,-7.08,30.60,0.71,0.71,0.71,BODY
ABEEB6A8821439F3,-1.17,-7.45,30.00,0.81,0.80,0.78,BODY
DB4AC0BAB2A75EF3,0.07,-7.31,30.20,0.85,0.85,0.85,BODY
89108334439C3AE5,0.73,-7.60,30.40,0.87,0.87,0.86,BODY
BBC234F31C11A5E7,-4.30,-7.52,30.60,0.55,0.54,0.55,BODY
5422508ECDEA5FE1,-3.59,-7.41,30.00,0.71,0.70,0.71,BODY
78A39A50777A195D,-2.55,-7.12,30.20,0.68,0.69,0.68,BODY
1B6B281A2432BA96,-1.40,-7.04,30.40,0.81,0.80,0.78,BODY
88CD6941FB6BC800,-0.06,-7.18,30.60,0.87,0.86,0.85,BODY
27863D9E337DB6BA,1.09,-7.02,30.00,0.87,0.87,0.87,BODY
A25AAF518639F090,-4.55,-7.21,30.20,0.56,0.56,0.56,BODY
33F154A7122A4364,-3.29,-7.41,30.40,0.71,0.71,0.71,BODY
11A8F4BD95C7E806,-2.20,-6.97,30.60,0.65,0.65,0.65,BODY
E2356F5B6910C366,-0.89,-7.55,30.00,0.82,0.80,0.81,BODY
012EABFFF8BC5819,0.35,-7.42,30.20,0.87,0.86,0.85,BODY
6991219EC9929793,1.27,-7.48,30.40,0.87,0.87,0.86,BODY
655CA007269F1592,-4.44,-6.91,30.60,0.57,0.56,0.57,BODY
00A49061B30D57BD,-3.15,-7.07,30.00,0.72,0.72,0.72,BODY
A2A9D72EC5EBA790,-2.13,-7.08,30.20,0.61,0.60,0.61,BODY
3097D0DE6668EA9A,-1.18,-7.01,30.40,0.82,0.82,0.82,BODY
602F428E3EDDF5CD,0.01,-6.94,30.60,0.88,0.87,0.87,BODY
86718FCD516B64F9,1.22,-7.12,30.00,0.87,0.87,0.86,BODY
2FD9CC129FAC7197,-4.43,-7.32,30.20,0.58,0.59,0.58,BODY
53C0263D87252EC6,-3.06,-6.93,30.40,0.73,0.73,0.73,BODY
DD17727D9DD8A87D,-1.75,-7.02,30.60,0.09,0.11,0.13,BODY
297581082BCA111E,-0.62,-7.09,30.00,0.84,0.83,0.82,BODY
352B390FDC185F74,0.49,-7.08,30.20,0.88,0.87,0.87,BODY
1AAB90EE17DBEE86,1.27,-7.04,30.40,0.86,0.86,0.86,BODY
708A76AB98931F26,-4.22,-6.86,30.60,0.59,0.59,0.59,BODY
068E161EFF778354,-2.86,-7.17,30.00,0.71,0.73,0.71,BODY
02B597F94C7EE1D2,-2.10,-7.11,30.20,0.09,0.11,0.13,BODY
1E11639B0BF57C6A,-0.70,-7.12,30.40,0.84,0.83,0.82,BODY
D1B1EFBB7E33A8F3,0.37,-6.95,30.60,0.88,0.87,0.87,BODY
DFE5AD674D0F506D,1.54,-7.17,30.00,0.85,0.85,0.85,BODY
CF8CD6908032764B,-4.08,-6.94,30.20,0.62,0.61,0.62,BODY
8FA6B7003187C80C,-2.56,-7.11,30.40,0.68,0.67,0.68,BODY
BF40AE03B522C392,-1.93,-7.05,30.60,0.14,0.14,0.15,BODY
6E9BEC56C867ADB3,-0.61,-6.92,30.00,0.85,0.85,0.84,BODY
13F7B09762D60100,0.90,-7.32,30.20,0.88,0.87,0.87,BODY
9A1F04E3D4C2A58B,1.69,-7.20,30.40,0.85,0.85,0.84,BODY
5DCF7A3D6634B4BE,-3.54,-7.00,30.60,0.65,0.66,0.65,BODY
086ABE1DD35776BE,-2.39,-7.29,30.00,0.67,0.67,0.67,BODY
637F7385E007C9A8,-1.40,-7.20,30.20,0.14,0.15,0.14,BODY
590E56D5137E2F11,-0.31,-6.71,30.40,0.85,0.85,0.85,BODY
20988028758780B6,0.60,-6.84,30.60,0.88,0.87,0.87,BODY
7D5B557E7DA1C44E,1.59,-6.86,30.00,0.97,0.97,0.97,BODY
BBA17D9A713BB1EC,-3.59,-6.72,30.20,0.68,0.68,0.68,BODY
5194F84D44206A9F,-2.48,-6.89,30.40,0.62,0.64,0.65,BODY
E814BDF0E1AA5C83,-1.33,-7.04,30.60,0.13,0.13,0.13,BODY
523CDF976A4B582A,-0.01,-7.09,30.00,0.86,0.85,0.86,BODY
A4E9F21A90362724,1.00,-7.16,30.20,0.88,0.87,0.87,BODY
99A11D6E74335425,-4.53,-6.90,30.40,0.52,0.53,0.52,BODY
E9DB830D02721870,-3.28,-6.68,30.60,0.71,0.70,0.71,BODY
B9F33F21A1623CF3,-2.31,-6.96,30.00,0.61,0.60,0.61,BODY
C28D24F08B309E36,-1.12,-7.08,30.20,0.47,0.47,0.47,BODY
F9F86E6FEE9801CE,-0.12,-7.06,30.40,0.87,0.86,0.85,BODY
33B3CB042DB07E46,1.26,-7.11,30.60,0.87,0.87,0.87,BODY
EB2151F6C35C036A,-4.30,-6.75,30.00,0.56,0.56,0.56,BODY
9E3E9C548CD64D2A,-3.12,-7.04,30.20,0.73,0.72,0.73,BODY
4FDF9989FE7EDB7A,-2.35,-6.74,30.40,0.08,0.09,0.09,BODY
A334EA1C78DF264E,-0.80,-6.98,30.60,0.78,0.78,0.78,BODY
16C61B465749044E,-0.04,-6.82,30.00,0.87,0.87,0.86,BODY
698F3C1544C3B3D7,1.39,-7.05,30.20,0.87,0.87,0.87,BODY
AD17D84034AF17BB,-4.33,-6.57,30.40,0.58,0.59,0.58,BODY
94570E66871A3E8B,-2.89,-6.95,30.60,0.73,0.72,0.73,BODY
CBFF1B46F793DD12,-1.80,-6.85,30.00,0.16,0.17,0.19,BODY
CE999D3B95E3E37A,-0.81,-6.59,30.20,0.81,0.81,0.81,BODY
1FCC4E5A0F7DB5DF,0.17,-6.86,30.40,0.88,0.87,0.87,BODY
2FD42C83634E7E85,1.59,-6.61,30.60,0.88,0.87,0.87,BODY
B0E54A19DA45CD30,-3.92,-6.98,30.00,0.58,0.60,0.60,BODY
E689D15EC40523D0,-3.08,-6.82,30.20,0.71,0.71,0.71,BODY
500C31D27DBBD1B8,-2.01,-6.95,30.40,0.16,0.17,0.19,BODY
E41D5C69A5061B2E,-0.80,-6.78,30.60,0.84,0.83,0.83,BODY
E31577C2FCA9CB31,0.48,-7.03,30.00,0.88,0.87,0.87,BODY
B11AB83EE2A8C79D,1.32,-6.97,30.20,0.87,0.86,0.86,BODY
EB5A195FB5CA645E,-3.70,-6.79,30.40,0.62,0.62,0.62,BODY
900ACEF7FB94D7F5,-2.76,-6.76,30.60,0.69,0.68,0.69,BODY
AFCFE2B27EF8968A,-1.98,-6.67,30.00,0.26,0.27,0.29,BODY
4843476001BB4B6A,-0.82,-6.69,30.20,0.85,0.85,0.84,BODY
44B347BBEC72379B,0.74,-6.87,30.40,0.88,0.87,0.87,BODY
2AD9F51D2394A854,1.71,-6.70,30.60,0.87,0.85,0.86,BODY
E50A8F0ABECFEFB0,-3.59,-6.78,30.00,0.65,0.65,0.65,BODY
E77686A555C122C3,-2.87,-6.81,30.20,0.68,0.67,0.68,BODY
92BD3B5CB8401F28,-1.36,-6.42,30.40,0.19,0.20,0.21,BODY
5840F95D3BA087C0,-0.16,-6.68,30.60,0.86,0.85,0.84,BODY
82CFC4D651D3242B,0.94,-6.79,30.00,0.89,0.88,0.89,BODY
CEEBF6130598AEC6,1.74,-6.53,30.20,0.91,0.91,0.87,BODY
091BF487C18E9D16,-3.84,-6.32,30.40,0.71,0.70,0.71,BODY
B1A8C0964DF4F34C,-2.58,-6.37,30.60,0.58,0.59,0.61,BODY
500FEE557A29D935,-1.42,-6.42,30.00,0.32,0.34,0.35,BODY
44940169FE95BE08,-0.39,-6.49,30.20,0.87,0.87,0.86,BODY
575404774F44819D,1.08,-6.44,30.40,0.88,0.87,0.88,BODY
1024E859F8A99BA7,-4.54,-6.65,30.60,0.55,0.56,0.55,BODY
4636F24C999E0943,-3.67,-6.27,30.00,0.73,0.72,0.73,BODY
F7BCF21ECE3FD30E,-2.38,-6.59,30.20,0.09,0.11,0.13,BODY
533D8CE4FBDE7F70,-1.17,-6.40,30.40,0.18,0.19,0.20,BODY
334DDFC81ADE47C5,-0.25,-6.52,30.60,0.87,0.86,0.85,BODY
0C1D63E1D01490CF,1.20,-6.59,30.00,0.88,0.87,0.88,BODY
131A6C0325439DA3,-4.48,-6.39,30.20,0.57,0.59,0.60,BODY
A51DADAF35EC7B28,-3.21,-6.33,30.40,0.74,0.75,0.74,BODY
10A81A798D6976B5,-2.34,-6.45,30.60,0.15,0.16,0.17,BODY
0D7C7C65EB7A4991,-1.14,-6.29,30.00,0.64,0.62,0.62,BODY
E7557ABD1ECC55CC,-0.02,-6.31,30.20,0.87,0.87,0.86,BODY
F08CBE509818565F,1.25,-6.58,30.40,0.88,0.87,0.87,BODY
6F9DF0670CAA8326,-4.02,-6.70,30.60,0.58,0.60,0.60,BODY
83FD4A712AFA1E19,-3.10,-6.28,30.00,0.74,0.73,0.74,BODY
6B652E630972142D,-1.89,-6.33,30.20,0.19,0.19,0.19,BODY
58FFD07D80448148,-0.81,-6.16,30.40,0.85,0.83,0.82,BODY
058F14C71BE32E1A,0.60,-6.75,30.60,0.88,0.87,0.88,BODY
B03AF03904015724,1.59,-6.70,30.00,0.87,0.87,0.87,BODY
ACCB9C7467341C84,-4.00,-6.63,30.20,0.62,0.62,0.64,BODY
39D87CB0A2E9D5F3,-2.91,-6.15,30.40,0.70,0.70,0.70,BODY
FECFE445AE74FA1C,-1.92,-6.58,30.60,0.26,0.27,0.26,BODY
93D9893D3980A40C,-0.56,-6.50,30.00,0.86,0.85,0.84,BODY
4DB5E8E10D77F9BB,0.84,-6.49,30.20,0.88,0.87,0.88,BODY
D1117F809C965C25,1.61,-6.64,30.40,0.87,0.87,0.87,BODY
14A178D93A991ABD,-3.72,-6.49,30.60,0.69,0.68,0.69,BODY
49A3BA1CBFCB0916,-2.84,-6.23,30.00,0.67,0.67,0.67,BODY
B3DC79EE51DD0AFC,-1.22,-6.32,30.20,0.19,0.19,0.19,BODY
541E30E1FD15D6B1,-0.48,-6.42,30.40,0.87,0.85,0.85,BODY
DC0CDB14D138614C,1.05,-6.36,30.60,0.87,0.88,0.88,BODY
63F8AD4951FB9BAF,-4.69,-6.44,30.00,0.58,0.57,0.55,BODY
046636567E4BEDA1,-3.63,-6.38,30.20,0.73,0.72,0.73,BODY
F14CB071573C82FF,-2.08,-6.13,30.40,0.16,0.16,0.16,BODY
426FC6FA7504C9C1,-1.33,-6.48,30.60,0.28,0.28,0.28,BODY
69B45F1024B40305,-0.16,-6.31,30.00,0.88,0.87,0.87,BODY
29C7F877EA1C63D7,1.13,-6.31,30.20,0.88,0.88,0.88,BODY
91582E2156B83C33,-4.33,-5.96,30.40,0.59,0.59,0.59,BODY
C47B7D547F7C796D,-3.02,-6.00,30.60,0.76,0.75,0.74,BODY
818B8414F41D8C78,-1.80,-6.41,30.00,0.20,0.21,0.22,BODY
2EA836EF4176EA5F,-1.14,-5.99,30.20,0.84,0.83,0.81,BODY
E9EA091DFBDC03B9,0.22,-6.48,30.40,0.88,0.87,0.87,BODY
8A99ED6B04AF2F56,1.56,-6.23,30.60,0.87,0.86,0.87,BODY
F9EF691F8C428453,-4.12,-6.28,30.00,0.64,0.64,0.64,BODY
D153795BCCC38AFB,-2.55,-5.91,30.20,0.74,0.75,0.74,BODY
3B9E3EFCCCEECC0E,-1.68,-5.95,30.40,0.19,0.19,0.19,BODY
04E577A94EE6594F,-0.27,-6.37,30.60,0.85,0.85,0.85,BODY
5D08730BC29149A8,0.47,-6.32,30.00,0.88,0.88,0.88,BODY
839AE758769DF137,1.77,-5.98,30.20,0.88,0.89,0.88,BODY
5F5D08CDDB31CE18,-3.83,-6.26,30.40,0.71,0.70,0.71,BODY
5ADAE032EB0C81DA,-2.46,-6.16,30.60,0.68,0.67,0.68,BODY
B435BD7086DD0129,-1.47,-6.39,30.00,0.24,0.25,0.25,BODY
09031D29A47558F9,-0.06,-6.07,30.20,0.87,0.85,0.85,BODY
EC0665FF427A86C6,1.07,-6.40,30.40,0.88,0.88,0.88,BODY
CACCABC6E28907D2,-4.35,-5.91,30.60,0.62,0.63,0.64,BODY
956391424E2ADD30,-3.03,-6.04,30.00,0.74,0.74,0.73,BODY
E69AD056BEC06DB1,-1.97,-6.34,30.20,0.13,0.13,0.14,BODY
802E96FE65AA59F1,-0.96,-6.07,30.40,0.20,0.20,0.21,BODY
2ACFADC8B72EE1B3,0.25,-6.14,30.60,0.88,0.87,0.87,BODY
7D5C323702BF4F76,1.46,-5.94,30.00,0.88,0.87,0.87,BODY
5DADC0A7461E617C,-4.30,-5.84,30.20,0.60,0.60,0.60,BODY
79AA2C459562EFA8,-3.15,-6.24,30.40,0.76,0.76,0.76,BODY
B45B42DA5C3AAD7B,-1.98,-6.18,30.60,0.19,0.19,0.19,BODY
A52C31223C2B02B1,-0.58,-6.17,30.00,0.86,0.85,0.83,BODY
8301DE5E2C8DFF38,0.20,-6.10,30.20,0.87,0.87,0.87,BODY
2C1886FEB9251296,1.82,-6.01,30.40,0.86,0.86,0.86,BODY
08B4122C47BF0847,-3.65,-5.74,30.60,0.69,0.67,0.67,BODY
4A8A7847051A3934,-2.90,-6.24,30.00,0.71,0.71,0.71,BODY
2E9A45CE8324D47F,-1.51,-6.28,30.20,0.16,0.17,0.16,BODY
D75D1F00FF0AC9FD,-0.22,-6.13,30.40,0.86,0.86,0.86,BODY
B6998A7ACA5A297B,0.67,-6.12,30.60,0.87,0.88,0.87,BODY
9D1EB25C3AE4A711,-4.37,-5.93,30.00,0.52,0.59,0.65,BODY
385CF17B75830439,-3.11,-6.13,30.20,0.74,0.75,0.74,BODY
D277AF51FD381E2C,-2.41,-6.18,30.40,0.20,0.22,0.24,BODY
E5C513D8929F6CD9,-0.99,-5.93,30.60,0.55,0.54,0.55,BODY
597DE85581301104,0.23,-5.97,30.00,0.87,0.86,0.87,BODY
AA310910AD2E897E,1.40,-5.76,30.20,0.87,0.87,0.87,BODY
0C963365084CF390,-4.07,-5.65,30.40,0.61,0.60,0.61,BODY
DB6966DB35A42978,-2.73,-5.89,30.60,0.75,0.76,0.75,BODY
C399155AF368EF06,-1.73,-5.65,30.00,0.17,0.18,0.18,BODY
ECC0FEF3BC504033,-0.36,-5.81,30.20,0.85,0.85,0.84,BODY
36F0A1920FAA1A4F,0.81,-5.73,30.40,0.88,0.88,0.88,BODY
E279F5BD579938BB,1.45,-6.05,30.60,0.88,0.87,0.87,BODY
BAD9EC28FC9870E1,-3.34,-6.06,30.00,0.74,0.73,0.71,BODY
59E125E27691BF0E,-2.64,-6.06,30.20,0.68,0.68,0.68,BODY
BCCBA578E6BFB350,-1.34,-5.61,30.40,0.19,0.19,0.19,BODY
99D5BC549DC6B637,-0.16,-5.65,30.60,0.87,0.86,0.87,BODY
B20CED9010F7D96F,0.71,-5.79,30.00,0.88,0.88,0.88,BODY
914CF3DE464B1249,-4.15,-5.78,30.20,0.64,0.64,0.64,BODY
7005CE1987FC8E39,-3.29,-6.02,30.40,0.78,0.76,0.74,BODY
EA1FDC46946DF3A1,-2.20,-5.74,30.60,0.16,0.17,0.19,BODY
E206A0392A5CE307,-0.69,-5.93,30.00,0.84,0.83,0.84,BODY
63D49AB821F42F13,0.18,-5.51,30.20,0.87,0.87,0.87,BODY
9B8C971E348A36CC,1.42,-5.99,30.40,0.87,0.86,0.86,BODY
96A0BAD54CCA24A8,-3.44,-5.98,30.60,0.68,0.68,0.68,BODY
C09DEAB3F87238FA,-2.49,-5.99,30.00,0.76,0.77,0.76,BODY
4E7647A755D94FA7,-1.33,-5.90,30.20,0.17,0.19,0.18,BODY
7CF645176F08A138,-0.03,-5.88,30.40,0.87,0.86,0.87,BODY
6A71F0F250F70FD1,0.98,-5.76,30.60,0.87,0.88,0.87,BODY
6C307946EE67FBEC,-4.17,-5.41,30.00,0.68,0.65,0.65,BODY
9A9D25F053F27949,-3.02,-5.69,30.20,0.76,0.75,0.74,BODY
A91F8C16CD84672F,-2.12,-5.88,30.40,0.16,0.17,0.19,BODY
53C2CC21971CFDCC,-0.96,-5.54,30.60,0.84,0.84,0.84,BODY
343B08F462D196EE,0.15,-5.94,30.00,0.87,0.86,0.87,BODY
C600808B7F3E2798,1.44,-5.53,30.20,0.87,0.86,0.86,BODY
BC581FEC7BFF5B11,-3.47,-5.71,30.40,0.67,0.67,0.67,BODY
24D62CACF4FF63F7,-2.33,-5.69,30.60,0.78,0.78,0.78,BODY
BF72A95ECB0DA84C,-1.55,-5.60,30.00,0.17,0.19,0.18,BODY
C2F99FA400496AAD,-0.32,-5.56,30.20,0.87,0.86,0.87,BODY
3755E2B26569A0CE,0.89,-5.89,30.40,0.87,0.88,0.87,BODY
B096E948513CA305,-4.37,-5.35,30.60,0.61,0.59,0.61,BODY
54E694B75AD9BAC9,-3.34,-5.81,30.00,0.76,0.75,0.74,BODY
4099CEF86C8FECCB,-2.20,-5.59,30.20,0.58,0.57,0.58,BODY
4A141CB9EC68C8C7,-1.11,-5.57,30.40,0.86,0.86,0.85,BODY
F884D4D54093CA6B,-0.03,-5.76,30.60,0.87,0.86,0.87,BODY
0195D3484D017412,1.59,-5.36,30.00,0.87,0.86,0.87,BODY
03637A40F9AFB89B,-3.92,-5.35,30.20,0.68,0.67,0.68,BODY
5A093BEB8FC926B5,-2.62,-5.44,30.40,0.78,0.77,0.78,BODY
95EE69FC8058A45E,-1.61,-5.52,30.60,0.61,0.61,0.61,BODY
1EBE720794C19640,-0.42,-5.40,30.00,0.87,0.85,0.86,BODY
329CDF6AD2BF6D8D,0.58,-5.72,30.20,0.88,0.87,0.88,BODY
BC43CA24443EC06D,-4.50,-5.27,30.40,0.65,0.65,0.65,BODY
A64178B3B6924CBD,-2.77,-5.23,30.60,0.76,0.75,0.74,BODY
00289B5119B5D9F5,-1.98,-5.59,30.00,0.74,0.73,0.74,BODY
9D3EBF677BC5B028,-0.67,-5.54,30.20,0.85,0.85,0.84,BODY
F5E139F1F958369A,0.19,-5.76,30.40,0.87,0.86,0.87,BODY
CFE2314881ED74C0,1.50,-5.58,30.60,0.87,0.85,0.86,BODY
CD5E11E41BFC09C8,-3.39,-5.27,30.00,0.70,0.70,0.70,BODY
9A252482373A64D2,-2.13,-5.35,30.20,0.80,0.78,0.76,BODY
21148EBB3402F88B,-0.99,-5.55,30.40,0.78,0.76,0.78,BODY
FA40DB754613833D,-0.26,-5.63,30.60,0.87,0.86,0.87,BODY
BDE6431DF56D94C1,1.21,-5.27,30.00,0.88,0.87,0.87,BODY
095B181BC8F0957E,-4.19,-5.22,30.20,0.65,0.65,0.65,BODY
22923ACF97C29CDB,-2.57,-5.36,30.40,0.76,0.77,0.76,BODY
E9F7672E59BCE5D0,-1.90,-5.50,30.60,0.74,0.75,0.74,BODY
67798ED81B1BCE74,-0.51,-5.63,30.00,0.85,0.85,0.85,BODY
95A6AFF2AF742B97,0.58,-5.45,30.20,0.87,0.87,0.87,BODY
70CBA1DABC19E2D0,1.55,-5.66,30.40,0.52,0.71,0.81,BODY
AC5138E6F83CEBF1,-3.47,-5.23,30.60,0.71,0.71,0.71,BODY
D1ACB5BF2772A31A,-1.97,-5.27,30.00,0.80,0.78,0.76,BODY
EB5058A2482B4BB2,-0.75,-5.35,30.20,0.85,0.84,0.84,BODY
B04108E934B35E98,-0.03,-5.39,30.40,0.87,0.86,0.87,BODY
5F969ADFC28F3814,1.35,-5.10,30.60,0.86,0.86,0.85,BODY
7E2E46BA4E50E78E,-3.79,-5.22,30.00,0.67,0.67,0.67,BODY
17CEE07A768970CA,-2.66,-5.15,30.20,0.78,0.78,0.78,BODY
6DAB43845E4C2C37,-1.26,-5.03,30.40,0.82,0.80,0.80,BODY
A872B4105F710CD8,-0.50,-5.23,30.60,0.86,0.85,0.86,BODY
DFB7C69FFD93F471,1.07,-5.28,30.00,0.88,0.87,0.87,BODY
17C11044E5942C0E,-3.89,-5.51,30.20,0.67,0.67,0.67,BODY
A2B8A3DCFFB28C89,-3.06,-5.29,30.40,0.75,0.76,0.75,BODY
98EFAB51016FDB91,-1.55,-5.38,30.60,0.81,0.80,0.81,BODY
D67E9EC9EFA82658,-0.32,-5.39,30.00,0.85,0.85,0.85,BODY
6AD7FF70A82B5573,0.61,-5.38,30.20,0.88,0.87,0.87,BODY
B0E1E6151A8EC42C,-3.98,-5.07,30.40,0.72,0.79,0.80,BODY
E33EDE5CE334EA58,-2.79,-4.92,30.60,0.73,0.73,0.73,BODY
5CB35DBB3F3B0C21,-1.99,-5.25,30.00,0.81,0.78,0.78,BODY
F7F26A54E18491C1,-0.76,-5.00,30.20,0.85,0.85,0.85,BODY
C2AE7CBEAA6B49DE,0.33,-5.27,30.40,0.87,0.86,0.86,BODY
14F4293010A3CF36,1.38,-5.13,30.60,0.84,0.86,0.86,BODY
8A6D8529D6286441,-3.50,-5.06,30.00,0.69,0.67,0.69,BODY
18C69324CBDB682E,-1.98,-5.03,30.20,0.81,0.79,0.78,BODY
B4030AAE6ACA570F,-1.12,-5.27,30.40,0.84,0.83,0.83,BODY
54D6D5948F8998D1,0.11,-5.13,30.60,0.86,0.86,0.86,BODY
DA3869316CE08DCF,1.38,-5.38,30.00,0.85,0.85,0.85,BODY
DFAC8E9E2DD62474,-3.23,-5.27,30.20,0.67,0.65,0.67,BODY
D58D22039166F9B0,-2.13,-4.84,30.40,0.78,0.77,0.78,BODY
E3ED78C8B5C6E07E,-1.46,-5.36,30.60,0.83,0.82,0.83,BODY
E0C657485179B437,0.07,-5.14,30.00,0.86,0.85,0.86,BODY
31894AB9C2BB5D90,1.21,-5.38,30.20,0.87,0.87,0.87,BODY
0B04D8595A057851,-3.76,-5.15,30.40,0.65,0.65,0.65,BODY
91640234AF0FBDEC,-2.56,-4.97,30.60,0.78,0.76,0.74,BODY
4A8C4C892A776E8A,-1.25,-5.24,30.00,0.83,0.82,0.81,BODY
943F08835E264657,-0.20,-4.97,30.20,0.86,0.85,0.86,BODY
E275E86CE19DB98F,0.97,-5.12,30.40,0.87,0.87,0.86,BODY
27BCF3228A158E32,-3.68,-5.06,30.60,0.67,0.65,0.67,BODY
B6641BDAA81AF196,-2.81,-4.71,30.00,0.78,0.75,0.74,BODY
AA30668BC2A99AFD,-1.37,-5.24,30.20,0.84,0.83,0.81,BODY
A02CA152961E37AA,-0.49,-5.10,30.40,0.87,0.85,0.86,BODY
69DB51DADC27F0CB,0.75,-5.04,30.60,0.87,0.86,0.85,BODY
574176AFC6333EB1,-3.79,-4.87,30.00,0.67,0.65,0.67,BODY
CDFB3374E8D0FCB5,-2.38,-4.72,30.20,0.75,0.73,0.73,BODY
A0853A632ECB85E6,-1.67,-5.03,30.40,0.84,0.83,0.81,BODY
09BAF7803A51645A,-0.11,-5.08,30.60,0.87,0.85,0.85,BODY
64AA11385CFD0882,0.67,-4.67,30.00,0.87,0.86,0.85,BODY
7AACAEFB4C9AC5B9,-3.64,-4.84,30.20,0.62,0.61,0.62,BODY
C1173A005230FF67,-2.36,-5.16,30.40,0.75,0.74,0.74,BODY
E9C44530AA80CDD0,-1.78,-4.92,30.60,0.83,0.82,0.80,BODY
EB2B57F2F88A08E8,-0.31,-4.90,30.00,0.87,0.85,0.86,BODY
BD62DE446053D586,0.60,-5.10,30.20,0.87,0.86,0.86,BODY
828E6D3367A8007C,-3.44,-5.06,30.40,0.58,0.57,0.58,BODY
4EB19A94BDCEDD8E,-2.43,-4.58,30.60,0.74,0.73,0.74,BODY
B256159AE5674ECA,-1.53,-4.93,30.00,0.82,0.82,0.82,BODY
EE131A3965559E33,-0.32,-4.98,30.20,0.87,0.85,0.86,BODY
9ED104D841697E13,0.94,-4.62,30.40,0.87,0.86,0.86,BODY
DB629A7A1C77DC0F,-3.68,-4.93,30.60,0.59,0.60,0.59,BODY
92C0C1C19A3584BC,-2.63,-4.59,30.00,0.74,0.73,0.74,BODY
B2BB992851A5570E,-1.64,-4.54,30.20,0.83,0.82,0.81,BODY
D513BB8DC096F80A,-0.45,-4.58,30.40,0.86,0.85,0.86,BODY
06E266B4AC7C0FE6,1.04,-4.62,30.60,0.86,0.85,0.86,BODY
9BB925D06687D3F1,-3.51,-4.67,30.00,0.61,0.62,0.61,BODY
074332E00D9BBE91,-2.30,-4.63,30.20,0.75,0.73,0.74,BODY
B0FC4D67120B3C50,-1.46,-4.62,30.40,0.83,0.82,0.83,BODY
4446642413E1DEA4,0.24,-4.48,30.60,0.85,0.85,0.85,BODY
6F2782C164D98143,1.13,-4.77,30.00,0.86,0.86,0.86,BODY
89EC137D35B3294D,-3.41,-4.89,30.20,0.65,0.65,0.65,BODY
84F36DD31AD32622,-2.22,-4.95,30.40,0.76,0.75,0.76,BODY
BB2E49C21A9A09C5,-0.98,-4.65,30.60,0.83,0.83,0.83,BODY
D9BFD6FF227C7CBA,0.08,-4.43,30.00,0.86,0.85,0.86,BODY
D935D1D574190258,1.24,-4.42,30.20,0.93,0.93,0.93,BODY
AC3D0C41A10DFA33,-2.92,-4.87,30.40,0.68,0.68,0.68,BODY
1D6A306481A5F84E,-1.57,-4.47,30.60,0.78,0.76,0.78,BODY
D8CC59AA60E41A5C,-0.94,-4.90,30.00,0.84,0.84,0.84,BODY
B1C5344FE6E88AA9,0.45,-4.35,30.20,0.86,0.85,0.86,BODY
D6F7794C9A38BA40,-3.90,-4.33,30.40,0.56,0.60,0.61,BODY
1DAFE5E3BA9650A0,-2.88,-4.72,30.60,0.71,0.70,0.71,BODY
55EE1595375F15E2,-1.67,-4.47,30.00,0.78,0.77,0.78,BODY
68B000541E9D4FCC,-0.65,-4.90,30.20,0.86,0.85,0.86,BODY
7AF5AE966E422A56,1.03,-4.77,30.40,0.85,0.85,0.85,BODY
4139AC7E663DECAC,-3.33,-4.36,30.60,0.57,0.56,0.57,BODY
0A96AC2B2F60741B,-2.47,-4.35,30.00,0.74,0.73,0.74,BODY
80BB1B70E58B8420,-1.14,-4.65,30.20,0.83,0.82,0.80,BODY
D212C0D878BC3920,-0.09,-4.85,30.40,0.85,0.85,0.85,BODY
A200CCFF28842D3F,1.40,-4.79,30.60,0.86,0.87,0.86,BODY
F0D4A8D053347125,-2.97,-4.72,30.00,0.64,0.64,0.64,BODY
C521D7DCAEEB9073,-2.12,-4.77,30.20,0.75,0.73,0.75,BODY
6F4B96031D9E94BC,-0.83,-4.63,30.40,0.84,0.83,0.84,BODY
A359729B0C95B3EE,0.10,-4.42,30.60,0.86,0.85,0.86,BODY
96E79CD6049A9EB3,-3.97,-4.75,30.00,0.45,0.46,0.45,BODY
ED91AB0B33374BA4,-2.71,-4.53,30.20,0.71,0.70,0.71,BODY
EFBE626270A1FFF8,-1.33,-4.55,30.40,0.78,0.76,0.78,BODY
FE2F5F7C88D1F5C1,-0.47,-4.71,30.60,0.86,0.85,0.86,BODY
BD48FE246698E5A2,0.68,-4.50,30.00,0.85,0.84,0.85,BODY
18AA604E72CC2344,-3.08,-4.31,30.20,0.52,0.51,0.52,BODY
4BA447EF6C25215A,-2.39,-4.25,30.40,0.72,0.71,0.72,BODY
32552566A9E2D590,-0.83,-4.22,30.60,0.80,0.78,0.80,BODY
19D96564D952E62F,-0.04,-4.30,30.00,0.85,0.85,0.85,BODY
CCFC6630DBB8902F,1.05,-4.50,30.20,0.94,0.92,0.91,BODY
DBC556C2BF0F83DB,-2.80,-4.34,30.40,0.57,0.57,0.57,BODY
CCC6AF41F39D75C4,-1.66,-4.22,30.60,0.74,0.75,0.74,BODY
BF49991EBA41AE46,-0.41,-4.31,30.00,0.83,0.82,0.83,BODY
8C67C181CDFE059A,0.48,-4.22,30.20,0.85,0.85,0.85,BODY
FCB5B1D51C9ED1AA,-3.92,-4.59,30.40,0.52,0.51,0.52,BODY
165F6DD483CA60F5,-2.43,-4.15,30.60,0.64,0.64,0.64,BODY
DC2D14C8E9312172,-1.10,-4.48,30.00,0.76,0.77,0.76,BODY
0472AC36A0B4B9C3,-0.34,-4.09,30.20,0.85,0.84,0.85,BODY
3ED1CD4543D86EAD,0.88,-4.55,30.40,0.84,0.83,0.84,BODY
92BEA38CCFD85238,-3.02,-4.55,30.60,0.55,0.56,0.55,BODY
1375D49C31BA2E3D,-2.36,-4.35,30.00,0.70,0.69,0.70,BODY
D1188BC3B6BA82E2,-1.01,-4.21,30.20,0.80,0.79,0.78,BODY
2AFCA785BEAD9C64,-0.03,-4.20,30.40,0.85,0.85,0.85,BODY
558BD018B6446375,-3.89,-4.34,30.60,0.48,0.49,0.48,BODY
A40901B0DB95604D,-2.86,-4.40,30.00,0.63,0.64,0.63,BODY
03BDC82389C9087C,-1.68,-4.50,30.20,0.74,0.73,0.74,BODY
434659A1595BEDBA,-0.65,-4.36,30.40,0.83,0.82,0.80,BODY
4EB55895BC3AC3B2,0.91,-3.96,30.60,0.84,0.84,0.84,BODY
59584FB5283E2D52,-3.51,-3.97,30.00,0.55,0.56,0.55,BODY
C3EFA5C77275628F,-2.10,-3.99,30.20,0.67,0.66,0.65,BODY
0EBB437C32C6B579,-0.95,-3.93,30.40,0.75,0.74,0.75,BODY
72EC3AB7F6E19764,-0.24,-4.04,30.60,0.85,0.83,0.84,BODY
528AC5695F94A207,1.30,-4.44,30.00,0.55,0.64,0.78,BODY
37B76C04DE69A427,-2.69,-3.88,30.20,0.61,0.61,0.61,BODY
F00BC3A6DA037504,-1.64,-4.09,30.40,0.69,0.67,0.69,BODY
729EB70F9EB7B741,-0.42,-4.31,30.60,0.78,0.79,0.78,BODY
2C821283A75D4A82,0.65,-4.33,30.00,0.84,0.83,0.84,BODY
F3AB2404FCBA339A,-3.76,-3.79,30.20,0.55,0.56,0.55,BODY
51DD23E2E7CEF7DB,-2.73,-3.86,30.40,0.68,0.68,0.68,BODY
6D2A8BA0C15626C1,-1.34,-3.82,30.60,0.75,0.73,0.73,BODY
7ECD04567B4B6E64,-0.35,-3.91,30.00,0.84,0.83,0.84,BODY
444FA6D87A0BAF1B,0.99,-4.10,30.20,0.78,0.80,0.81,BODY
AD8459D130E0612F,-3.20,-4.28,30.40,0.65,0.65,0.65,BODY
4530F4C36E85828D,-2.07,-3.80,30.60,0.71,0.70,0.71,BODY
88B8112D2D35C7F4,-1.03,-4.30,30.00,0.78,0.78,0.78,BODY
FCD2C6AA4A9E58A6,0.20,-4.06,30.20,0.83,0.82,0.83,BODY
9477AEBDC7C078BB,-3.40,-4.17,30.40,0.55,0.56,0.55,BODY
B6B05612105B0018,-2.38,-4.15,30.60,0.72,0.71,0.71,BODY
2A7DABB9E826F6A1,-1.17,-3.71,30.00,0.72,0.71,0.69,BODY
1BD15D72F041E69A,-0.16,-4.13,30.20,0.83,0.82,0.83,BODY
95D2ED5830B65BD3,-4.01,-4.10,30.40,0.64,0.69,0.70,BODY
06480168678E4C05,-3.15,-4.02,30.60,0.69,0.68,0.67,BODY
BD68BAE5DDEFA26B,-1.98,-3.95,30.00,0.72,0.71,0.70,BODY
4D364247B8575DE6,-0.95,-4.00,30.20,0.78,0.78,0.78,BODY
23405ECF5C32CC50,0.40,-3.64,30.40,0.82,0.80,0.82,BODY
366005EA3EC08E6B,-3.31,-3.92,30.60,0.59,0.59,0.59,BODY
1F73E8A006044FDA,-2.05,-4.03,30.00,0.73,0.72,0.71,BODY
4F8955930A462350,-1.41,-3.82,30.20,0.71,0.71,0.71,BODY
78988F77FD2B4646,-0.13,-3.78,30.40,0.83,0.82,0.83,BODY
E58ECF0BCF5F0093,-4.10,-4.05,30.60,0.53,0.53,0.53,BODY
313EE291011E43B7,-2.57,-3.64,30.00,0.72,0.71,0.71,BODY
98326A3ED3D9D31D,-1.39,-3.68,30.20,0.75,0.73,0.72,BODY
34E3235CF4665D48,-0.41,-3.86,30.40,0.78,0.78,0.78,BODY
F39A2B00715A984B,0.91,-4.05,30.60,0.91,0.94,0.97,BODY
6A2981E441648BA8,-2.93,-3.61,30.00,0.68,0.67,0.68,BODY
B66EB4BC5D263FE3,-1.92,-3.94,30.20,0.73,0.73,0.73,BODY
BF457555B1B4C867,-0.96,-3.90,30.40,0.75,0.73,0.73,BODY
DAF848CA3DEF0D05,0.23,-3.50,30.60,0.81,0.80,0.81,BODY
807D532DCC0A4524,-3.41,-3.60,30.00,0.60,0.60,0.60,BODY
9A8FE2B4FBC450AB,-2.19,-3.93,30.20,0.76,0.74,0.73,BODY
179FE6AFA75B28D3,-1.11,-3.95,30.40,0.75,0.75,0.75,BODY
51827DBA32B20C50,0.10,-3.57,30.60,0.80,0.80,0.80,BODY
5A9647CC5947931E,-3.73,-3.46,30.00,0.57,0.56,0.56,BODY
945422B3B1100DB4,-2.60,-3.42,30.20,0.74,0.73,0.71,BODY
11824D6D6570B149,-1.37,-3.68,30.40,0.78,0.76,0.74,BODY
E0283C597769B6A5,-0.55,-3.78,30.60,0.76,0.75,0.76,BODY
F910A86C7ECDFFC7,-4.17,-3.68,30.00,0.54,0.55,0.55,BODY
8D72AFB469B07C4E,-2.70,-3.63,30.20,0.71,0.71,0.71,BODY
34CED5BF44558F52,-1.76,-3.69,30.40,0.78,0.75,0.74,BODY
A685A74EABADCC03,-0.53,-3.90,30.60,0.75,0.75,0.75,BODY
10A961C3DDAF475B,-4.39,-3.79,30.00,0.69,0.76,0.78,BODY
100D62037DD2E578,-3.09,-3.64,30.20,0.72,0.70,0.71,BODY
2A4E4BEF7788ACC3,-1.93,-3.61,30.40,0.76,0.73,0.73,BODY
4DA1F24EF15A2547,-0.71,-3.51,30.60,0.78,0.77,0.78,BODY
68E754AABFB70933,0.22,-3.25,30.00,0.87,0.88,0.89,BODY
0A4B17C3784E518C,-3.55,-3.58,30.20,0.68,0.67,0.68,BODY
5D9CFA04F9213454,-2.27,-3.60,30.40,0.78,0.75,0.74,BODY
67E4AA1A438C867C,-1.15,-3.30,30.60,0.80,0.80,0.80,BODY
249D9D9CA2358ECD,-0.20,-3.60,30.00,0.78,0.78,0.78,BODY
169DD8227ED010CB,-3.44,-3.30,30.20,0.60,0.59,0.60,BODY
815DCAF04D5163FF,-2.26,-3.17,30.40,0.76,0.74,0.73,BODY
C49D747B67980A7D,-1.41,-3.34,30.60,0.80,0.79,0.78,BODY
6EBEC00DDDFB2C35,0.20,-3.55,30.00,0.76,0.77,0.76,BODY
2B310DECECE26994,-3.40,-3.67,30.20,0.58,0.59,0.58,BODY
61FB19FC3B70D1E1,-2.48,-3.43,30.40,0.76,0.74,0.73,BODY
37AC0A462C42F24B,-1.28,-3.34,30.60,0.78,0.78,0.76,BODY
D9FA6A4421B57232,-0.16,-3.54,30.00,0.74,0.73,0.73,BODY
0A6ACCDC6D1C77D7,-3.49,-3.29,30.20,0.58,0.59,0.58,BODY
4F03CE1104E7C11E,-2.31,-3.39,30.40,0.78,0.75,0.74,BODY
B157497FE1581B33,-1.13,-3.11,30.60,0.76,0.76,0.75,BODY
F1AA4F5A14D760EE,-0.43,-3.47,30.00,0.74,0.73,0.73,BODY
64FEE04815D6630D,-3.95,-3.44,30.20,0.58,0.59,0.58,BODY
D6C01261FAD31E95,-2.87,-3.30,30.40,0.76,0.74,0.73,BODY
A60AAABA07ADB808,-1.35,-3.16,30.60,0.74,0.75,0.74,BODY
07B2F84BCC5B29F8,-0.58,-3.38,30.00,0.74,0.73,0.73,BODY
9F2D646D077443D0,-3.65,-3.16,30.20,0.58,0.59,0.58,BODY
3E73145293CD0E59,-2.80,-2.98,30.40,0.78,0.75,0.74,BODY
CAFFA687BA14404B,-1.38,-3.12,30.60,0.56,0.56,0.56,BODY
B0D85B306ECE76E8,-0.51,-3.52,30.00,0.74,0.73,0.73,BODY
CAB15BF65C0D8BC7,-3.94,-3.14,30.20,0.59,0.58,0.59,BODY
27FF07A88533280C,-2.63,-2.97,30.40,0.76,0.74,0.74,BODY
94E377F844AA8640,-1.61,-3.16,30.60,0.57,0.58,0.58,BODY
BE5B5760512A0E7F,-0.35,-3.31,30.00,0.75,0.80,0.84,BODY
FB04CE40C79D68E2,-3.21,-3.19,30.20,0.62,0.62,0.62,BODY
EFD3C2A521F784D9,-2.41,-2.96,30.40,0.74,0.75,0.74,BODY
942C0040B75BA8EF,-1.49,-2.91,30.60,0.78,0.78,0.78,BODY
94953BBE097268A1,-0.29,-3.37,30.00,0.75,0.86,0.89,BODY
8F3004BDAFECEC98,-3.27,-3.27,30.20,0.68,0.68,0.68,BODY
A24E09FEA01D7A06,-1.89,-3.35,30.40,0.27,0.27,0.27,BODY
14393372C621525A,-1.10,-3.34,30.60,0.85,0.83,0.82,BODY
A4AE917143672212,-4.14,-3.05,30.00,0.52,0.54,0.55,BODY
E5210052B35E6535,-2.94,-2.86,30.20,0.73,0.72,0.73,BODY
0A28AAA37C0E6F65,-1.58,-3.20,30.40,0.16,0.16,0.16,BODY
72F49618CB2FDF45,-0.66,-3.04,30.60,0.86,0.84,0.83,BODY
52100AE8E0FA0229,-3.76,-2.72,30.00,0.61,0.60,0.61,BODY
F967CAA6A230194E,-2.31,-3.04,30.20,0.74,0.75,0.74,BODY
EF686887339DCFFC,-1.49,-3.04,30.40,0.22,0.22,0.22,BODY
55686BD309D54CA4,-3.94,-2.94,30.60,0.52,0.83,0.84,BODY
CB9C87DC4A7F9B31,-3.07,-2.82,30.00,0.73,0.72,0.72,BODY
12C31E6CA4897593,-2.00,-3.24,30.20,0.14,0.15,0.15,BODY
F65B01E4D903B8AF,-0.83,-3.13,30.40,0.85,0.83,0.82,BODY
7EBE04D886782C11,-3.65,-2.80,30.60,0.61,0.60,0.61,BODY
3D4C98EC1062F387,-2.32,-2.67,30.00,0.72,0.72,0.72,BODY
ACE8B7D941FAACC7,-1.49,-2.73,30.20,0.22,0.22,0.22,BODY
69E987F0552B4082,-4.05,-2.99,30.40,0.52,0.83,0.84,BODY
DD3F8F7DB19ABADE,-3.27,-2.59,30.60,0.74,0.73,0.74,BODY
36D02D45B3519C01,-2.17,-3.13,30.00,0.14,0.15,0.15,BODY
2DC4835F1AA8261A,-0.70,-2.81,30.20,0.86,0.84,0.83,BODY
A11BD1C1A977760A,-3.70,-2.70,30.40,0.61,0.60,0.61,BODY
4A3353161785F39D,-2.37,-3.05,30.60,0.65,0.65,0.65,BODY
FBBA0DC7FB66ED58,-1.34,-2.63,30.00,0.29,0.29,0.29,BODY
6B5E90DE1401694D,-3.94,-2.81,30.20,0.58,0.56,0.55,BODY
64E81CDEF26D0E58,-2.80,-2.82,30.40,0.75,0.74,0.72,BODY
82373E8095B6F862,-2.08,-2.75,30.60,0.17,0.16,0.17,BODY
07CC71ABC82130D9,-1.00,-3.00,30.00,0.86,0.85,0.83,BODY
19AAF82DB858B209,-3.41,-2.60,30.20,0.65,0.64,0.64,BODY
6A217759D3883DF5,-2.52,-2.56,30.40,0.65,0.64,0.65,BODY
1BF732E567A0B7E7,-1.03,-2.53,30.60,0.29,0.29,0.29,BODY
0C0176E1D12B57F4,-4.18,-2.56,30.00,0.58,0.56,0.55,BODY
CDF5A54B7AADDCE6,-2.75,-2.52,30.20,0.76,0.75,0.73,BODY
7BC3B6797E93F1E6,-1.63,-2.83,30.40,0.19,0.19,0.19,BODY
8E76CEFFBAD3521A,-0.86,-2.48,30.60,0.86,0.85,0.83,BODY
0B11BAB341DB9C54,-3.79,-2.82,30.00,0.61,0.62,0.61,BODY
D18EF669FE1A2840,-2.30,-2.58,30.20,0.62,0.62,0.62,BODY
F92157DC18FC93DC,-1.40,-2.80,30.40,0.29,0.29,0.30,BODY
465470F59DC0D14B,-0.11,-2.55,30.60,0.47,0.54,0.57,BODY
FD9A91906835A5C8,-3.03,-2.59,30.00,0.73,0.73,0.73,BODY
1B0C0BF40DA7FC7F,-1.77,-2.53,30.20,0.13,0.13,0.13,BODY
609342AC6F9CD29C,-0.89,-2.31,30.40,0.86,0.84,0.83,BODY
E6CD177AAC2CD9D1,-4.05,-2.36,30.60,0.57,0.58,0.59,BODY
8E7EBA3C281039B8,-3.09,-2.57,30.00,0.76,0.76,0.75,BODY
775CB0170CDF44CF,-1.82,-2.54,30.20,0.18,0.19,0.20,BODY
B1A36A5AEBE4C7CA,-0.76,-2.77,30.40,0.84,0.83,0.81,BODY
C05F792A46330A55,-4.30,-2.29,30.60,0.55,0.57,0.58,BODY
FE3E7E173F870F6C,-2.75,-2.28,30.00,0.78,0.76,0.74,BODY
5D9793B92949A4DC,-1.95,-2.58,30.20,0.29,0.29,0.29,BODY
CA18B3CF1E1FAB15,-0.45,-2.67,30.40,0.84,0.83,0.81,BODY
2EEC61F026127627,0.69,-2.69,30.60,0.42,0.45,0.47,BODY
3232B5BA6B01CDF1,-2.78,-2.10,30.00,0.74,0.75,0.74,BODY
224FE9F57F24A21B,-1.74,-2.65,30.20,0.16,0.17,0.19,BODY
A74271FE4FA7B125,-1.02,-2.10,30.40,0.85,0.82,0.82,BODY
5B972E8453F1B2AD,0.11,-2.58,30.60,0.26,0.20,0.16,BODY
6A1998F0790EBFC4,-3.38,-2.28,30.00,0.71,0.71,0.71,BODY
E9D11D5270B3A5B2,-2.03,-2.37,30.20,0.17,0.18,0.19,BODY
4919EF184A5184DA,-1.26,-2.29,30.40,0.84,0.81,0.81,BODY
E2F0E1807C7E8EB5,0.32,-2.35,30.60,0.28,0.20,0.15,BODY
C445FFDAF2C6BE2F,1.08,-2.51,30.00,0.35,0.34,0.31,BODY
2A605AEAC78EAD97,-3.30,-2.54,30.20,0.68,0.67,0.68,BODY
0EA6B44EBB1B5346,-2.13,-2.19,30.40,0.13,0.13,0.13,BODY
E9B8E5FD04FEF693,-1.09,-2.09,30.60,0.84,0.81,0.81,BODY
9E4F5060A5B60DDD,0.06,-2.29,30.00,0.28,0.20,0.15,BODY
9413AF4A34390AA5,1.25,-2.36,30.20,0.30,0.27,0.25,BODY
EC3C4E1CB1380569,-3.52,-2.28,30.40,0.64,0.64,0.64,BODY
EABF0FA000C3B71A,-2.19,-2.07,30.60,0.28,0.27,0.28,BODY
920374045EEC5D54,-0.97,-2.48,30.00,0.32,0.33,0.35,BODY
0E4651D500B1524D,0.19,-2.41,30.20,0.29,0.24,0.20,BODY
16DC3B5C893A84DB,0.91,-2.12,30.40,0.26,0.20,0.16,BODY
66D5480420C2E426,-3.38,-2.44,30.60,0.61,0.62,0.61,BODY
99449DF96478337F,-2.35,-2.06,30.00,0.74,0.75,0.74,BODY
285CB17AAFFD5608,-1.37,-2.46,30.20,0.22,0.22,0.22,BODY
BEF2611C8E78CADC,-0.41,-2.19,30.40,0.29,0.24,0.19,BODY
37CFA89587A0B616,0.61,-2.08,30.60,0.25,0.20,0.15,BODY
84E78A821CF67FD3,-3.95,-2.38,30.00,0.58,0.57,0.58,BODY
47D5EE7CF8A5F9C6,-2.92,-2.30,30.20,0.80,0.78,0.78,BODY
B0382C12A47156CE,-1.71,-2.22,30.40,0.30,0.30,0.30,BODY
A50E42A0AAEAB4E1,-0.30,-2.44,30.60,0.82,0.80,0.80,BODY
70445F8C66C1A5B1,0.65,-2.43,30.00,0.29,0.24,0.19,BODY
BED7C2E7156B14B3,1.87,-2.24,30.20,0.55,0.60,0.81,BODY
5C6AD2513165C61F,-3.17,-2.39,30.40,0.76,0.73,0.73,BODY
E2DEEC7F3F168427,-1.91,-2.07,30.60,0.35,0.36,0.39,BODY
82B936E7E51DEEEB,-1.01,-2.12,30.00,0.84,0.83,0.83,BODY
1DE8B4E29C215D4E,0.35,-1.82,30.20,0.32,0.28,0.24,BODY
93166820E90F9CED,1.17,-1.84,30.40,0.28,0.24,0.18,BODY
66D484C171034166,-3.38,-2.22,30.60,0.65,0.65,0.65,BODY
52ADF451BB8C6ED0,-2.09,-2.12,30.00,0.65,0.65,0.65,BODY
F1867B8C26E3F36C,-1.37,-2.31,30.20,0.82,0.80,0.80,BODY
33E0F51C63B0C393,0.21,-2.12,30.40,0.32,0.32,0.32,BODY
87BB1D4EF8B6FEA5,0.85,-2.28,30.60,0.32,0.25,0.19,BODY
3BE92DA77254628C,-4.22,-2.20,30.00,0.60,0.61,0.61,BODY
71C9903EE9AC2A29,-2.75,-1.84,30.20,0.81,0.78,0.78,BODY
2677B14C32937C29,-1.52,-2.29,30.40,0.25,0.27,0.28,BODY
C48000ECB48FBC6D,-0.62,-2.05,30.60,0.84,0.81,0.81,BODY
33F593F2F78EFED7,0.70,-2.10,30.00,0.42,0.46,0.45,BODY
73D03AADD7F5C189,1.82,-2.26,30.20,0.25,0.19,0.14,BODY
A726EBEDD2DCAC03,-3.44,-2.14,30.40,0.64,0.64,0.64,BODY
F8C4BFF3AED7E4F6,-2.36,-1.77,30.60,0.74,0.73,0.71,BODY
C4BFF7A97C39AD71,-1.49,-1.88,30.00,0.78,0.76,0.74,BODY
0AF14DA61EB14BC3,0.05,-2.16,30.20,0.57,0.65,0.75,BODY
80C7B137118F82FD,1.05,-1.94,30.40,0.38,0.38,0.41,BODY
DC4882BB0260DA23,2.00,-2.04,30.60,0.47,0.47,0.45,BODY
BCDCCE116ADDE2D2,-3.86,-2.12,30.00,0.59,0.59,0.59,BODY
D36F18C6F0C7DBE6,-2.55,-1.92,30.20,0.81,0.79,0.78,BODY
FFAE209BF53325B6,-1.57,-2.06,30.40,0.21,0.22,0.21,BODY
C3AE290629FE27E6,-0.23,-1.82,30.60,0.65,0.80,0.87,BODY
4947BE744DCC80AF,0.95,-2.12,30.00,0.33,0.34,0.30,BODY
ED5387EAEEA5F8EF,2.35,-1.64,30.20,0.33,0.36,0.25,BODY
668D069EFA9B7A31,-3.72,-1.58,30.40,0.62,0.62,0.62,BODY
475632EB63C1CD96,-2.63,-1.80,30.60,0.78,0.78,0.78,BODY
4F2F1F0FB703BB89,-1.61,-1.97,30.00,0.57,0.57,0.56,BODY
914788BCB34A5FB7,0.70,-1.81,30.20,0.61,0.68,0.78,BODY
BEC4A81DA13F6434,2.09,-1.69,30.40,0.22,0.17,0.13,BODY
9FD26C0D3A6BD2C9,-4.02,-1.54,30.60,0.78,0.84,0.84,BODY
D3079AD484EBC675,-2.89,-1.59,30.00,0.78,0.77,0.75,BODY
56FF1A139677725B,-1.94,-1.51,30.20,0.16,0.16,0.16,BODY
0D057B474CDEF1A7,-0.92,-1.54,30.40,0.84,0.83,0.81,BODY
7C140588DFA9EFFD,2.11,-2.10,30.60,0.22,0.20,0.16,BODY
0F730EC593828C68,4.41,-1.53,30.00,0.32,0.27,0.26,BODY
95F88891F26A7CED,-3.30,-1.84,30.20,0.78,0.76,0.74,BODY
BB677F72551B0772,-2.19,-1.94,30.40,0.19,0.17,0.16,BODY
3D7BBB679A47D170,-0.69,-1.57,30.60,0.73,0.72,0.72,BODY
C60C6FF02030438A,2.09,-1.74,30.00,0.22,0.20,0.16,BODY
09AD9E52C93A4C30,4.33,-1.95,30.20,0.67,0.64,0.67,BODY
62B8696E773756A4,-3.37,-1.79,30.40,0.75,0.75,0.73,BODY
C35FF84DC2CAE090,-2.11,-1.65,30.60,0.33,0.32,0.31,BODY
6DE9FF2F0B563414,-0.90,-1.93,30.00,0.65,0.65,0.65,BODY
CA6277A7CA2F8090,1.96,-1.68,30.20,0.63,0.63,0.61,BODY
10C73D24EC4ADCDD,2.86,-1.64,30.40,0.81,0.91,0.87,BODY
06DEC52962E31814,-3.49,-1.75,30.60,0.69,0.67,0.69,BODY
D12EC4F184F876B5,-2.10,-1.66,30.00,0.74,0.73,0.71,BODY
EDCA8C3BACF4F355,-0.88,-1.77,30.20,0.68,0.67,0.65,BODY
610440A020BD5D98,2.45,-1.73,30.40,0.31,0.30,0.27,BODY
5ECB912E22FC05E1,4.35,-1.70,30.60,0.32,0.27,0.29,BODY
73CED8F184A7B74F,-3.21,-1.87,30.00,0.71,0.70,0.71,BODY
6425A894182E57BE,-2.38,-1.56,30.20,0.78,0.77,0.75,BODY
019523BCBFE20BDE,-1.03,-1.76,30.40,0.65,0.65,0.65,BODY
6762A83578D8CF71,2.56,-1.58,30.60,0.29,0.27,0.22,BODY
128E207968C6F94B,3.49,-1.53,30.00,0.34,0.34,0.32,BODY
1F54B8176F3CAAE1,-3.83,-1.60,30.20,0.61,0.62,0.61,BODY
A76AA431031FA486,-2.33,-1.48,30.40,0.83,0.80,0.80,BODY
D7B98C04FF6DD2C4,-1.55,-1.34,30.60,0.68,0.67,0.65,BODY
36607FF1E5B144B5,-0.18,-1.31,30.00,0.61,0.73,0.91,BODY
AEB22FA5CCFB0294,3.56,-1.80,30.20,0.44,0.42,0.33,BODY
41A8C6554FDB3DA4,-4.01,-1.20,30.40,0.61,0.65,0.65,BODY
BAE06694028A8CDC,-2.63,-1.67,30.60,0.81,0.78,0.78,BODY
84803B94FD9C2484,-1.90,-1.54,30.00,0.73,0.69,0.70,BODY
34033CE8C175F095,-0.70,-1.36,30.20,0.61,0.64,0.65,BODY
4B6B30EFF9C41EF4,3.05,-1.43,30.40,0.29,0.25,0.19,BODY
FF6564B9C98D73E7,3.98,-1.64,30.60,0.37,0.35,0.30,BODY
A763D4025F79A62A,-2.96,-1.23,30.00,0.73,0.73,0.72,BODY
2656B9E63F03CA1F,-2.20,-1.58,30.20,0.78,0.76,0.78,BODY
EDDF4A89CD6AD1BD,-1.14,-1.40,30.40,0.65,0.65,0.65,BODY
DBD9DECD83CD2AE3,2.95,-1.67,30.60,0.52,0.54,0.52,BODY
D306649A2C3D08FB,3.90,-1.21,30.00,0.35,0.35,0.22,BODY
22887DF93A1A07F3,-3.19,-1.10,30.20,0.68,0.68,0.68,BODY
BDE9B013F4B22216,-1.92,-1.53,30.40,0.81,0.78,0.78,BODY
71729783BFF06401,-0.80,-1.22,30.60,0.69,0.67,0.65,BODY
5A82CF102619353C,2.75,-1.50,30.00,0.43,0.43,0.43,BODY
73F9D20B09BC1514,3.92,-1.31,30.20,0.36,0.32,0.27,BODY
312A7FF26E5D27C6,-3.21,-1.25,30.40,0.71,0.70,0.71,BODY
0C284D9CDEC45A62,-2.20,-1.34,30.60,0.81,0.78,0.78,BODY
F6630520450666EA,-1.11,-1.38,30.00,0.68,0.67,0.68,BODY
B14271AED7DF5C04,-0.12,-1.45,30.20,0.65,0.72,0.75,BODY
7389193174CD5249,3.69,-1.10,30.40,0.45,0.43,0.42,BODY
E7E3242CFB7E7BE5,-3.09,-1.05,30.60,0.76,0.76,0.75,BODY
9756043CDA7C122B,-1.59,-1.15,30.00,0.69,0.67,0.67,BODY
300AFC9B60899E91,-0.63,-1.02,30.20,0.62,0.63,0.62,BODY
74D2527B5DF180EF,3.23,-1.35,30.40,0.26,0.20,0.16,BODY
8A2CF0BD81E047EA,-3.56,-1.26,30.60,0.71,0.71,0.71,BODY
97086FE8311CF7E4,-2.51,-1.48,30.00,0.80,0.80,0.78,BODY
0323F0AB7A053D1D,-1.31,-1.42,30.20,0.68,0.67,0.65,BODY
8BE4083FF6B86345,-0.47,-1.19,30.40,0.60,0.61,0.60,BODY
66B3FD7E08D4F2D1,3.40,-1.37,30.60,0.24,0.20,0.16,BODY
AAB845309BC0212B,-4.08,-1.21,30.00,0.82,0.82,0.84,BODY
2D8D24965F3617B8,-2.78,-1.28,30.20,0.81,0.78,0.78,BODY
386E32CBF3D4298E,-1.51,-1.39,30.40,0.69,0.67,0.67,BODY
61FE4F35956A11FC,-0.29,-1.12,30.60,0.61,0.62,0.61,BODY
5E6C7F719E16B839,3.32,-0.93,30.00,0.36,0.40,0.34,BODY
DDEECEBDE6674A71,4.21,-1.14,30.20,0.35,0.38,0.35,BODY
9127C6F69C4FAA3D,-2.81,-1.13,30.40,0.76,0.75,0.73,BODY
26C7AB0480D1F90F,-1.99,-1.40,30.60,0.69,0.67,0.68,BODY
DCC946E24C3F2F51,-0.61,-1.40,30.00,0.61,0.61,0.61,BODY
66018176A2285B76,0.32,-1.26,30.20,0.62,0.67,0.80,BODY
0A40826D512E136B,3.84,-1.10,30.40,0.34,0.29,0.25,BODY
CD9810CF029016AA,-3.29,-1.01,30.60,0.65,0.65,0.65,BODY
AFD7F20B9267F9F9,-2.47,-0.87,30.00,0.58,0.59,0.58,BODY
2B9EECE227BB10F7,-1.20,-0.92,30.20,0.58,0.57,0.58,BODY
1E89D5A2AC99FE08,-0.06,-1.11,30.40,0.65,0.67,0.67,BODY
BD92C36FF029709F,3.40,-1.09,30.60,0.33,0.27,0.20,BODY
7739FE4EFF262214,-3.92,-1.21,30.00,0.91,0.91,0.94,BODY
1B5EF1BD247B3F72,-2.83,-1.15,30.20,0.78,0.76,0.75,BODY
50D2E475ACFB99D3,-1.56,-1.21,30.40,0.65,0.64,0.65,BODY
F7557D4E86D8D711,-0.59,-1.05,30.60,0.71,0.71,0.71,BODY
62812B5A56C40D61,2.72,-1.01,30.00,0.19,0.20,0.16,BODY
7B70658CB55B0549,4.37,-0.99,30.20,0.35,0.30,0.26,BODY
6FD325E755C3B999,-3.04,-1.09,30.40,0.70,0.69,0.70,BODY
AC15A966009A2C92,-1.86,-1.30,30.60,0.70,0.67,0.67,BODY
3CFC2A2B661CFF94,-1.13,-1.13,30.00,0.62,0.62,0.61,BODY
F5DD02779BB47811,0.02,-1.27,30.20,0.70,0.69,0.69,BODY
F4D712A33EF2765D,3.27,-1.00,30.40,0.32,0.33,0.22,BODY
13518E79194CC701,-3.40,-0.70,30.60,0.88,0.85,0.90,BODY
096929C3ACCF5B5A,-2.84,-0.74,30.00,0.74,0.75,0.74,BODY
2D4BFE88ACD6F432,-1.60,-0.95,30.20,0.61,0.61,0.61,BODY
AF1A487B0F9370F3,-0.50,-0.85,30.40,0.77,0.77,0.75,BODY
8FE961116583B3A3,0.55,-0.96,30.60,0.68,0.75,0.81,BODY
2EB45F64F23176D0,4.35,-1.09,30.00,0.42,0.38,0.35,BODY
9A44B17800B0D6CF,-3.36,-0.67,30.20,0.70,0.69,0.70,BODY
48BD0E9C64E9095B,-2.17,-0.79,30.40,0.68,0.67,0.65,BODY
ABBDEA91115FB755,-0.62,-0.81,30.60,0.67,0.66,0.64,BODY
DCAC6E9FA378826C,-0.01,-0.63,30.00,0.72,0.71,0.70,BODY
2D2BA628C6AE0B88,3.46,-0.84,30.20,0.38,0.55,0.48,BODY
5F7F2FD39B3484AC,-3.69,-0.63,30.40,0.97,0.94,1.00,BODY
9DC7042CD22B66DD,-2.86,-1.14,30.60,0.74,0.75,0.74,BODY
B29351F734BB6421,-1.67,-0.90,30.00,0.58,0.59,0.58,BODY
AA914DF12CCCF0A2,-0.59,-1.11,30.20,0.81,0.80,0.78,BODY
D9391D8B3C671C28,0.51,-0.96,30.40,0.64,0.71,0.75,BODY
68EF564E4AEFB413,4.06,-0.60,30.60,0.40,0.36,0.33,BODY
0C8C83201BC053EA,-2.88,-0.80,30.00,0.78,0.76,0.74,BODY
6BCC838878B92675,-1.62,-0.60,30.20,0.62,0.62,0.62,BODY
435CE3ABB041EDBB,-0.71,-0.68,30.40,0.81,0.78,0.78,BODY
FD7375E90CACDE51,0.44,-0.58,30.60,0.71,0.68,0.68,BODY
36AF5DD53DB7695E,3.90,-0.96,30.00,0.36,0.35,0.29,BODY
2C6359B4FFE96653,-2.49,-0.95,30.20,0.72,0.73,0.72,BODY
5FEC7A1E85B309E5,-1.64,-0.80,30.40,0.60,0.59,0.60,BODY
8253B7455669BCAC,-0.37,-0.98,30.60,0.81,0.78,0.78,BODY
80887E926B13F2EE,0.68,-0.63,30.00,0.70,0.69,0.70,BODY
610D87DB9A1F41EE,3.75,-0.57,30.20,0.29,0.30,0.32,BODY
20BAB3E67632F427,-2.64,-0.91,30.40,0.64,0.64,0.64,BODY
B1499D889DDFEA20,-1.44,-0.53,30.60,0.58,0.57,0.58,BODY
884F55018E5FE675,-0.45,-0.85,30.00,0.80,0.78,0.76,BODY
6E056DB4DC39B203,0.58,-0.43,30.20,0.68,0.67,0.68,BODY
D15687FF14CE43C8,-3.77,-0.44,30.40,0.26,0.19,0.16,BODY
8D3E7A7E71609E58,-2.32,-0.91,30.60,0.54,0.55,0.54,BODY
25D905FBB64BB8CF,-1.60,-0.39,30.00,0.57,0.57,0.58,BODY
8A534E901B37DB32,0.03,-0.73,30.20,0.78,0.77,0.75,BODY
7C06459693907E17,1.07,-0.89,30.40,0.67,0.68,0.70,BODY
138EB66C53E26E63,-3.71,-0.72,30.60,0.26,0.17,0.16,BODY
5B55DCB6E1186E86,-2.63,-0.84,30.00,0.56,0.56,0.57,BODY
A0FC8346EE5C9809,-0.93,-0.40,30.20,0.61,0.64,0.61,BODY
EF6A518FA9A1F86F,-0.12,-0.89,30.40,0.74,0.73,0.74,BODY
8E8044F0449FB191,1.23,-0.87,30.60,0.69,0.67,0.69,BODY
3D0B98977AC51CB1,-3.51,-0.53,30.00,0.19,0.14,0.13,BODY
57D729B85AEA411D,-2.29,-0.32,30.20,0.58,0.57,0.58,BODY
2D2ECD9C8950773C,-1.31,-0.70,30.40,0.72,0.71,0.70,BODY
9335015C9240A229,-0.06,-0.37,30.60,0.78,0.76,0.74,BODY
86A0B54971CF9658,1.34,-0.44,30.00,0.68,0.67,0.68,BODY
609995CA79DBC56B,-3.47,-0.22,30.20,0.19,0.14,0.13,BODY
525CAF9BDE7E0E52,-2.30,-0.75,30.40,0.58,0.57,0.58,BODY
D183E101333F054B,-0.88,-0.26,30.60,0.72,0.71,0.70,BODY
3B1A58918E717F73,0.25,-0.78,30.00,0.69,0.68,0.67,BODY
4E2838F4BBA717EE,1.17,-0.69,30.20,0.68,0.67,0.68,BODY
640A0C2FD39520BC,-3.34,-0.23,30.40,0.26,0.17,0.16,BODY
EB19F4C888217095,-2.21,-0.61,30.60,0.58,0.57,0.58,BODY
655CC97BB117529E,-1.43,-0.28,30.00,0.72,0.71,0.70,BODY
806E94871390FE98,-0.24,-0.71,30.20,0.48,0.49,0.53,BODY
0D644701634AB2E1,1.29,-0.43,30.40,0.70,0.67,0.70,BODY
4CF76E2BC7F6CE64,-3.81,-0.61,30.60,0.35,0.33,0.32,BODY
A29950AEE50EE969,-2.54,-0.28,30.00,0.58,0.59,0.58,BODY
C05432EF9F4C2185,-0.90,-0.25,30.20,0.75,0.73,0.72,BODY
533A6E958B97AEDE,-0.08,-0.31,30.40,0.36,0.40,0.44,BODY
8694DB4DB300CE03,1.38,-0.62,30.60,0.69,0.69,0.69,BODY
5F7065146F86D928,-3.32,-0.17,30.00,0.25,0.18,0.14,BODY
5A8784F1852AFE35,-1.91,-0.08,30.20,0.60,0.60,0.60,BODY
6BEA5F06602D3491,-0.86,-0.10,30.40,0.68,0.68,0.68,BODY
5AC2A6F5F8149844,0.57,-0.48,30.60,0.58,0.60,0.60,BODY
E9E1D4B64775153A,1.73,-0.24,30.00,0.68,0.67,0.68,BODY
BA0DCEB51EB40E2D,-3.53,-0.56,30.20,0.22,0.16,0.13,BODY
A827C430C7ADEDD4,-1.31,-0.53,30.40,0.58,0.57,0.58,BODY
84C429C11A411BDD,-0.55,-0.54,30.60,0.26,0.30,0.32,BODY
1ABC14B179BE5B5A,0.81,-0.07,30.00,0.73,0.72,0.71,BODY
B631B89A176C00FE,2.04,-0.57,30.20,0.70,0.74,0.73,BODY
07CA15EBDA9F1786,-2.53,-0.31,30.40,0.55,0.54,0.55,BODY
8A746F07A571A6EA,-1.14,-0.11,30.60,0.71,0.68,0.68,BODY
D1FA1EB2C1E126CE,-0.13,-0.22,30.00,0.30,0.34,0.36,BODY
0133498A44BD39A9,0.81,-0.07,30.20,0.70,0.68,0.69,BODY
8B1B3779FA21933C,3.71,-0.19,30.40,0.35,0.33,0.35,BODY
6D317B922B5B8326,-2.52,-0.35,30.60,0.58,0.59,0.58,BODY
08D11EDDE8B7C935,-1.30,-0.22,30.00,0.74,0.71,0.71,BODY
F6B13244876E1E4A,0.04,-0.24,30.20,0.30,0.34,0.40,BODY
464F3BE93F01CD7A,1.24,-0.05,30.40,0.71,0.68,0.68,BODY
D797A693CF22369F,4.09,-0.40,30.60,0.29,0.33,0.39,BODY
9112D8E84BF36FA7,-1.93,-0.43,30.00,0.58,0.58,0.58,BODY
CE888285236E01FE,-1.16,-0.21,30.20,0.61,0.64,0.61,BODY
AABC140C41406A3A,-0.03,-0.07,30.40,0.30,0.34,0.40,BODY
421B4BD85B40437A,1.05,0.12,30.60,0.68,0.68,0.68,BODY
90B9095A97CCDDB5,4.03,-0.45,30.00,0.26,0.24,0.19,BODY
7099295CCB462C7E,-2.01,-0.22,30.20,0.59,0.59,0.59,BODY
73C8386ACA1BF35B,-1.17,0.04,30.40,0.49,0.53,0.53,BODY
76FAA5345DFB1589,0.44,-0.05,30.60,0.32,0.36,0.41,BODY
5B1A8D27484AD3B9,1.26,-0.29,30.00,0.68,0.68,0.68,BODY
E5FE825B235726A2,4.15,-0.32,30.20,0.68,0.81,0.74,BODY
B0E110279B296511,-1.79,-0.29,30.40,0.59,0.59,0.59,BODY
836EEFD544A12BED,-1.00,-0.01,30.60,0.22,0.27,0.32,BODY
67FB9FA1AB878660,0.20,-0.26,30.00,0.32,0.35,0.40,BODY
630DD0BE65A62EE9,1.28,-0.28,30.20,0.68,0.67,0.68,BODY
59BF1F07A4F5218A,-3.62,0.24,30.40,0.58,0.64,0.63,BODY
92381A83BB90DF37,-2.11,0.22,30.60,0.58,0.59,0.58,BODY
90052899ACEF63AC,-0.95,-0.17,30.00,0.21,0.27,0.31,BODY
4639930D8F1A5298,0.51,-0.23,30.20,0.32,0.35,0.40,BODY
D0ECD35AD53C8D70,1.40,-0.18,30.40,0.68,0.67,0.68,BODY
41568FC154A52DE1,-4.05,0.31,30.60,0.58,0.64,0.63,BODY
77444FBE429AAB1E,-1.88,-0.09,30.00,0.58,0.58,0.58,BODY
739CC9712B812CED,-0.60,-0.24,30.20,0.22,0.29,0.32,BODY
613A02911A8DBC9D,0.74,0.18,30.40,0.32,0.35,0.40,BODY
3E3203330F25637A,1.32,-0.06,30.60,0.68,0.67,0.68,BODY
9FB1D860D179AF6D,-3.41,0.35,30.00,0.22,0.17,0.13,BODY
E973D7F460D7A954,-1.90,0.27,30.20,0.58,0.57,0.58,BODY
68442C8FA9A5B2BD,-0.19,0.18,30.40,0.26,0.32,0.35,BODY
95E68F7B855DFC77,0.93,0.03,30.60,0.32,0.36,0.41,BODY
C9CC7CA2A9E502F4,1.86,-0.05,30.00,0.67,0.65,0.67,BODY
38BF8AB73248087D,-3.73,-0.11,30.20,0.21,0.16,0.12,BODY
B4447EA55A5C4CF5,-1.34,-0.12,30.40,0.59,0.58,0.59,BODY
0EB509D4631C87D9,-0.12,0.43,30.60,0.28,0.33,0.38,BODY
F675C4417AAC7D06,0.66,0.22,30.00,0.32,0.36,0.41,BODY
9FFAB4D9FD9098A2,1.65,-0.14,30.20,0.65,0.64,0.65,BODY
A1045D42EA1C97AA,-3.64,0.06,30.40,0.22,0.16,0.13,BODY
0E42E52419A3414A,-1.49,0.38,30.60,0.60,0.59,0.57,BODY
0172F79EA9D84DAC,-0.60,0.22,30.00,0.29,0.33,0.39,BODY
936D1FB07A1B71B1,0.57,0.18,30.20,0.32,0.36,0.41,BODY
D4B61017A0D0B588,1.85,-0.08,30.40,0.65,0.65,0.65,BODY
900EC1B8158F6647,-3.34,0.18,30.60,0.30,0.24,0.22,BODY
27795AE9C63A687D,-1.71,0.03,30.00,0.60,0.59,0.57,BODY
1EFC003F787E48E0,-0.05,0.25,30.20,0.29,0.34,0.40,BODY
718494C79C562DD5,0.95,0.55,30.40,0.32,0.37,0.41,BODY
4718432656975711,1.85,0.49,30.60,0.61,0.62,0.61,BODY
C200E389184649A5,-3.73,0.07,30.00,0.22,0.16,0.13,BODY
E38FB732BCEE1DD4,-1.74,0.11,30.20,0.60,0.59,0.57,BODY
53C8ACD2B358A562,-0.19,0.20,30.40,0.29,0.33,0.39,BODY
DEB49710098C40D0,0.49,0.18,30.60,0.32,0.37,0.41,BODY
DA4E945E94C90FA2,1.71,0.03,30.00,0.58,0.59,0.58,BODY
3C13CB8639411B3A,-3.70,0.23,30.20,0.22,0.16,0.13,BODY
AF839374302C791E,-1.57,0.64,30.40,0.59,0.58,0.56,BODY
83AD3F28BD822D1F,-0.29,0.58,30.60,0.28,0.32,0.38,BODY
D2D61D6B6D585E84,0.52,0.33,30.00,0.32,0.37,0.41,BODY
E2BE8058476DE3D3,1.61,0.08,30.20,0.55,0.56,0.55,BODY
7B041D26A7405DDA,2.71,0.35,30.40,0.32,0.59,0.68,BODY
1CCE9AF3C71698EB,-1.94,0.64,30.60,0.58,0.57,0.58,BODY
A08F7E1895B5E6FA,-0.54,0.57,30.00,0.26,0.32,0.35,BODY
69086CCA2A90A1CB,0.48,0.46,30.20,0.32,0.36,0.41,BODY
09E2903C5D37EA62,1.79,0.42,30.40,0.45,0.46,0.47,BODY
100DCA22DE116B4E,2.77,0.26,30.60,0.61,0.65,0.65,BODY
EB808761F32546B4,-1.75,0.65,30.00,0.58,0.56,0.57,BODY
7D92760EF8143FC3,-0.93,0.54,30.20,0.25,0.31,0.34,BODY
FED7CE55E9C57B9D,0.62,0.57,30.40,0.31,0.36,0.41,BODY
3F5736278882221A,1.73,0.66,30.60,0.33,0.35,0.38,BODY
5A1FA2C0BDB45632,2.74,0.61,30.00,0.58,0.59,0.61,BODY
95AEAF99FCA02839,-2.20,0.51,30.20,0.58,0.56,0.56,BODY
6E13D0C4D7F7FFBB,-1.06,0.22,30.40,0.25,0.29,0.33,BODY
6611C3BA334028FC,-0.10,0.29,30.60,0.31,0.36,0.42,BODY
AEDFA2E350417FB0,1.11,0.26,30.00,0.29,0.33,0.38,BODY
498BC639E08CA7BB,2.32,0.32,30.20,0.60,0.59,0.60,BODY
99B75AF7B6D74F4D,-2.49,0.52,30.40,0.58,0.57,0.58,BODY
752606F5BE28680E,-1.02,0.37,30.60,0.55,0.54,0.55,BODY
4E8C856DB6EEEBAC,-0.20,0.70,30.00,0.31,0.36,0.42,BODY
9FBB9843291C0493,1.20,0.62,30.20,0.31,0.35,0.41,BODY
8E6EDD6A6D58C437,2.16,0.43,30.40,0.55,0.56,0.55,BODY
BD5A961D0A88D332,-3.72,0.66,30.60,0.26,0.20,0.16,BODY
F23804F501E1E8D2,-1.29,0.82,30.00,0.61,0.59,0.58,BODY
536E1A26ABB656DB,-0.28,0.45,30.20,0.29,0.34,0.39,BODY
61916DF1B6DC6DE4,0.72,0.81,30.40,0.32,0.36,0.39,BODY
90AE13CC81A0FEC8,1.77,0.77,30.60,0.45,0.47,0.48,BODY
B2673ED030BAB5FD,2.96,0.72,30.00,0.39,0.65,0.61,BODY
4EFE53CB41F49713,-1.48,0.94,30.20,0.57,0.56,0.55,BODY
7CB036D6D97E0D92,-0.80,0.74,30.40,0.28,0.33,0.38,BODY
763CCEAB7F676861,0.47,0.49,30.60,0.31,0.36,0.41,BODY
A5D62E47F9FC17E9,1.73,0.44,30.00,0.31,0.35,0.37,BODY
1D77FC5C942FA53E,2.51,0.79,30.20,0.61,0.63,0.63,BODY
1BB587461E174BB5,-1.80,0.55,30.40,0.58,0.56,0.55,BODY
EBC20910CF33EA03,-0.93,0.86,30.60,0.26,0.32,0.35,BODY
4C4A27BD1A616B96,0.54,0.41,30.00,0.30,0.35,0.40,BODY
E3721833BA7591DB,1.72,0.61,30.20,0.29,0.32,0.36,BODY
421B6440C9ADCFBD,2.82,0.73,30.40,0.71,0.70,0.68,BODY
F4A6738AC6656740,-2.19,0.59,30.60,0.60,0.58,0.57,BODY
C92231AE99417797,-1.37,0.70,30.00,0.22,0.29,0.32,BODY
D14CBAEF75B4AD20,-0.21,0.62,30.20,0.30,0.34,0.40,BODY
D2C5152125D7C8BD,1.07,0.71,30.40,0.58,0.59,0.58,BODY
6A1E88BFCDC89236,2.50,0.65,30.60,0.68,0.67,0.68,BODY
621B584F306A92C2,-3.68,0.88,30.00,0.26,0.19,0.16,BODY
F5F20A04838728D6,-1.34,0.84,30.20,0.61,0.59,0.58,BODY
612C98EA7506DB79,-0.09,0.84,30.40,0.28,0.33,0.39,BODY
E03763866E9468A1,0.93,0.51,30.60,0.32,0.38,0.42,BODY
40F90A99D54E4A87,1.93,0.77,30.00,0.46,0.48,0.48,BODY
0143F8E0A6C3224F,2.77,1.00,30.20,0.65,0.67,0.65,BODY
53949D237697DD34,-1.59,0.90,30.40,0.58,0.56,0.55,BODY
5533F77C23CC1554,-0.54,0.82,30.60,0.29,0.33,0.39,BODY
736F61DA3ACE6521,0.69,0.82,30.00,0.29,0.34,0.39,BODY
77ACE2F2935AE0D6,1.45,1.14,30.20,0.29,0.33,0.35,BODY
924A272BD729C171,2.46,0.90,30.40,0.73,0.72,0.73,BODY
71D225C33CBCB3A3,-2.28,1.11,30.60,0.59,0.56,0.58,BODY
D8AA58E7AB473DD5,-1.23,1.07,30.00,0.22,0.29,0.32,BODY
E972DC5A7849C7DC,-0.15,0.98,30.20,0.29,0.34,0.39,BODY
17A3C5F159B3DA12,1.33,0.97,30.40,0.61,0.62,0.61,BODY
EC6673A21A158F5C,2.48,1.18,30.60,0.74,0.73,0.71,BODY
92CA109421FB1B40,-3.93,0.79,30.00,0.48,0.49,0.48,BODY
EDF8A9BC99FB984B,-1.48,1.10,30.20,0.60,0.58,0.57,BODY
FD6974C6EB4F801D,-0.68,0.94,30.40,0.28,0.33,0.39,BODY
B848D2EA8E81A8A4,0.48,0.96,30.60,0.36,0.38,0.42,BODY
F22AAF72B0291D2C,1.84,1.12,30.00,0.68,0.68,0.68,BODY
C4330589031D4620,2.93,1.04,30.20,0.71,0.70,0.71,BODY
735C17344E6F518C,-2.20,1.08,30.40,0.58,0.57,0.55,BODY
268C1ADB3E06BDF1,-0.84,0.83,30.60,0.27,0.32,0.36,BODY
2E2F2B0F57BFFCFA,-0.09,0.74,30.00,0.28,0.33,0.39,BODY
C4CF37F49C25459E,1.31,1.13,30.20,0.60,0.61,0.60,BODY
0E4CC3C3A19C31B0,2.73,1.16,30.40,0.74,0.75,0.74,BODY
2DFC0DD41F732D53,-3.91,1.23,30.60,0.26,0.19,0.13,BODY
0DB62F2CAB3803E6,-1.64,1.23,30.00,0.59,0.57,0.57,BODY
1F7D9C5AA9321A2C,-0.33,1.11,30.20,0.28,0.33,0.39,BODY
51E66B81D17AB3BD,0.68,1.09,30.40,0.62,0.61,0.60,BODY
08D1736822C0FF28,2.08,0.91,30.60,0.75,0.73,0.72,BODY
7974382631322404,3.36,1.31,30.00,0.71,0.71,0.71,BODY
53510D1D11FA14B6,-1.57,0.93,30.20,0.58,0.56,0.55,BODY
14F01AE3B5CCBFA8,-0.85,0.80,30.40,0.29,0.34,0.38,BODY
C40581105A9105B1,0.20,1.10,30.60,0.28,0.33,0.37,BODY
6B0C92B5A780D920,1.78,1.10,30.00,0.51,0.52,0.53,BODY
EA202F39A417189E,2.71,1.01,30.20,0.76,0.76,0.76,BODY
42CEDD4FC8CC5F56,-3.60,1.36,30.40,0.37,0.62,0.67,BODY
953A8201204C8A77,-1.31,1.00,30.60,0.55,0.54,0.55,BODY
E467DCFDB3F43559,0.10,0.87,30.00,0.28,0.33,0.39,BODY
B7C3F05886945FA7,0.72,1.05,30.20,0.61,0.61,0.61,BODY
41556A32487A8F7D,2.19,0.98,30.40,0.78,0.76,0.74,BODY
D12E8B73A515565F,3.20,0.86,30.60,0.78,0.80,0.78,BODY
884BDDA2C313CBAA,-1.55,1.08,30.00,0.58,0.56,0.55,BODY
FB82B015B33083A6,-0.55,0.99,30.20,0.28,0.33,0.39,BODY
01EAE9F75C7E7359,0.62,1.40,30.40,0.29,0.33,0.39,BODY
13267DA31CBF1A47,1.93,1.46,30.60,0.73,0.71,0.70,BODY
8B12E9CB6C379A1F,2.54,1.02,30.00,0.78,0.77,0.78,BODY
B3FECA571986BA92,-2.12,1.16,30.20,0.55,0.73,0.81,BODY
7A333BE58771293E,-1.06,1.49,30.40,0.32,0.37,0.40,BODY
6E51D22142AD6540,0.05,1.04,30.60,0.29,0.33,0.39,BODY
F7934F6CA7FAD803,1.03,0.96,30.00,0.62,0.63,0.62,BODY
DBF5DAD28277F132,2.25,1.45,30.20,0.78,0.77,0.78,BODY
AA1040FD20BA9B9A,3.59,1.11,30.40,0.81,0.83,0.84,BODY
A3AE1E3FB7D67F0C,-1.85,1.05,30.60,0.58,0.56,0.55,BODY
02130BB410AB40D8,-0.78,1.06,30.00,0.28,0.33,0.39,BODY
8605D5736BFBE3A4,0.53,1.43,30.20,0.58,0.58,0.60,BODY
29093597B1B4C44E,1.45,1.54,30.40,0.78,0.76,0.74,BODY
C64FA09C63A95412,3.01,1.20,30.60,0.80,0.79,0.80,BODY
4E92FF255830FACC,-2.36,1.10,30.00,0.64,0.67,0.72,BODY
4799AD63282E87AE,-1.07,1.56,30.20,0.28,0.33,0.38,BODY
838F48B8FAA37B14,-0.01,1.54,30.40,0.28,0.33,0.39,BODY
7604942BFBE0E0A8,1.35,1.35,30.60,0.59,0.58,0.59,BODY
90B4B3F8CA0EFAE6,2.54,1.52,30.00,0.81,0.80,0.78,BODY
39A57A9C7434CF9C,-3.83,1.34,30.20,0.61,0.76,0.74,BODY
56F42AA65E84459A,-1.61,1.49,30.40,0.59,0.57,0.56,BODY
45A7AEC2D81F78F4,-0.17,1.62,30.60,0.28,0.33,0.39,BODY
C25F6CA292125057,0.36,1.17,30.00,0.63,0.64,0.63,BODY
E7975713DF84657A,1.55,1.30,30.20,0.81,0.78,0.78,BODY
EF170709C1BFB0FC,2.97,1.37,30.40,0.83,0.82,0.83,BODY
7338DDD5641668A0,-1.89,1.30,30.60,0.70,0.76,0.78,BODY
57D7B2AD5B6387BB,-0.79,1.38,30.00,0.29,0.33,0.39,BODY
06E44B26114D6A8E,0.23,1.75,30.20,0.28,0.33,0.38,BODY
6556AD35EEEBA1B0,1.49,1.27,30.40,0.58,0.59,0.58,BODY
06064EBF09E8C760,2.33,1.71,30.60,0.82,0.80,0.78,BODY
D43FC46BD58821FF,-3.89,1.38,30.00,0.48,0.59,0.56,BODY
A445088202A7FF65,-1.65,1.70,30.20,0.58,0.56,0.55,BODY
87D244629D51A90F,-0.73,1.55,30.40,0.28,0.33,0.39,BODY
00581E39CE380383,0.86,1.70,30.60,0.65,0.65,0.65,BODY
702F180FA6106EAB,2.05,1.58,30.00,0.81,0.78,0.78,BODY
652AE9D3FD8C38EF,2.84,1.20,30.20,0.83,0.82,0.83,BODY
D4353FDE02F0BED1,-2.27,1.31,30.40,0.74,0.84,0.87,BODY
7B2438BA99DF353E,-1.16,1.58,30.60,0.29,0.32,0.35,BODY
A37E22AB9972CABE,0.02,1.42,30.00,0.28,0.33,0.38,BODY
BEEAB10BA0436719,1.47,1.27,30.20,0.62,0.62,0.62,BODY
28907294BAC4A5BB,2.28,1.84,30.40,0.83,0.80,0.80,BODY
E6E68CF17684374E,3.36,1.52,30.60,0.87,0.86,0.87,BODY
55EDFC6426B5157C,-1.57,1.82,30.00,0.58,0.57,0.55,BODY
C20118F80CD49891,-0.41,1.77,30.20,0.28,0.33,0.39,BODY
5291CFA64C27EE58,0.47,1.35,30.40,0.65,0.65,0.65,BODY
9B17B959B5EE15B5,1.77,1.63,30.60,0.81,0.80,0.78,BODY
94CF51A8C8151304,2.94,1.62,30.00,0.84,0.83,0.83,BODY
15105EB5EC413417,-3.71,1.87,30.20,0.32,0.37,0.32,BODY
6D96F760C4895602,-0.96,1.72,30.40,0.29,0.33,0.35,BODY
4654DCA6FA110930,0.00,1.59,30.60,0.29,0.33,0.39,BODY
BE31452A2070EFA5,1.02,1.62,30.00,0.62,0.62,0.61,BODY
725C91F7BE4BBC99,2.41,1.48,30.20,0.83,0.80,0.80,BODY
8A670D30B989BDE5,3.57,1.70,30.40,0.83,0.78,0.80,BODY
40D18EF19BDD5E6F,-1.36,1.53,30.60,0.59,0.56,0.56,BODY
A769BC328320110E,-0.46,1.55,30.00,0.28,0.33,0.39,BODY
03F03C07677E5ACA,0.74,1.44,30.20,0.67,0.66,0.67,BODY
1B5964C50D992DA5,1.52,1.69,30.40,0.82,0.80,0.78,BODY
B5CB8090D717E431,3.11,1.65,30.60,0.84,0.83,0.83,BODY
C39AF26CC57196E4,-3.91,2.02,30.00,0.45,0.65,0.58,BODY
40B2BFEB297C3D86,-1.10,1.59,30.20,0.29,0.33,0.35,BODY
BACF9FAA62AF8D1C,-0.02,1.68,30.40,0.28,0.33,0.39,BODY
67A12E21A293E9C8,0.97,1.90,30.60,0.78,0.76,0.74,BODY
6E1F22AC3BB429DD,2.10,1.69,30.00,0.83,0.80,0.80,BODY
508F101B09C1C214,3.27,1.61,30.20,0.94,0.94,0.91,BODY
D6B38D236C0259C9,-1.38,2.08,30.40,0.58,0.57,0.55,BODY
08D161562191AFE2,-0.57,1.55,30.60,0.28,0.33,0.39,BODY
3C9AAD24D9858A0D,0.81,1.63,30.00,0.65,0.66,0.65,BODY
A671A38A553A6CFC,1.94,1.71,30.20,0.84,0.81,0.81,BODY
F0BE3FF6C38628B1,3.06,1.96,30.40,0.84,0.83,0.81,BODY
EFB425BF96EFAE26,-2.39,1.96,30.60,0.78,0.92,0.97,BODY
B988131D2DD455C6,-1.02,1.77,30.00,0.29,0.33,0.38,BODY
35C8EFCDA18DBDA1,0.31,2.03,30.20,0.31,0.37,0.40,BODY
7995AF30C9B36DF9,1.12,2.02,30.40,0.80,0.76,0.76,BODY
AE806B0B83A1F3B1,2.14,1.61,30.60,0.83,0.81,0.80,BODY
E13B870D2000B489,-4.33,1.89,30.00,0.46,0.47,0.44,BODY
8A52C83112B661AF,-1.41,1.62,30.20,0.61,0.60,0.58,BODY
B76082DA88E3919E,-0.11,2.09,30.40,0.28,0.33,0.38,BODY
EBE5BE07022A64F0,1.09,1.99,30.60,0.62,0.63,0.62,BODY
B23A40D1F8D95C23,1.83,2.00,30.00,0.84,0.83,0.81,BODY
BE794AB7F96305D2,3.27,1.61,30.20,0.82,0.81,0.80,BODY
DBED3E59AD7880D6,-1.87,1.81,30.40,0.62,0.60,0.59,BODY
3B62E73AE02C2F44,-0.43,1.90,30.60,0.29,0.34,0.39,BODY
1CB6E71867914277,0.78,1.67,30.00,0.70,0.69,0.70,BODY
C531B63D632CF14F,1.34,2.05,30.20,0.82,0.80,0.78,BODY
7DDD0582522C1420,2.57,1.96,30.40,0.84,0.82,0.83,BODY
6F187309F8F1BB9F,-3.92,1.93,30.60,0.39,0.35,0.32,BODY
FEF111CC448C1142,-1.03,1.78,30.00,0.29,0.34,0.36,BODY
AF31828DC02D45CA,-0.17,1.74,30.20,0.29,0.32,0.35,BODY
941D5F44AF150A5E,1.09,1.75,30.40,0.80,0.76,0.76,BODY
11C6743120C3BF51,2.56,1.70,30.60,0.83,0.80,0.81,BODY
1FCC0C3CDF0C06F8,-4.32,2.29,30.00,0.84,0.84,0.84,BODY
07B71364C49AAE0D,-1.13,1.96,30.20,0.59,0.58,0.56,BODY
6F44EC5F70908787,0.00,2.02,30.40,0.26,0.32,0.36,BODY
D8E83FFF41952E1F,0.80,1.90,30.60,0.58,0.59,0.58,BODY
DF1BD04C4D11967F,1.83,2.28,30.00,0.84,0.83,0.81,BODY
50CD2B656E458D1A,2.97,1.88,30.20,0.83,0.82,0.82,BODY
A6F92620B79A6137,-1.67,1.83,30.40,0.64,0.62,0.60,BODY
4BAA8A9C90F2DFD5,-0.40,2.16,30.60,0.29,0.33,0.39,BODY
23FE499665A22853,0.32,2.31,30.00,0.70,0.69,0.70,BODY
6826C7C5CA04311D,1.62,2.20,30.20,0.83,0.82,0.80,BODY
5F71D8E11695A812,3.05,2.21,30.40,0.85,0.83,0.82,BODY
3B20FF9481A1FABF,-2.23,2.39,30.60,0.61,0.64,0.61,BODY
92C00A4094A6038F,-1.08,2.39,30.00,0.29,0.34,0.38,BODY
A8021CDC2562C71F,-0.01,2.20,30.20,0.71,0.70,0.71,BODY
3A2676372442D04F,1.33,2.21,30.40,0.82,0.79,0.78,BODY
F182935F7B0EE848,2.69,2.19,30.60,0.83,0.80,0.80,BODY
2B87545910C325DF,-3.82,2.00,30.00,0.29,0.25,0.22,BODY
09F6AB282A3CEAF2,-1.03,1.94,30.20,0.61,0.59,0.58,BODY
DC8512620E42B0AC,-0.34,2.25,30.40,0.26,0.31,0.35,BODY
FAB76507D06A3CBE,1.08,2.47,30.60,0.74,0.71,0.71,BODY
CE04F572D28BB520,2.09,1.93,30.00,0.81,0.81,0.81,BODY
243DD16853F30C37,3.09,2.34,30.20,0.85,0.86,0.86,BODY
7A24B49A4BF6003F,-1.11,1.95,30.40,0.59,0.58,0.56,BODY
BBCBCFC5DE247560,-0.07,2.01,30.60,0.26,0.32,0.35,BODY
67258B131B919EC1,0.58,2.54,30.00,0.58,0.59,0.58,BODY
ABCB0521F7C278F7,1.79,2.14,30.20,0.83,0.80,0.80,BODY
6C88020310BD079B,2.80,2.48,30.40,0.86,0.85,0.83,BODY
9CE2AA5D013876C4,-1.80,2.05,30.60,0.61,0.60,0.58,BODY
69F1C81CC8DDD7E3,-0.53,2.11,30.00,0.28,0.33,0.38,BODY
14C8CA29D1867FA1,0.58,2.47,30.20,0.64,0.64,0.64,BODY
DE6322B5833819FA,1.55,2.38,30.40,0.83,0.81,0.80,BODY
6E98DC59DDF45D35,2.92,2.18,30.60,0.82,0.80,0.80,BODY
8BD8892A5E9684BF,-1.49,2.12,30.00,0.64,0.64,0.64,BODY
3502E0657694B88B,-0.83,2.56,30.20,0.29,0.33,0.39,BODY
B79837ED521E92F9,0.70,2.08,30.40,0.70,0.70,0.70,BODY
18A15063BE2EAEF3,1.47,2.43,30.60,0.81,0.78,0.78,BODY
5F8ED3FB76A6FED6,3.00,2.30,30.00,0.81,0.80,0.78,BODY
AD1C3097D73C70F3,-1.65,2.29,30.20,0.63,0.63,0.62,BODY
77F8261884F33533,-0.60,2.63,30.40,0.29,0.34,0.39,BODY
9584374350A07684,0.48,2.50,30.60,0.72,0.71,0.72,BODY
A85C0DCB18DD2F07,1.79,2.12,30.00,0.76,0.74,0.73,BODY
B68877ECB11FEE49,2.84,2.32,30.20,0.84,0.83,0.84,BODY
0F6175AA13B9D35D,-2.02,2.42,30.40,0.57,0.78,0.82,BODY
BA5D58F3D6139476,-0.84,2.53,30.60,0.29,0.34,0.39,BODY
70CEE0BFF2C5D819,0.34,2.47,30.00,0.74,0.73,0.74,BODY
98B1591088F1E6F7,1.76,2.29,30.20,0.71,0.70,0.71,BODY
CC9A5BBEECF17DF6,2.81,2.36,30.40,0.83,0.82,0.82,BODY
0523F34DA9CB285E,-3.71,2.50,30.60,0.45,0.64,0.67,BODY
1DB9D56514C11090,-0.80,2.69,30.00,0.29,0.34,0.39,BODY
063825BB7E9F7587,0.58,2.42,30.20,0.75,0.76,0.75,BODY
52121F90150FA903,1.46,2.41,30.40,0.68,0.67,0.68,BODY
46F6088D205363F8,2.57,2.21,30.60,0.83,0.82,0.82,BODY
253ED773B96083F9,-3.95,2.59,30.00,0.45,0.64,0.67,BODY
EB8DFF80B2C43D1B,-0.64,2.42,30.20,0.29,0.33,0.35,BODY
0756B0EF1C4581CA,0.57,2.64,30.40,0.75,0.76,0.75,BODY
1C3F4F5CA455EF15,1.50,2.36,30.60,0.65,0.65,0.65,BODY
D29D20B06D15DFF1,2.33,2.65,30.00,0.81,0.81,0.81,BODY
D8C75C90CC6CE3D7,-3.99,2.39,30.20,0.26,0.20,0.19,BODY
7ADDF9D6AF69B6AE,-1.05,2.80,30.40,0.29,0.33,0.35,BODY
DA33A59821C5AFD0,0.02,2.71,30.60,0.78,0.76,0.78,BODY
8B8BB67B113145D7,1.28,2.65,30.00,0.65,0.64,0.65,BODY
A1FFBFE085FEA0DF,2.26,2.52,30.20,0.81,0.80,0.81,BODY
CC27F311372FEA8B,-4.26,2.63,30.40,0.26,0.20,0.19,BODY
27849E6F5ED0BA57,-0.65,2.89,30.60,0.29,0.33,0.35,BODY
4460179CAB394720,0.35,2.79,30.00,0.78,0.76,0.78,BODY
2631D7B4164B91D3,1.69,2.43,30.20,0.64,0.63,0.64,BODY
42E4D4E8D695A4AC,2.50,2.40,30.40,0.81,0.80,0.81,BODY
E8DE75A5C62DFE1E,-3.90,2.88,30.60,0.26,0.20,0.19,BODY
E75652CFB799EAD2,-0.93,2.63,30.00,0.29,0.33,0.35,BODY
3B70E3663E5D4004,0.58,2.83,30.20,0.78,0.76,0.78,BODY
0069F5B91DE84173,1.20,2.87,30.40,0.62,0.62,0.62,BODY
995E34979B0938FE,2.54,2.74,30.60,0.81,0.80,0.81,BODY
101B25E459B1F5BC,-4.06,3.04,30.00,0.26,0.20,0.19,BODY
155E9B0F51CE801B,-0.91,2.65,30.20,0.29,0.34,0.39,BODY
941A840DB48309C1,0.56,2.97,30.40,0.78,0.76,0.78,BODY
A2CFBF98DC0AF6A1,1.57,2.93,30.60,0.62,0.62,0.62,BODY
B72E1AF7B59F7971,2.69,2.80,30.00,0.81,0.80,0.81,BODY
70711E04BBDE4B27,-3.90,2.75,30.20,0.13,0.19,0.19,BODY
44FD5F80821EBC60,-0.61,2.96,30.40,0.39,0.40,0.42,BODY
A2DB5C514E798F52,0.40,2.87,30.60,0.71,0.73,0.74,BODY
DA72695014ABDF69,1.19,2.92,30.00,0.61,0.62,0.61,BODY
343A1CBB29258DD7,2.52,2.89,30.20,0.84,0.73,0.68,BODY
598140271C170340,-4.04,2.96,30.40,0.22,0.20,0.16,BODY
498C419C7DCCAAE6,-0.99,2.72,30.60,0.46,0.45,0.47,BODY
62D94718B673B753,-0.05,3.12,30.00,0.22,0.27,0.32,BODY
D0B3DFC4E9620600,1.36,3.13,30.20,0.61,0.62,0.61,BODY
2D4FB88788A4355E,2.31,2.81,30.40,0.67,0.49,0.37,BODY
2B5102B041834663,-4.30,3.09,30.60,0.22,0.20,0.16,BODY
0BB9EF9B97BE439C,-0.55,2.66,30.00,0.31,0.34,0.37,BODY
0BC0D8C1D2DAEA2F,0.22,2.92,30.20,0.71,0.73,0.74,BODY
FB7CCA6D70D75456,1.47,3.08,30.40,0.60,0.61,0.60,BODY
69886253477A9B60,2.51,2.97,30.60,0.77,0.71,0.67,BODY
5B883136C3D3CB06,-4.17,2.96,30.00,0.38,0.43,0.44,BODY
B6B1BDA455C8BAFA,-0.55,3.10,30.20,0.31,0.34,0.37,BODY
5C7AF0F9B7F37C2B,0.34,2.85,30.40,0.70,0.69,0.70,BODY
51FE09228135E17C,1.57,2.72,30.60,0.60,0.61,0.60,BODY
CE6329DE1951E1BC,2.67,3.18,30.00,0.77,0.71,0.67,BODY
FF98ECCE8F724902,-3.88,3.08,30.20,0.35,0.36,0.35,BODY
E0941C2387AC6CA0,-0.47,2.92,30.40,0.29,0.33,0.39,BODY
B659ADEF49C1B555,0.38,2.78,30.60,0.57,0.58,0.58,BODY
933836530811DBB7,1.29,2.97,30.00,0.59,0.59,0.59,BODY
98B5932E23B9D9B7,2.95,2.89,30.20,0.72,0.59,0.53,BODY
7DF08EA7EF0A73FD,-1.69,2.85,30.40,0.88,0.85,0.89,BODY
0D7CDE3954240373,-0.75,3.18,30.60,0.29,0.33,0.39,BODY
350286A1472F2300,0.65,2.84,30.00,0.74,0.73,0.71,BODY
FDFD319F63D04DC8,1.86,3.23,30.20,0.58,0.56,0.58,BODY
7A5638C1B59AC817,2.96,3.28,30.40,0.74,0.70,0.68,BODY
4829C2E0E0041FCA,-1.66,3.03,30.60,0.88,0.85,0.89,BODY
55E2BAAB2E96A41E,-0.72,3.02,30.00,0.29,0.34,0.39,BODY
F99D5CD544E11957,0.42,2.99,30.20,0.74,0.73,0.71,BODY
0CF0F9320105903B,1.75,2.81,30.40,0.51,0.45,0.44,BODY
A3B4F7744CA8B0AC,2.87,3.21,30.60,0.69,0.69,0.70,BODY
B4FDE064F98E56E8,-1.74,3.32,30.00,0.88,0.85,0.89,BODY
8E384F0BE1C19D0B,-0.54,2.85,30.20,0.29,0.34,0.39,BODY
9439E75E4D40FFA0,0.86,3.34,30.40,0.78,0.76,0.75,BODY
EACD8DCF261E8CD0,1.94,3.16,30.60,0.39,0.24,0.16,BODY
146ED39BCCAAFC5C,2.67,3.12,30.00,0.65,0.67,0.68,BODY
78A5046C2A8C4728,-1.66,3.00,30.20,0.65,0.64,0.61,BODY
84968C0BA443360F,-0.33,3.12,30.40,0.30,0.34,0.39,BODY
8AB352948751E9C6,0.51,2.95,30.60,0.80,0.78,0.76,BODY
D9A1C757906F7449,1.53,2.94,30.00,0.42,0.20,0.09,BODY
CBAF91FA3FB7B5CF,2.85,3.00,30.20,0.55,0.60,0.65,BODY
06A52D3D1E40D40E,-1.34,3.19,30.40,0.65,0.68,0.67,BODY
15A7B875C3E62599,-0.21,3.28,30.60,0.30,0.33,0.37,BODY
AE0310E20A94FCD1,0.95,3.43,30.00,0.80,0.78,0.76,BODY
09CCBDC2B25FFFBB,1.91,3.12,30.20,0.45,0.23,0.13,BODY
346FEB5E12E871E9,2.98,3.16,30.40,0.54,0.56,0.58,BODY
68F054CFECBBE67A,-1.74,3.03,30.60,0.65,0.64,0.61,BODY
3CA53CCD7DE458AD,-0.33,3.32,30.00,0.30,0.33,0.37,BODY
E0CD9874C7850756,0.76,3.54,30.20,0.78,0.78,0.78,BODY
D2B156089335F972,1.73,3.28,30.40,0.48,0.26,0.16,BODY
4BC260239642913F,2.87,3.28,30.60,0.52,0.54,0.55,BODY
86280707A74E2BFF,-1.18,3.63,30.00,0.65,0.64,0.61,BODY
9589D0267CB7A69A,-0.57,3.16,30.20,0.30,0.33,0.37,BODY
886D5C1925A3D1F0,0.85,3.34,30.40,0.81,0.81,0.81,BODY
C1C256D7E8B82D0A,2.11,3.14,30.60,0.52,0.29,0.19,BODY
A50904F004AB9BD9,2.83,3.15,30.00,0.52,0.54,0.55,BODY
3BACED1B341AC89A,-1.32,3.43,30.20,0.60,0.60,0.59,BODY
1E6986D9A8298B52,-0.44,3.48,30.40,0.30,0.34,0.36,BODY
C25B91860AE8EC60,1.08,3.63,30.60,0.82,0.80,0.78,BODY
BDC09007A1C376A3,2.05,3.10,30.00,0.58,0.33,0.22,BODY
E4AA056BE6E869A6,3.32,3.46,30.20,0.57,0.60,0.61,BODY
42B11B100D8447CC,-1.56,3.35,30.40,0.60,0.60,0.59,BODY
CF0CFFABD2B1EACD,-0.28,3.59,30.60,0.31,0.35,0.38,BODY
DC0493CA76760BDF,1.13,3.43,30.00,0.82,0.80,0.78,BODY
EF33B7704BDA9933,2.23,3.40,30.20,0.55,0.29,0.19,BODY
9796951DB2CF2755,2.80,3.68,30.40,0.62,0.64,0.64,BODY
6E87A4E270C988A1,-1.36,3.78,30.60,0.62,0.62,0.60,BODY
CB8E054A04407D1A,-0.01,3.59,30.00,0.31,0.35,0.38,BODY
5B92355B37368485,0.96,3.25,30.20,0.82,0.80,0.78,BODY
EE23F377B4EC3767,1.81,3.49,30.40,0.58,0.33,0.22,BODY
83E98725676DDA20,3.40,3.53,30.60,0.68,0.68,0.68,BODY
4E5AACB237C1528A,-1.46,3.65,30.00,0.60,0.60,0.59,BODY
29F69B541E96B0A1,-0.53,3.82,30.20,0.31,0.35,0.38,BODY
5E3E56BD497DE17E,1.00,3.75,30.40,0.83,0.80,0.80,BODY
E0C2BC386ABD1D61,2.18,3.81,30.60,0.58,0.33,0.22,BODY
A97FBA886E10A026,3.29,3.65,30.00,0.68,0.68,0.68,BODY
53F876ACFCA384F9,-1.28,3.71,30.20,0.61,0.60,0.58,BODY
FDE7F0FE2C226244,-0.13,3.33,30.40,0.31,0.34,0.38,BODY
789A3063244701D1,1.03,3.57,30.60,0.84,0.82,0.81,BODY
43925DFF4D8E2B43,2.04,3.48,30.00,0.62,0.35,0.25,BODY
93474595835C4341,2.89,3.65,30.20,0.68,0.68,0.71,BODY
763CD53B1B2965BF,-1.23,3.82,30.40,0.61,0.60,0.58,BODY
897BA784CBC76824,-0.10,3.42,30.60,0.31,0.34,0.38,BODY
B6F88C0C9FF37591,1.20,3.51,30.00,0.84,0.82,0.81,BODY
F6C0D211D815C5D8,1.84,3.70,30.20,0.67,0.36,0.24,BODY
35F81124FEE4ADD3,3.12,3.58,30.40,0.71,0.73,0.71,BODY
BC15867D5C53A74C,-1.38,3.40,30.60,0.61,0.60,0.58,BODY
7073E33DD5FAE558,-0.25,3.60,30.00,0.32,0.35,0.39,BODY
9BB8A47246DFC0B3,1.16,3.50,30.20,0.84,0.82,0.81,BODY
CDAB4414D696C446,2.06,3.71,30.40,0.62,0.35,0.25,BODY
D28CBA74CE52A4A2,3.42,3.49,30.60,0.71,0.73,0.71,BODY
E6745EABCCB3A023,-1.48,3.84,30.00,0.65,0.65,0.62,BODY
0CEC856936209975,-0.50,3.98,30.20,0.32,0.35,0.39,BODY
9579F87A1C8C150E,0.77,3.86,30.40,0.84,0.82,0.81,BODY
34A9658FEC88EED5,2.26,3.77,30.60,0.67,0.36,0.24,BODY
D3E533E2DAE97F85,3.15,3.81,30.00,0.78,0.76,0.78,BODY
42498B0FCFBB2D06,-1.54,3.64,30.20,0.65,0.64,0.61,BODY
9D48748F2A670529,-0.34,3.96,30.40,0.32,0.35,0.40,BODY
C9C27AF598B7F002,0.72,3.92,30.60,0.84,0.83,0.81,BODY
DCF0021024E4EF1C,2.23,3.56,30.00,0.65,0.33,0.22,BODY
F3D798F0748D566E,3.23,3.81,30.20,0.78,0.80,0.81,BODY
5674B84B401F81EE,-1.53,3.62,30.40,0.84,0.85,0.83,BODY
0BBFAA8BA61F41A5,-0.42,3.97,30.60,0.32,0.35,0.40,BODY
0B9CF6086552A4EB,1.14,3.77,30.00,0.84,0.83,0.81,BODY
641694ABE113CCFA,2.04,3.95,30.20,0.65,0.33,0.22,BODY
45F4223237E5A031,2.89,4.02,30.40,0.78,0.80,0.81,BODY
340962F6CCDD1AEF,-1.36,3.66,30.60,0.94,0.95,0.94,BODY
D80149676E1D6598,-0.25,3.80,30.00,0.32,0.35,0.40,BODY
AAD814102D9D4161,1.02,4.03,30.20,0.84,0.83,0.81,BODY
6F8FAA830C3CB78A,2.02,3.96,30.40,0.65,0.33,0.22,BODY
0228E93D1BD42FEA,2.93,4.19,30.60,0.78,0.80,0.81,BODY
411E39D2219E8104,-1.40,4.12,30.00,0.94,0.95,0.94,BODY
52A7CFE90C258F78,-0.10,3.90,30.20,0.32,0.36,0.41,BODY
3FA40F6F9A0E0A35,0.74,3.69,30.40,0.84,0.83,0.81,BODY
BE3570755FB85DCF,1.85,4.01,30.60,0.61,0.33,0.22,BODY
BD84B8F7B9684DD0,2.89,3.68,30.00,0.78,0.80,0.81,BODY
964DC2CB78A5424D,-3.96,3.89,30.20,0.69,0.84,0.86,BODY
B80D1A1A44BFF1AD,-0.23,3.89,30.40,0.32,0.36,0.39,BODY
DF42ADA7D3D438EE,0.85,4.17,30.60,0.84,0.83,0.82,BODY
29205A7ADB796C99,1.97,3.74,30.00,0.64,0.33,0.22,BODY
89F9B6C701B38A5A,2.98,4.17,30.20,0.06,0.06,0.06,BODY
6A9B138CD8218560,-4.18,4.10,30.40,0.43,0.48,0.46,BODY
DA3E696048DF57B2,-0.60,4.29,30.60,0.38,0.40,0.43,BODY
8EA87DC019FFF7E4,0.97,3.89,30.00,0.84,0.83,0.81,BODY
E7B347C78D15FC4D,1.57,3.96,30.20,0.62,0.32,0.22,BODY
CFC24430736D7C74,2.85,3.79,30.40,0.06,0.06,0.06,BODY
4236C9D86C2E09E7,-4.37,4.01,30.60,0.32,0.27,0.22,BODY
743213FA89741A6C,-0.23,4.24,30.00,0.45,0.45,0.47,BODY
B3E1F51F787B8491,0.43,4.32,30.20,0.84,0.82,0.81,BODY
BF595AB4F185C16B,1.93,4.17,30.40,0.62,0.32,0.22,BODY
0755068D3DFF5FDB,2.69,4.37,30.60,0.03,0.02,0.00,BODY
1CFA2F9FF6BC8D1D,-4.08,4.16,30.00,0.32,0.27,0.22,BODY
438BE31A9B1BF21F,-0.20,4.28,30.20,0.57,0.55,0.56,BODY
B72B9A07855976E3,0.63,4.31,30.40,0.84,0.82,0.81,BODY
04F9C65D8C0F591D,2.05,4.32,30.60,0.61,0.32,0.22,BODY
E0D113CB91FA5160,2.71,4.19,30.00,0.03,0.02,0.00,BODY
D9B88BDEB8BE6CAA,-4.26,4.26,30.20,0.26,0.25,0.19,BODY
67F8E83C7B58A512,-0.20,4.11,30.40,0.58,0.59,0.58,BODY
1D260D0615691196,0.43,4.15,30.60,0.84,0.83,0.81,BODY
9AAB6370F8E3C34D,1.88,4.24,30.00,0.61,0.33,0.22,BODY
D19D8D0AF737E7AF,2.90,4.25,30.20,0.01,0.01,0.00,BODY
8743F39F8FDBA17B,-4.18,4.03,30.40,0.26,0.25,0.19,BODY
24D9A09E138DE5A2,-0.66,4.07,30.60,0.58,0.56,0.55,BODY
45BF1ADFB1CFFD3F,0.75,3.98,30.00,0.84,0.83,0.81,BODY
C5D8A5B9649EF514,1.75,4.02,30.20,0.62,0.33,0.21,BODY
A8EE7FAD79BE4141,2.83,4.38,30.40,0.01,0.01,0.00,BODY
22C12B1EDA2AF015,-4.11,4.27,30.60,0.26,0.25,0.19,BODY
466468610D1A821A,-0.28,4.25,30.00,0.58,0.56,0.55,BODY
715BEF920535B8A9,0.70,4.28,30.20,0.84,0.83,0.81,BODY
3EC79913211E18DA,1.94,4.18,30.40,0.62,0.33,0.21,BODY
2E9A8766B341AEA8,3.28,4.57,30.60,0.00,0.00,0.00,BODY
5B0493494D192841,-4.36,4.34,30.00,0.26,0.25,0.19,BODY
EA2A710A49A170A5,-0.13,4.24,30.20,0.58,0.56,0.55,BODY
BA36A16EDC9CBD8E,0.56,4.26,30.40,0.84,0.83,0.81,BODY
F13781920E866FCC,1.75,4.29,30.60,0.62,0.33,0.21,BODY
5361B763F452418E,2.92,4.11,30.00,0.01,0.01,0.00,BODY
CCFF35A8CA6D50BB,-4.04,4.40,30.20,0.22,0.20,0.19,BODY
0B02DE2812FFFEA1,-0.39,4.41,30.40,0.61,0.59,0.58,BODY
AEC3723C648953F0,0.60,4.53,30.60,0.83,0.82,0.81,BODY
30D39DD5773C5C58,1.89,4.38,30.00,0.65,0.33,0.19,BODY
1D5D61C2E0DA6832,2.84,4.27,30.20,0.01,0.01,0.01,BODY
CA8C4B67EC86761B,-4.59,4.66,30.40,0.22,0.20,0.19,BODY
A433D889B92A67C1,-0.54,4.64,30.60,0.62,0.60,0.59,BODY
433050A4E3B2ACA9,0.78,4.65,30.00,0.83,0.82,0.81,BODY
18E8EB2FCB0809F6,1.76,4.30,30.20,0.62,0.35,0.24,BODY
D27D795A6DF03FB8,2.74,4.16,30.40,0.01,0.01,0.01,BODY
2DE3E168AAD5AD6C,-4.09,4.29,30.60,0.11,0.42,0.43,BODY
907336E677CD129A,-0.75,4.76,30.00,0.64,0.61,0.60,BODY
5E72221B66CC5E72,0.40,4.49,30.20,0.81,0.80,0.81,BODY
437A294D8855CEFA,1.64,4.56,30.40,0.62,0.46,0.36,BODY
5D6D220FFD8AC8C6,2.66,4.47,30.60,0.01,0.01,0.01,BODY
FCA9787E9A9C1477,4.25,4.74,30.00,0.68,0.70,0.68,BODY
F1CE3496BEFD26E2,-0.48,4.58,30.20,0.64,0.61,0.60,BODY
1AB87F6A24134ABE,0.47,4.49,30.40,0.78,0.77,0.76,BODY
30759558F7C3D450,1.55,4.46,30.60,0.78,0.75,0.71,BODY
9C18BF8E3180F3F5,2.58,4.59,30.00,0.03,0.00,0.00,BODY
3D43F97F2CBF4627,3.77,4.76,30.20,0.71,0.71,0.68,BODY
89EDE60663D7B768,-0.97,4.32,30.40,0.65,0.60,0.58,BODY
457B8AD6D7869013,0.28,4.61,30.60,0.68,0.67,0.68,BODY
4A321121F206DE4A,1.45,4.56,30.00,0.85,0.83,0.83,BODY
6BF93EA93430BD0F,2.33,4.58,30.20,0.60,0.50,0.45,BODY
7CAC688C492502F0,3.90,4.80,30.40,0.65,0.65,0.65,BODY
88A1F3D3FA38F656,-3.47,4.60,30.60,0.40,0.66,0.65,BODY
B83F37B52801342F,-0.40,4.45,30.00,0.43,0.44,0.45,BODY
C5CB73684BC0D131,0.86,4.57,30.20,0.86,0.84,0.83,BODY
9884CA4973A5E92E,2.03,4.72,30.40,0.64,0.41,0.31,BODY
FE54239917BEDC05,3.34,4.70,30.60,0.87,0.86,0.87,BODY
B97CC297DE21DBF0,-4.33,4.89,30.00,0.24,0.19,0.16,BODY
99157EAFF7161EBA,-0.74,4.91,30.20,0.64,0.61,0.60,BODY
216A930E49AF7867,0.49,4.65,30.40,0.81,0.80,0.78,BODY
15914A9FD4817BB7,1.85,4.51,30.60,0.52,0.53,0.55,BODY
A82D00FB7A0B06D1,3.06,4.91,30.00,0.81,0.81,0.81,BODY
9CD84A4537BF6478,3.98,4.95,30.20,0.32,0.35,0.29,BODY
62B00D95EE853067,-0.70,4.71,30.40,0.75,0.73,0.69,BODY
42019A71BDB82711,-0.03,4.99,30.60,0.68,0.67,0.68,BODY
7E316D4B86B51313,1.33,4.51,30.00,0.86,0.84,0.85,BODY
3475EEF15533EF44,2.61,4.46,30.20,0.65,0.65,0.65,BODY
D00AF5627BDADEFC,3.28,4.82,30.40,0.52,0.54,0.52,BODY
313F9A07E76CE605,-4.02,4.71,30.60,0.32,0.25,0.19,BODY
22C65B55C4BB5930,-0.20,4.58,30.00,0.58,0.57,0.58,BODY
9AACD920E252DEE0,1.17,5.03,30.20,0.87,0.84,0.84,BODY
E0542535150AE336,1.79,5.03,30.40,0.65,0.62,0.61,BODY
68AF6656CDFE6359,3.22,4.89,30.60,0.87,0.86,0.84,BODY
8C8BD4C16B79C174,-4.26,4.55,30.00,0.32,0.24,0.20,BODY
261FE496227623EB,-0.78,5.12,30.20,0.65,0.61,0.60,BODY
84EDD16DFBC5A06F,0.66,5.00,30.40,0.78,0.78,0.78,BODY
C523432524A1620C,1.93,4.94,30.60,0.45,0.49,0.52,BODY
40F24A143B52DB5A,2.74,4.68,30.00,0.84,0.83,0.84,BODY
F5871B02ACD8CB17,3.84,5.13,30.20,0.29,0.30,0.22,BODY
67C61720BAA0A72C,-0.77,4.82,30.40,0.74,0.73,0.72,BODY
6C260670789C1C5F,-0.04,4.85,30.60,0.69,0.69,0.69,BODY
5446737616081B33,1.20,4.96,30.00,0.84,0.83,0.81,BODY
D19BE977C24A3ADC,2.76,4.89,30.20,0.45,0.47,0.45,BODY
72AAC30870B390AF,3.94,5.09,30.40,0.74,0.73,0.73,BODY
0274DEE500E05455,-3.91,5.22,30.60,0.33,0.31,0.25,BODY
4E742C1D051A06D6,-0.02,4.85,30.00,0.53,0.53,0.54,BODY
FDB617916A594710,0.87,4.82,30.20,0.88,0.85,0.84,BODY
FFE6BC63F6CA86A9,2.19,5.07,30.40,0.71,0.73,0.71,BODY
AC24F860FA7325A1,3.51,4.81,30.60,0.09,0.09,0.09,BODY
B3152D70F8EE9658,-4.10,4.86,30.00,0.34,0.27,0.20,BODY
D1F4AEA52AC4AF82,-0.69,4.97,30.20,0.64,0.60,0.59,BODY
632F9A3E3FE7A484,0.72,5.17,30.40,0.84,0.83,0.81,BODY
2EB14E63AB26FEC3,1.77,4.92,30.60,0.68,0.67,0.68,BODY
255D000BBBAB7373,2.91,4.97,30.00,0.39,0.41,0.42,BODY
44458BAA3DE494A1,4.33,5.01,30.20,0.58,0.89,0.74,BODY
55DD562B5634B51B,-0.39,5.09,30.40,0.61,0.60,0.58,BODY
B4390A61C6B2BBE9,0.51,5.18,30.60,0.76,0.73,0.73,BODY
01CBFADF55804889,1.51,5.02,30.00,0.48,0.51,0.52,BODY
E90BC8B0F34FE812,2.75,5.28,30.20,0.74,0.75,0.74,BODY
C5C8032B24CB5A63,3.57,4.99,30.40,0.58,0.54,0.51,BODY
BFD86EB9849471BA,-0.76,4.92,30.60,0.86,0.86,0.85,BODY
3B9226D092A3FAED,0.47,5.40,30.00,0.70,0.69,0.69,BODY
E145DA9FFC30A606,1.43,5.29,30.20,0.84,0.81,0.81,BODY
BA5689841B28458A,2.34,5.36,30.40,0.68,0.68,0.68,BODY
4D461A98F65D1D2B,3.95,5.36,30.60,0.74,0.73,0.73,BODY
4F0DB931AA67DFD3,-0.77,5.42,30.00,0.94,0.95,0.94,BODY
AA15D767C11691F1,0.14,4.90,30.20,0.68,0.65,0.65,BODY
D9A15F39C468DBE7,1.06,5.05,30.40,0.88,0.84,0.82,BODY
E37527A6E8B337AD,2.39,5.02,30.60,0.78,0.78,0.78,BODY
E74065F922441E84,3.65,4.91,30.00,0.74,0.73,0.73,BODY
21A9E45D0F237756,-3.67,5.38,30.20,0.39,0.70,0.74,BODY
663C614F9F936C94,-0.07,4.90,30.40,0.68,0.65,0.65,BODY
E50A269C99AF2241,1.34,5.29,30.60,0.89,0.85,0.83,BODY
388820269D3D9FE8,2.67,4.92,30.00,0.83,0.82,0.82,BODY
990A0EE4E3098E9C,3.68,5.44,30.20,0.74,0.73,0.71,BODY
C33A9E9A92FBA520,-3.87,5.50,30.40,0.39,0.70,0.74,BODY
BA41D4333AA4DF4E,0.30,5.17,30.60,0.74,0.70,0.71,BODY
684CC3C200A98FBB,1.57,5.54,30.00,0.89,0.85,0.83,BODY
B791B153DBD104F5,2.54,5.15,30.20,0.85,0.84,0.83,BODY
A5C958B76FE7017D,3.35,5.45,30.40,0.74,0.73,0.71,BODY
89A2E55B3993DA0D,-3.95,5.49,30.60,0.30,0.43,0.45,BODY
BCA0FC3E4B76E576,-0.02,5.55,30.00,0.72,0.68,0.69,BODY
097065F85364CA9F,1.27,5.56,30.20,0.70,0.68,0.69,BODY
5374C25E5CD85D7D,2.71,5.44,30.40,0.85,0.84,0.83,BODY
6984F1176B92AB9D,3.83,5.20,30.60,0.74,0.73,0.71,BODY
1B5AA692C776A1A4,-4.03,5.15,30.00,0.26,0.32,0.39,BODY
7FEA2D7DBB8A5C63,0.35,5.28,30.20,0.70,0.67,0.67,BODY
01BB3306F7E953C8,1.10,5.53,30.40,0.70,0.68,0.69,BODY
E2B6C071DCB5BC67,2.40,5.61,30.60,0.85,0.84,0.83,BODY
EF184136609E3105,3.77,5.11,30.00,0.74,0.73,0.71,BODY
53B6101A0A1FE572,-3.89,5.17,30.20,0.28,0.50,0.46,BODY
6602679E3A810D5C,0.48,5.47,30.40,0.70,0.66,0.64,BODY
3A133CB43CD36135,1.19,5.12,30.60,0.65,0.65,0.65,BODY
D4CAEC031D0EB8B2,2.74,5.45,30.00,0.87,0.86,0.85,BODY
8AAAC4029B93F0C0,3.45,5.69,30.20,0.74,0.71,0.71,BODY
1A6DD22BD4731D55,-4.05,5.66,30.40,0.30,0.66,0.60,BODY
8D173C40CBFCC470,0.19,5.31,30.60,0.72,0.69,0.67,BODY
528A8AAB8E876814,1.45,5.45,30.00,0.52,0.53,0.55,BODY
BD551BEFCC8505E4,2.74,5.27,30.20,0.87,0.86,0.85,BODY
3F3944030E669FBF,3.77,5.26,30.40,0.74,0.71,0.71,BODY
029EECA9FE12102D,-3.87,5.22,30.60,0.26,0.33,0.32,BODY
9314823F89DB239E,0.54,5.20,30.00,0.70,0.66,0.64,BODY
392C6DC9485D1BC9,1.22,5.55,30.20,0.78,0.76,0.75,BODY
EED67586D54E5E27,2.26,5.32,30.40,0.91,0.89,0.87,BODY
0AC4AFC804456259,3.54,5.29,30.60,0.74,0.71,0.71,BODY
209B633EC3DA39FF,-3.81,5.68,30.00,0.32,0.25,0.19,BODY
2B0398217441C4FF,0.18,5.73,30.20,0.65,0.62,0.61,BODY
785DDE1A76DC9984,1.31,5.30,30.40,0.87,0.86,0.84,BODY
14F53F8311414D27,2.64,5.43,30.60,0.87,0.86,0.85,BODY
C74564D011D90105,3.82,5.58,30.00,0.76,0.75,0.73,BODY
0983FED1C93F89DF,-3.75,5.33,30.20,0.29,0.40,0.31,BODY
A0A7FDEC87853885,0.11,5.82,30.40,0.58,0.55,0.54,BODY
4FE71C582BE59725,1.46,5.41,30.60,0.87,0.86,0.84,BODY
6B9D8BA2D9B4B556,2.11,5.59,30.00,0.59,0.59,0.59,BODY
772B515101856201,3.26,5.49,30.20,0.78,0.76,0.74,BODY
A5D91959CB4CA7FD,-4.11,5.51,30.40,0.32,0.59,0.46,BODY
8E303D4D3D33C997,0.36,5.54,30.60,0.55,0.53,0.52,BODY
E4A16A48DBDE8874,1.04,5.37,30.00,0.87,0.86,0.84,BODY
5D9971F47D5F79BE,2.26,5.44,30.20,0.94,0.92,0.91,BODY
9BF5CD0FB50AA8AA,3.27,5.80,30.40,0.78,0.76,0.74,BODY
B16F2DFAEBC4DAFA,-3.89,5.87,30.60,0.32,0.59,0.46,BODY
7EC49A952DC2222B,-0.05,5.88,30.00,0.55,0.53,0.52,BODY
90AE1B272A72B6FC,1.46,5.96,30.20,0.87,0.86,0.84,BODY
81511075F33670DD,2.62,5.56,30.40,0.87,0.87,0.87,BODY
FB03CC3AA8727A61,3.66,5.98,30.60,0.78,0.76,0.74,BODY
B1B331BF49BD1E36,-3.85,5.56,30.00,0.35,0.78,0.61,BODY
63DED907CF22D7EC,0.39,6.04,30.20,0.65,0.60,0.58,BODY
5C259D021BCA8D80,1.30,5.90,30.40,0.87,0.86,0.84,BODY
6F2C924DC81B48BE,2.38,5.86,30.60,0.91,0.89,0.88,BODY
6DA4FB15267DD557,3.44,5.53,30.00,0.76,0.75,0.73,BODY
9051D16976B40EE2,-4.17,5.56,30.20,0.18,0.81,0.69,BODY
0C29145EB384D2C6,0.09,5.97,30.40,0.58,0.54,0.52,BODY
40295948BB63B3D5,1.45,5.86,30.60,0.91,0.86,0.84,BODY
52811C0C85A07298,2.51,5.53,30.00,0.87,0.87,0.87,BODY
EE7FED74383ADBCC,3.74,5.50,30.20,0.77,0.75,0.74,BODY
2EE56F02A695ED2D,-4.24,5.62,30.40,0.18,0.81,0.69,BODY
A0F7E58683C23A2C,-0.02,5.62,30.60,0.59,0.56,0.54,BODY
09392E94C4E9A0B8,1.30,5.68,30.00,0.91,0.86,0.84,BODY
7F90A9E8EF1B7936,2.30,5.85,30.20,0.87,0.87,0.87,BODY
56716A4967DF6529,3.56,5.67,30.40,0.77,0.75,0.74,BODY
B2EAF37FE83CE2EF,-4.08,5.95,30.60,0.29,0.56,0.45,BODY
1F26EF895101653A,0.29,5.60,30.00,0.59,0.56,0.54,BODY
B9B76B7AB9D42E2E,1.42,5.86,30.20,0.91,0.86,0.84,BODY
119099BCED8E79FC,2.11,5.74,30.40,0.91,0.89,0.87,BODY
F5F58703006DB009,3.58,6.19,30.60,0.74,0.73,0.71,BODY
0EFF0BB09BF6BEFB,-3.64,5.81,30.00,0.22,0.25,0.22,BODY
BBD8D37A12F01C54,0.08,6.20,30.20,0.61,0.59,0.58,BODY
26C1E92EAD325A4C,1.56,5.95,30.40,0.84,0.80,0.77,BODY
52F6B0554F8B90C0,2.28,5.68,30.60,0.91,0.89,0.87,BODY
A3A6F0322E214AB2,3.60,6.15,30.00,0.55,0.51,0.45,BODY
82E4FB3E8A21293A,-3.49,6.06,30.20,0.19,0.20,0.22,BODY
064B6992997C11B5,0.37,5.89,30.40,0.68,0.65,0.65,BODY
27F83B05B5F342DC,1.69,6.24,30.60,0.80,0.78,0.77,BODY
0D933EB3F8DFE2E9,2.86,6.04,30.00,0.06,0.03,0.03,BODY
547113855CBD8E69,3.47,6.20,30.20,0.42,0.35,0.32,BODY
420F1C3E7122A2B4,-3.65,6.18,30.40,0.32,0.25,0.22,BODY
F5B09BEFF0457446,0.19,5.90,30.60,0.65,0.62,0.61,BODY
19339EE8A980F975,1.54,5.79,30.00,0.80,0.78,0.77,BODY
94EB60F765507DB2,2.52,6.00,30.20,0.06,0.03,0.03,BODY
B62A9EDA841268CC,3.95,5.88,30.40,0.84,0.81,0.78,BODY
E546FC8706F8658A,-3.40,6.22,30.60,0.35,0.37,0.36,BODY
8031A93819B4E2DC,0.44,5.93,30.00,0.78,0.75,0.71,BODY
73698749B61A072C,1.86,5.84,30.20,0.52,0.47,0.45,BODY
C27D1CAD53B8A211,2.81,5.86,30.40,0.81,0.78,0.74,BODY
B0A26F6A8FF61A66,-4.39,6.09,30.60,0.25,0.47,0.55,BODY
D5C4E668EC8ACF34,-0.62,6.29,30.00,0.87,0.95,0.94,BODY
EAA9F958296560A8,0.60,6.36,30.20,0.82,0.79,0.75,BODY
47A9DA9DB4EE9E53,1.64,6.16,30.40,0.80,0.78,0.77,BODY
170FBE4FACEC7F6F,3.03,5.89,30.60,0.81,0.78,0.74,BODY
2FDB50659994EC9D,-4.37,5.96,30.00,0.26,0.24,0.19,BODY
335A9CA0F55812FA,-0.23,5.99,30.20,0.68,0.64,0.61,BODY
B3EF7F8B676AFD41,1.09,6.36,30.40,0.87,0.86,0.84,BODY
5B483B0B009E03B8,1.99,6.34,30.60,0.81,0.78,0.78,BODY
499F7795C2532BC6,3.17,6.38,30.00,0.81,0.76,0.74,BODY
2A7F3207E6265CDD,-4.27,6.10,30.20,0.35,0.29,0.19,BODY
BBE86C3106BFED53,0.27,6.52,30.40,0.65,0.63,0.62,BODY
97F077DFC0AB19D9,1.50,6.11,30.60,0.84,0.81,0.81,BODY
F0B5CB030DC049BB,2.56,6.32,30.00,0.36,0.34,0.33,BODY
1FDE4924F66BFF53,3.41,6.55,30.20,0.84,0.83,0.81,BODY
0DC677BF041AB859,-3.48,6.32,30.40,0.29,0.41,0.52,BODY
9AB4791F26A96209,0.67,6.11,30.60,0.77,0.73,0.71,BODY
6831330E2F7DAF40,1.38,6.52,30.00,0.85,0.83,0.81,BODY
206994FF270688A5,2.93,6.50,30.20,0.74,0.73,0.71,BODY
3C072C0D61F63903,3.97,6.26,30.40,0.78,0.92,0.87,BODY
859BEA38963C85A7,-0.31,6.44,30.60,0.84,0.98,0.97,BODY
5E02D028FD757779,1.01,6.44,30.00,0.87,0.85,0.83,BODY
2D6B1E5C61AACCD9,2.12,6.14,30.20,0.29,0.25,0.26,BODY
5F68CC429A1F1E10,3.10,6.29,30.40,0.81,0.76,0.74,BODY
17087DF03D6C449A,-4.11,6.39,30.60,0.61,0.73,0.84,BODY
5099C2E0F123AD74,0.31,6.27,30.00,0.73,0.70,0.67,BODY
F7FFCAA6C91120FD,1.31,6.27,30.20,0.86,0.82,0.80,BODY
A636D956E98B9106,2.58,6.69,30.40,0.48,0.47,0.45,BODY
D6EE67D0E83BC79A,3.75,6.23,30.60,0.87,0.84,0.84,BODY
1D738196CA93607C,-0.01,6.50,30.00,0.80,0.78,0.77,BODY
3ACE485945D11BCE,1.25,6.43,30.20,0.88,0.86,0.85,BODY
B0553E7ABDEFE519,2.39,6.59,30.40,0.32,0.31,0.29,BODY
CE7FD8119F2806CA,3.49,6.33,30.60,0.59,0.55,0.49,BODY
B6AC72CC8AD2DE18,-4.15,6.24,30.00,0.26,0.32,0.35,BODY
193817624B92AC7A,0.52,6.67,30.20,0.87,0.84,0.81,BODY
C9729E30DE262117,1.64,6.57,30.40,0.81,0.76,0.74,BODY
5B206939EE2D92DE,3.10,6.73,30.60,0.78,0.76,0.74,BODY
B563DB1BFDED0FDD,-4.07,6.46,30.00,0.39,0.62,0.78,BODY
628FF76D30312B55,0.80,6.38,30.20,0.84,0.80,0.78,BODY
E5F2168381427A28,1.49,6.43,30.40,0.82,0.79,0.78,BODY
7828EC40E301F6DB,2.82,6.60,30.60,0.80,0.77,0.74,BODY
A08C64A9009A0D96,3.80,6.30,30.00,0.26,0.27,0.22,BODY
4F32660570F40722,0.56,6.79,30.20,0.81,0.79,0.77,BODY
90E3543B37015896,1.53,6.89,30.40,0.84,0.80,0.78,BODY
E51FB0B018ADF746,2.94,6.75,30.60,0.81,0.76,0.74,BODY
0EBC3CBE17119E93,4.18,6.44,30.00,0.35,0.36,0.32,BODY
52EAEC241B61ECDF,0.69,6.79,30.20,0.81,0.79,0.77,BODY
2725E09D374E250C,1.34,6.93,30.40,0.80,0.77,0.76,BODY
925040C992CF9DAB,2.74,6.93,30.60,0.81,0.76,0.74,BODY
D9CDF794A0F89BEA,3.69,6.47,30.00,0.45,0.51,0.48,BODY
87CBA9C06D2FA5B3,0.59,6.46,30.20,0.74,0.71,0.71,BODY
98F693D5AB3CB35A,1.75,6.45,30.40,0.78,0.76,0.75,BODY
763A5AC56B950F7F,2.54,6.47,30.60,0.81,0.76,0.74,BODY
50FC14CA7AE8EEFC,3.76,6.90,30.00,0.19,0.25,0.29,BODY
43500EBF4D42F1A0,0.39,6.53,30.20,0.80,0.80,0.80,BODY
4B00EC494BC5B2DA,1.14,6.52,30.40,0.80,0.77,0.76,BODY
1E4C06C2F635987E,2.53,7.00,30.60,0.78,0.75,0.73,BODY
6193E8250D75E552,3.91,6.58,30.00,0.62,0.62,0.67,BODY
0E32AC3E63524D26,0.48,6.93,30.20,0.88,0.89,0.86,BODY
AFDF00EBEF4963AB,1.55,6.60,30.40,0.87,0.82,0.86,BODY
4B5CB1675D10E5D6,2.23,7.03,30.60,0.81,0.76,0.74,BODY
F8E9EB616E762014,3.61,6.70,30.00,0.38,0.42,0.49,BODY
A14A3829E93FD5A3,0.23,7.02,30.20,0.89,0.94,0.91,BODY
529D4B88FB954044,1.12,6.88,30.40,0.87,0.84,0.87,BODY
F3942D63B1F551D6,2.42,7.00,30.60,0.81,0.76,0.74,BODY
16F9DC0666F1BF84,3.59,7.04,30.00,0.49,0.52,0.67,BODY
A9C55CBE1E2A8550,0.37,6.80,30.20,0.90,0.91,0.89,BODY
E3F31FF67F59413C,1.69,6.77,30.40,0.80,0.75,0.73,BODY
1FD6EEFD2CBBD9E7,2.75,6.85,30.60,0.29,0.25,0.16,BODY
3375A560FB3DF040,3.85,6.75,30.00,0.33,0.38,0.40,BODY
71AFEE547BAEEF48,1.65,6.89,30.20,0.84,0.80,0.80,BODY
F79B19F4278A6940,2.95,7.21,30.40,0.26,0.22,0.16,BODY
998F597BFEA8DEBC,4.25,6.75,30.60,0.26,0.29,0.22,BODY
05E48F5FE152FC1E,1.73,7.26,30.00,0.84,0.84,0.84,BODY
B94991EA102AE00E,2.66,6.98,30.20,0.26,0.22,0.16,BODY
93917C4110EAD3A3,3.87,7.02,30.40,0.41,0.43,0.43,BODY
DFCF018B1F7914DB,2.25,7.33,30.60,0.81,0.78,0.78,BODY
0580E1B135689330,3.22,7.03,30.00,0.87,0.84,0.87,BODY
060B09E98CDD2414,4.87,6.96,30.20,0.22,0.39,0.35,BODY
EEA656847790E482,2.31,6.84,30.40,0.26,0.22,0.16,BODY
A4E9F5B6D24F98D0,4.03,6.98,30.60,0.78,0.83,0.84,BODY
EA80C738B1D28716,2.17,7.06,30.00,0.87,0.89,0.87,BODY
C44034CC6382688D,3.28,6.91,30.20,0.84,0.81,0.81,BODY
DEF3182734627544,5.00,7.12,30.40,0.13,0.32,0.26,BODY
94B5B8CB03A7D308,2.53,7.34,30.60,0.55,0.51,0.45,BODY
30935877530CE373,4.44,7.41,30.00,0.39,0.42,0.43,BODY
42EDFC71D6A5C8C6,2.37,7.30,30.20,0.83,0.89,0.89,BODY
965D18948941F827,4.13,7.01,30.40,0.26,0.33,0.29,BODY
0CB6568A6E883083,6.30,7.49,30.60,0.39,0.43,0.42,BODY
D5FFD8CA6AA76B96,3.23,7.44,30.00,0.60,0.51,0.60,BODY
B362CDC1D71B2CC4,5.13,7.52,30.20,0.21,0.27,0.25,BODY
AA2B4E3B3F2570E6,2.87,7.09,30.40,0.75,0.69,0.69,BODY
5318E121826D53BF,4.74,7.56,30.60,0.25,0.39,0.37,BODY
90A18561550B1E2C,2.58,7.54,30.00,0.84,0.67,0.74,BODY
0C9814FBAB4D53E0,4.85,7.26,30.20,0.38,0.45,0.54,BODY
DC8AEDCE9453A219,3.71,7.61,30.40,0.26,0.35,0.29,BODY
65DD2E361D895C20,5.12,7.26,30.60,0.45,0.57,0.52,BODY
8012E77785FA23C6,5.03,7.69,30.00,0.29,0.27,0.38,BODY
C1CDFE684CD41C0B,6.05,7.66,30.20,0.18,0.41,0.45,BODY
A829CABDAFF3B2E0,5.14,7.75,30.40,0.25,0.31,0.32,BODY
AAD228EC2D1DC642,4.42,7.52,30.60,0.48,0.61,0.62,BODY
5FEA2B8789503298,5.99,7.35,30.00,0.26,0.29,0.26,BODY
4B4B715B711EB84E,5.60,7.49,30.20,0.42,0.43,0.40,BODY
EFA2E20E10B72B2F,4.47,7.59,30.40,0.68,0.81,0.84,BODY
2774B6FCD534E170,5.88,7.45,30.60,0.68,0.86,0.91,BODY
EC2BDF74C06C79DF,5.87,7.79,30.00,0.62,0.68,0.64,BODY
D3810BE001118924,5.60,7.69,30.20,0.60,0.62,0.64,BODY
1ED46C080FD6807A,4.23,7.69,30.40,0.55,0.58,0.61,BODY
93F1D4ABFEAE8883,5.21,7.94,30.60,0.81,0.87,0.87,BODY
DCBE64FCC44DD3FD,4.79,8.21,30.00,0.71,0.86,0.91,BODY
490C6DEB351D450A,4.79,8.34,30.20,0.56,0.66,0.69,BODY
F79DFA15F16312C1,4.50,7.96,30.40,0.68,0.89,0.91,BODY
952C220605DC7449,4.55,8.09,30.60,0.68,0.89,0.91,BODY
81E1FA9CBFE7BAF6,4.39,8.65,30.00,0.45,0.45,0.45,BODY
21B906BAC5641E8B,4.29,8.57,30.20,0.32,0.33,0.32,BODY
E8FF0092FBA352D2,4.37,8.71,30.40,0.35,0.43,0.45,BODY
6E17102A3948EEA3,4.76,8.82,30.60,0.41,0.57,0.53,BODY
D885A206C2C1DC8E,4.43,8.93,30.00,0.24,0.23,0.30,BODY
6832F5F52867B4AC,4.76,9.14,30.20,0.58,0.59,0.58,BODY
A1171D81F87AC22E,5.14,9.10,30.40,0.87,0.91,0.91,BODY
F1B78198F173AF0C,5.24,9.10,30.60,0.38,0.37,0.35,BODY
C90A0C145FB34CC9,4.55,8.92,30.00,0.31,0.40,0.37,BODY
CA5AD8EA9D1D946E,3.92,9.35,30.20,0.52,0.75,0.74,BODY
D8CBEAC458732272,5.15,9.54,30.40,0.34,0.35,0.38,BODY
161C973D103EFBE4,3.73,9.22,30.60,0.37,0.59,0.61,BODY
5DDE390F2DEFD138,3.78,9.31,30.00,0.68,0.70,0.68,BODY
F84044CED7A3D920,4.04,9.54,30.20,0.35,0.41,0.48,BODY
603E714808382C12,4.05,9.59,30.40,0.52,0.55,0.51,BODY
8DC5448882313D0B,5.18,9.72,30.60,0.39,0.33,0.32,BODY
8002C36CE37818D5,5.46,10.02,30.00,0.35,0.33,0.32,BODY
086AB92D91B629C7,5.50,10.43,30.20,0.81,0.80,0.78,BODY
2EC7013980B88135,5.17,10.84,30.40,0.71,0.91,1.00,BODY
4657B445848ADB8B,5.52,10.89,30.60,0.81,0.84,0.87,BODY
