ID,X,Y,Z,R,G,B,PART
BF3F96E618664F11,-1.89,-6.71,30.00,0.00,0.07,0.04,BODY
1A2B4C315AC72D48,2.40,-6.63,30.00,0.00,0.07,0.07,BODY
B10B56B161545B21,-1.19,-6.30,30.00,0.06,0.15,0.14,BODY
B64015C197712EA9,1.68,-6.42,30.00,0.00,0.05,0.03,BODY
17FD3405CF14831D,-2.34,-6.62,30.00,0.10,0.19,0.17,BODY
4BC4349EB187EB8D,-0.87,-6.31,30.00,0.02,0.07,0.06,BODY
3BE2FFBAE9867FD9,1.46,-6.33,30.00,0.00,0.03,0.02,BODY
5B15650345D44873,-2.22,-6.50,30.00,0.03,0.07,0.06,BODY
976FE9D1A4654B09,-0.94,-6.40,30.00,0.00,0.02,0.02,BODY
B65A28938B73A86F,1.74,-6.35,30.00,0.02,0.04,0.04,BODY
DBD722B4FBBD478F,-2.46,-6.76,30.00,0.00,0.01,0.00,BODY
6F79509B1A721F92,-1.45,-6.42,30.00,0.00,0.01,0.01,BODY
8FF54B17F5385FEF,1.60,-6.50,30.00,0.01,0.02,0.02,BODY
206B62FC1C93EC74,-2.32,-6.76,30.00,0.00,0.00,0.01,BODY
13D3744CA473903D,-1.52,-6.60,30.00,0.00,0.01,0.00,BODY
C7EFF3DDA4944AC2,1.76,-6.51,30.00,0.01,0.00,0.00,BODY
E4CC6B6895E5E022,-2.17,-6.36,30.00,0.00,0.04,0.04,BODY
78C2809DC7CA7107,-1.58,-6.15,30.00,0.00,0.00,0.00,BODY
B70A06A0108C03F6,1.58,-6.22,30.00,0.00,0.00,0.00,BODY
6A3931F31DF54CE4,2.73,-6.30,30.00,0.01,0.10,0.08,BODY
D8627E94B8E12559,-1.33,-6.21,30.00,0.00,0.00,0.00,BODY
0FFAB357C844447A,1.67,-6.40,30.00,0.00,0.00,0.00,BODY
EBE53BAF96D65CF0,2.19,-6.51,30.00,0.00,0.03,0.03,BODY
2EBFE1059EE1E639,-1.12,-6.19,30.00,0.01,0.01,0.02,BODY
9F19DFA4FA99F22F,1.27,-6.26,30.00,0.00,0.00,0.00,BODY
E3E3A6106485987F,2.31,-6.54,30.00,0.06,0.04,0.06,BODY
4FC95C3F4C2196DF,-1.53,-6.45,30.00,0.00,0.01,0.01,BODY
BA3B9D256A7ED05E,1.23,-6.14,30.00,0.01,0.00,0.00,BODY
08382077A1EDA19F,2.08,-6.09,30.00,0.03,0.00,0.02,BODY
42083F971371270C,-1.70,-6.28,30.00,0.00,0.01,0.00,BODY
0EEC64EE1B799601,1.41,-6.21,30.00,0.00,0.00,0.00,BODY
6B98C950A07C5F3A,2.05,-6.27,30.00,0.01,0.00,0.01,BODY
7C1899CDF26B37AA,-1.73,-6.28,30.00,0.00,0.01,0.00,BODY
90559DCECB9A18CF,1.17,-6.10,30.00,0.00,0.00,0.00,BODY
A5280EA306BC9C01,2.34,-6.31,30.00,0.02,0.01,0.02,BODY
8B038580A996BCEA,-1.19,-6.31,30.00,0.01,0.01,0.01,BODY
CEF9989EFB1DD6AD,1.42,-6.41,30.00,0.00,0.00,0.00,BODY
4F6B5FF269AC0DFE,2.33,-6.20,30.00,0.00,0.05,0.05,BODY
834B7A2D9EA836B4,-1.36,-6.40,30.00,0.01,0.01,0.01,BODY
11759462BC5911B0,1.18,-6.26,30.00,0.00,0.00,0.00,BODY
5C39A9003A046896,-2.48,-6.06,30.00,0.05,0.20,0.18,BODY
75C79146C791638F,-1.25,-5.97,30.00,0.02,0.02,0.02,BODY
7A0F34BB32FD8AFA,1.26,-6.32,30.00,0.01,0.01,0.01,BODY
58F51A5A83563F01,-2.26,-6.15,30.00,0.01,0.00,0.01,BODY
ADC1B7A2759E484E,-1.23,-6.21,30.00,0.06,0.06,0.06,BODY
968439C415AE4D53,1.99,-6.45,30.00,0.00,0.00,0.00,BODY
48B6408500A6307E,-1.58,-6.32,30.00,0.01,0.00,0.00,BODY
EBB698A8F6F2DA4D,-1.05,-5.89,30.00,0.45,0.53,0.51,BODY
9B8F7D0487F4F3D2,1.92,-6.10,30.00,0.01,0.00,0.01,BODY
2DA5C464E0739D0B,-1.59,-6.09,30.00,0.01,0.00,0.01,BODY
F1435ECC397CEE8C,1.17,-5.82,30.00,0.41,0.40,0.41,BODY
528CA79DB7765257,1.94,-5.83,30.00,0.00,0.01,0.02,BODY
75DFF051978BDB94,-1.30,-6.22,30.00,0.51,0.51,0.52,BODY
C910F909B79288FA,1.46,-6.38,30.00,0.72,0.72,0.73,BODY
7264B4EF1326D402,-1.80,-5.88,30.00,0.00,0.04,0.04,BODY
A36EDD3FAA7B73E4,-0.63,-5.97,30.00,0.99,0.99,0.98,BODY
7DC5E124F1153400,1.83,-5.88,30.00,0.06,0.06,0.06,BODY
986376819EFC5599,-1.64,-6.13,30.00,0.53,0.53,0.54,BODY
630BAC43735FF47E,0.71,-5.75,30.00,1.00,0.98,0.99,BODY
7BB857EF45A79146,1.98,-6.23,30.00,0.01,0.12,0.12,BODY
DE79FD049174D449,-1.27,-6.03,30.00,1.00,1.00,1.00,BODY
78BACC0EF4A98E6F,1.57,-6.26,30.00,0.98,0.98,0.98,BODY
808FB1180465C191,-1.45,-6.17,30.00,0.99,0.98,0.99,BODY
1A4FA269CA622FA1,0.88,-6.06,30.00,1.00,0.98,1.00,BODY
B51559146A76EFB7,-1.85,-5.78,30.00,0.09,0.16,0.14,BODY
A8B9B1AD641BA00A,-0.88,-5.64,30.00,0.99,0.98,0.99,BODY
4173FECCA41F20BA,1.85,-5.85,30.00,0.80,0.81,0.80,BODY
96D9A1A006061031,-1.31,-5.70,30.00,0.99,0.99,0.98,BODY
21C90C48080E998A,1.67,-6.16,30.00,0.99,0.99,0.98,BODY
AD1948FF42AAD920,-1.37,-5.81,30.00,1.00,0.99,1.00,BODY
3BFDCCC7240083BB,1.47,-6.14,30.00,0.96,0.95,0.94,BODY
EE8F73BA46192539,-1.72,-6.10,30.00,0.99,0.99,0.99,BODY
E9E4BF69C2174B2E,1.11,-5.92,30.00,0.76,0.72,0.73,BODY
3F94A7CD1600B1FF,-1.80,-5.70,30.00,0.98,1.00,1.00,BODY
8037F19912881189,0.92,-5.89,30.00,0.63,0.65,0.63,BODY
1BD2A57068965D5F,1.74,-5.80,30.00,0.80,0.86,0.85,BODY
49B5356321DF4E49,-0.62,-6.06,30.00,0.60,0.30,0.29,BODY
942B012ED88315F2,1.57,-5.52,30.00,0.98,1.00,1.00,BODY
83F36F464022BB28,-1.26,-5.68,30.00,0.46,0.12,0.08,BODY
9C223FAD41235F23,1.40,-5.61,30.00,0.38,0.31,0.29,BODY
01FCE74A7EC981E8,-1.15,-5.57,30.00,0.89,0.44,0.44,BODY
BA349119F7918318,1.24,-5.72,30.00,0.53,0.15,0.15,BODY
8AC669B817D6CBA3,-1.73,-5.88,30.00,0.98,0.82,0.77,BODY
853517BC9EF1471A,1.14,-5.88,30.00,0.70,0.18,0.15,BODY
50BF0C445DE4F83B,-1.86,-5.54,30.00,1.00,0.98,1.00,BODY
813DB00520755F46,-0.66,-5.78,30.00,0.27,0.23,0.20,BODY
9B81FCD6B4C5D318,2.11,-5.48,30.00,0.52,0.48,0.46,BODY
5D85416884CDCDA8,-0.70,-5.88,30.00,0.94,0.32,0.25,BODY
571161035E19E4FD,1.43,-5.55,30.00,0.73,0.16,0.13,BODY
91C39C7509DFD3E8,-1.53,-5.70,30.00,0.92,0.28,0.22,BODY
82EE0241BF049D12,1.29,-5.67,30.00,0.73,0.16,0.11,BODY
613BCC49901F5514,-1.51,-5.56,30.00,0.73,0.22,0.20,BODY
B3F4A3AE59D13F03,-0.46,-5.41,30.00,0.24,0.38,0.37,BODY
474D47985FB6672D,1.93,-5.69,30.00,0.68,0.18,0.16,BODY
AF4C873C8A3F1808,-0.76,-5.63,30.00,0.97,0.31,0.25,BODY
C1683EF9773D0A15,1.02,-5.59,30.00,0.75,0.18,0.18,BODY
28093AD982CE7ECD,-1.61,-5.50,30.00,0.92,0.29,0.22,BODY
CFDED1F4F2FF5BA6,0.66,-5.36,30.00,0.54,0.28,0.25,BODY
932975B7A250D4A0,1.73,-5.68,30.00,0.73,0.16,0.15,BODY
EA08F5432D8E7DBD,-0.85,-5.32,30.00,0.95,0.28,0.24,BODY
4D8453D16A6C9BD4,1.22,-5.22,30.00,0.73,0.16,0.16,BODY
1FB0982B1EBB999F,-1.46,-5.55,30.00,0.91,0.29,0.22,BODY
2E296045B1EDF83D,-0.47,-5.45,30.00,0.40,0.16,0.16,BODY
D4466F0ED86444F8,1.05,-5.49,30.00,0.72,0.19,0.16,BODY
965C079B9525791C,-1.49,-5.24,30.00,0.97,0.26,0.21,BODY
2C35CBEE966A664A,-0.10,-5.61,30.00,0.43,0.27,0.26,BODY
4931717A1271685D,1.03,-5.31,30.00,0.73,0.21,0.18,BODY
87B63275620561A2,-1.49,-5.63,30.00,0.96,0.26,0.23,BODY
B998FAB602F7A3CA,-0.54,-5.61,30.00,0.24,0.01,0.01,BODY
8AAFFEE773040E60,0.27,-5.43,30.00,0.71,0.18,0.16,BODY
423A16535047D63C,1.78,-5.27,30.00,0.73,0.17,0.14,BODY
A4F14331BF814E6C,-1.08,-5.44,30.00,0.98,0.25,0.23,BODY
7E07F8E17FB0227D,-0.36,-5.26,30.00,0.69,0.19,0.17,BODY
8E75E9CBBA3A4A6D,0.61,-5.25,30.00,0.73,0.16,0.15,BODY
538490F7B0E3C360,1.69,-5.31,30.00,0.72,0.16,0.15,BODY
A35F5B487DB0B029,-0.87,-5.12,30.00,0.92,0.27,0.23,BODY
2543A4BF74AB2C15,0.14,-5.55,30.00,0.69,0.18,0.14,BODY
DBB67EF2C29FB0A2,0.86,-5.11,30.00,0.75,0.15,0.15,BODY
5AD48307DCF3D7F4,3.14,-5.25,30.00,0.53,0.78,0.76,BODY
02848F7B0B07D3F5,-0.89,-5.51,30.00,0.59,0.14,0.13,BODY
C58B43AC33771884,0.08,-5.44,30.00,0.73,0.16,0.15,BODY
12D2CCF0F1FE2384,1.49,-5.60,30.00,0.73,0.20,0.17,BODY
DB7C2FD6E15B0963,-1.96,-5.22,30.00,0.95,0.29,0.20,BODY
56DA0662FDE64D41,-0.90,-5.20,30.00,0.69,0.20,0.20,BODY
27911521E4DCC7CD,0.33,-5.21,30.00,0.74,0.15,0.13,BODY
6DE635B6C1CEB86F,1.63,-5.19,30.00,0.75,0.20,0.19,BODY
329755EE8CC9BB6B,-1.56,-5.14,30.00,0.92,0.29,0.23,BODY
01792484718B1C18,-0.47,-5.28,30.00,0.76,0.20,0.18,BODY
A632C9F477E8B201,0.45,-5.48,30.00,0.72,0.16,0.14,BODY
728352A9397FDBBF,1.38,-5.17,30.00,0.72,0.16,0.15,BODY
7FBE9BB1DDF98F64,-1.19,-5.50,30.00,0.94,0.28,0.24,BODY
26EA1CF89457BC24,-0.59,-5.46,30.00,0.72,0.16,0.13,BODY
D7E398690D5CF62C,0.64,-5.28,30.00,0.73,0.16,0.14,BODY
FEC5350B5271EDA4,1.88,-5.44,30.00,0.72,0.17,0.12,BODY
E01FEBF706E5251B,-1.16,-5.03,30.00,0.91,0.27,0.22,BODY
7E26533F8776FB88,-0.45,-5.20,30.00,0.75,0.15,0.15,BODY
FB3F189C6977B86C,0.71,-5.46,30.00,0.73,0.16,0.15,BODY
A9C82486E7E0FBE8,2.10,-5.06,30.00,0.73,0.16,0.14,BODY
BC5662762F6C7B2D,-1.41,-5.38,30.00,0.89,0.30,0.26,BODY
96A52771D8AB81F8,-0.27,-5.12,30.00,0.72,0.16,0.15,BODY
1B56CC82DB4ECF08,0.49,-5.30,30.00,0.73,0.16,0.15,BODY
3E01921C437C85B0,1.63,-5.40,30.00,0.73,0.16,0.13,BODY
C1B0CB30D4FB0DE4,-1.53,-4.94,30.00,0.73,0.22,0.20,BODY
DBD90A627B2CB0FE,-0.45,-5.18,30.00,0.74,0.15,0.15,BODY
C4359C97ED527994,0.57,-4.89,30.00,0.74,0.16,0.15,BODY
CD7F09DF8A5A872D,1.96,-5.20,30.00,0.73,0.15,0.13,BODY
D9C431F4E83867F7,-1.53,-4.91,30.00,0.93,0.28,0.20,BODY
0DCEBF89F58ABF40,-0.35,-5.36,30.00,0.73,0.16,0.15,BODY
F97B81E55B224ED9,0.57,-4.98,30.00,0.75,0.15,0.14,BODY
DAA0BF26854F3EC4,1.54,-5.06,30.00,0.74,0.21,0.18,BODY
3E1BDB8DB101E9B7,-1.52,-5.29,30.00,0.94,0.29,0.22,BODY
9DA3345FBC3A618E,-0.40,-5.01,30.00,0.74,0.16,0.15,BODY
5E6BE218CFC63E19,0.52,-4.96,30.00,0.73,0.16,0.13,BODY
A73D438F3B9C8410,1.56,-5.06,30.00,0.72,0.16,0.15,BODY
7898B9610B8BB5AD,-2.01,-5.11,30.00,0.13,0.37,0.27,BODY
B51A51B6B8B0037E,-0.60,-4.88,30.00,0.71,0.17,0.13,BODY
F304C052E3EFF117,0.24,-4.93,30.00,0.73,0.16,0.14,BODY
C23015F7AE0F32DF,1.22,-5.20,30.00,0.74,0.15,0.15,BODY
A652080F4E110D3B,-3.62,-5.06,30.00,0.11,0.24,0.21,BODY
1FFF2EB372826B66,-1.22,-5.25,30.00,0.73,0.15,0.15,BODY
572C4C9D8DC7ECA3,-0.23,-4.79,30.00,0.73,0.16,0.14,BODY
35368DF734BF040F,1.16,-4.82,30.00,0.74,0.16,0.15,BODY
E79C94DA0880EA33,1.76,-4.80,30.00,0.73,0.16,0.13,BODY
88D9B9D6D5BA7AB5,-1.42,-4.79,30.00,0.69,0.18,0.17,BODY
DA4DD7ADF50A9B29,-0.60,-5.01,30.00,0.73,0.17,0.16,BODY
1CAB72C5930B4817,0.92,-5.20,30.00,0.72,0.15,0.14,BODY
F8844CA3BC9D9337,1.60,-5.02,30.00,0.75,0.15,0.13,BODY
8D743677838230E2,-1.28,-4.78,30.00,0.71,0.17,0.15,BODY
B41ADAA604FF885D,-0.22,-5.01,30.00,0.73,0.16,0.13,BODY
96DCD1CED7B06A13,0.66,-5.14,30.00,0.74,0.18,0.15,BODY
EA97D9214E2EFD4E,1.39,-5.20,30.00,0.74,0.20,0.17,BODY
17650FE6CB85B81D,-1.58,-5.20,30.00,0.42,0.11,0.11,BODY
B20691F7CE19DE8D,-0.70,-5.21,30.00,0.72,0.16,0.13,BODY
CF8D0E4690CCAD1D,0.35,-5.11,30.00,0.73,0.16,0.13,BODY
ADEF56BDE5E59357,1.35,-5.15,30.00,0.73,0.16,0.14,BODY
D5413FDBC8E8BBD2,-1.84,-5.08,30.00,0.81,0.25,0.26,BODY
A27E160AE47054A0,-0.59,-4.97,30.00,0.74,0.16,0.16,BODY
EE000173A718254D,0.06,-4.91,30.00,0.72,0.17,0.13,BODY
2E34096A9CE5DC0D,1.48,-4.98,30.00,0.73,0.16,0.12,BODY
1D1983FE36E83FB3,3.76,-4.59,30.00,0.52,0.73,0.69,BODY
79D21863B9755538,-1.22,-5.05,30.00,0.73,0.16,0.14,BODY
6E62126FE1BD68E5,0.15,-4.60,30.00,0.71,0.16,0.15,BODY
6195D35858ACF7DF,0.93,-5.04,30.00,0.71,0.16,0.14,BODY
4A53255E6959152F,2.20,-4.79,30.00,0.72,0.17,0.15,BODY
6A2156DB88CF1F99,-1.34,-4.70,30.00,0.75,0.16,0.16,BODY
2BFC11AE4B9A72F8,-0.21,-4.70,30.00,0.69,0.17,0.15,BODY
8165B7D02A2D0736,0.42,-4.76,30.00,0.65,0.20,0.18,BODY
021C53FBABC1D2F0,1.84,-4.60,30.00,0.74,0.18,0.16,BODY
8ADE79129B8E635F,-2.22,-4.89,30.00,0.30,0.28,0.26,BODY
EF9EE87C427D7281,-0.86,-4.70,30.00,0.73,0.16,0.15,BODY
ECABA15775D77D4A,0.14,-4.57,30.00,0.50,0.16,0.16,BODY
1285346146378646,1.26,-4.67,30.00,0.64,0.18,0.16,BODY
81FD2921BDDF0020,2.08,-4.78,30.00,0.74,0.16,0.13,BODY
9FE219CCE26E03B9,-1.54,-5.04,30.00,0.75,0.16,0.14,BODY
61DF09FFCD3CF348,-0.42,-4.74,30.00,0.47,0.22,0.22,BODY
A52F47C165DBDB5C,0.79,-4.98,30.00,0.59,0.43,0.42,BODY
CB6A3547682405E1,1.94,-4.85,30.00,0.71,0.18,0.16,BODY
BBA595AF0BB1C885,-2.19,-4.69,30.00,0.09,0.02,0.02,BODY
42A710B3F55F1D4E,-1.16,-4.68,30.00,0.58,0.16,0.14,BODY
57E6839759B2A0F5,0.26,-4.86,30.00,0.65,0.59,0.58,BODY
413B5ED7D796351C,1.03,-4.63,30.00,0.45,0.15,0.16,BODY
47DACAB133BEC79A,2.14,-4.67,30.00,0.76,0.15,0.11,BODY
88C6F5E78466870B,-1.67,-4.55,30.00,0.71,0.16,0.12,BODY
2A235816742F6534,-0.42,-4.86,30.00,0.98,0.95,0.95,BODY
F1C0191D821CDF49,0.43,-4.91,30.00,0.77,0.75,0.74,BODY
73FF8A4B92C32860,1.57,-4.69,30.00,0.62,0.20,0.17,BODY
41FFA750F4F49C9E,-1.99,-4.60,30.00,0.62,0.17,0.13,BODY
77C87F761040A237,-1.09,-4.83,30.00,0.68,0.57,0.56,BODY
C8B4C6CEB8034F15,0.39,-4.41,30.00,1.00,0.99,0.99,BODY
ED21CE84F4AA60BF,1.51,-4.57,30.00,0.43,0.38,0.38,BODY
2CB620F8BBC8DE4B,2.09,-4.52,30.00,0.72,0.16,0.13,BODY
48BAEF0F080FE8BC,-1.04,-4.57,30.00,0.60,0.23,0.21,BODY
A6B1BA023D3886DD,-0.54,-4.59,30.00,1.00,0.99,1.00,BODY
736C1F58C522B05F,0.83,-4.70,30.00,1.00,1.00,1.00,BODY
9EB25FD99372FF08,1.58,-4.58,30.00,0.46,0.14,0.12,BODY
5E2B1E39F7149AF0,-1.82,-4.51,30.00,0.67,0.17,0.18,BODY
52640EC2E4A91D83,-0.87,-4.73,30.00,1.00,1.00,0.99,BODY
8CB9FED61D071404,0.55,-4.72,30.00,0.99,0.98,0.99,BODY
CD70C195BA33F48D,1.64,-4.85,30.00,0.85,0.85,0.83,BODY
0D4B5C16716EAD60,-2.21,-4.87,30.00,0.64,0.25,0.22,BODY
851D8067CE830146,-1.01,-4.64,30.00,0.98,0.98,0.98,BODY
8EC85A92171046A2,0.16,-4.77,30.00,1.00,1.00,1.00,BODY
478A8B1912AC5A30,0.81,-4.47,30.00,1.00,0.99,0.98,BODY
D1E82196D8548FE6,1.97,-4.41,30.00,0.39,0.09,0.09,BODY
C690CD9B108787C7,-1.23,-4.57,30.00,0.98,0.85,0.86,BODY
941B0FFDCEAC4A87,-0.22,-4.29,30.00,1.00,0.99,0.99,BODY
CA24F611067E319F,0.90,-4.70,30.00,1.00,0.99,1.00,BODY
32AE903864D9CA94,1.85,-4.26,30.00,0.99,0.98,0.98,BODY
5B673D8AD7835ED0,-1.73,-4.29,30.00,0.71,0.23,0.22,BODY
F5AB138F12D6E9CC,-0.65,-4.81,30.00,0.99,1.00,1.00,BODY
B43B5B5BE6474E28,0.52,-4.58,30.00,1.00,1.00,1.00,BODY
E4A5913952DA5DA3,1.14,-4.30,30.00,0.99,0.98,0.99,BODY
7837F1D04572C22F,2.27,-4.41,30.00,0.75,0.36,0.33,BODY
B12342AC185CF1F2,-1.08,-4.43,30.00,1.00,0.99,0.99,BODY
15E947B0F5F2721A,-0.44,-4.25,30.00,1.00,0.99,0.99,BODY
25043604F0AF4BC8,0.77,-4.67,30.00,1.00,0.99,1.00,BODY
63DB270A81BFA294,1.72,-4.78,30.00,1.00,0.98,1.00,BODY
6F573DB20DBD90EE,-1.67,-4.18,30.00,0.73,0.44,0.43,BODY
6EA6B28E116C08DB,-0.70,-4.30,30.00,0.99,0.98,0.99,BODY
FD13FC1A67256FB4,0.16,-4.39,30.00,1.00,0.99,1.00,BODY
2FED8DFC588FCA62,1.47,-4.77,30.00,1.00,0.99,1.00,BODY
EBE5FF31A6692AF2,2.43,-4.48,30.00,0.99,0.94,0.93,BODY
CBC1DC688F9207A0,-1.22,-4.24,30.00,1.00,1.00,0.98,BODY
245A4EB32E1F12EA,-0.35,-4.35,30.00,1.00,0.99,1.00,BODY
5484D2FBFDB105B5,0.42,-4.21,30.00,1.00,0.99,1.00,BODY
87D778ED8194C784,1.58,-4.45,30.00,1.00,0.99,0.99,BODY
B4997A74C498F900,2.48,-4.37,30.00,0.24,0.47,0.37,BODY
FB051FEF9EFAF284,-1.37,-4.47,30.00,1.00,0.98,0.98,BODY
5309D74F8036B999,-0.39,-4.24,30.00,1.00,0.99,1.00,BODY
F288C119D6EADCF9,0.82,-4.47,30.00,1.00,0.99,1.00,BODY
A45A1DA3C82CAEAC,2.11,-4.19,30.00,0.98,1.00,1.00,BODY
DBEF1B4E918939B2,-1.82,-4.59,30.00,0.58,0.49,0.47,BODY
CC828227EE48C470,-0.69,-4.38,30.00,1.00,1.00,0.99,BODY
03140E1CA4CC31AB,0.05,-4.58,30.00,1.00,0.99,1.00,BODY
B8EA5E3A854FE658,0.81,-4.17,30.00,1.00,0.99,1.00,BODY
49C5BE952A2400A1,2.11,-4.54,30.00,1.00,0.99,0.99,BODY
F272FF9C6AF4400D,-2.06,-4.29,30.00,0.99,0.97,0.96,BODY
EF58E466826A0702,-1.10,-4.39,30.00,1.00,0.99,0.99,BODY
00E0818956B00E2D,0.27,-4.35,30.00,1.00,0.99,1.00,BODY
D70A6800FFB75FDF,0.88,-4.41,30.00,1.00,0.99,1.00,BODY
0C9FAC0578280C97,2.47,-4.20,30.00,1.00,1.00,0.99,BODY
4FA9E12136A31FDB,-1.72,-4.38,30.00,0.98,0.97,0.97,BODY
F06B54EC803B5C9F,-0.78,-4.33,30.00,0.99,1.00,0.99,BODY
17743319E43D81FA,0.22,-4.03,30.00,1.00,0.99,1.00,BODY
9B54A3D9BC25EA00,1.06,-4.54,30.00,1.00,0.99,1.00,BODY
15D124EA99FCA4A0,2.02,-4.23,30.00,1.00,1.00,0.98,BODY
684EB1341BB95AD4,-2.47,-4.10,30.00,0.94,0.93,0.95,BODY
53C6F0A9356473E9,-1.07,-4.14,30.00,1.00,1.00,1.00,BODY
E110B108D480E41A,-0.37,-4.15,30.00,1.00,0.99,1.00,BODY
06DFFEEDEB34B62D,1.06,-4.14,30.00,1.00,0.99,1.00,BODY
6CBCD31CB0F55B34,1.86,-4.00,30.00,1.00,0.98,0.99,BODY
9BFA67CBE949AE08,-2.71,-4.36,30.00,0.02,0.11,0.09,BODY
DD8E41E3FDF5876B,-1.43,-4.06,30.00,1.00,1.00,1.00,BODY
A688DC051A6E82E4,-0.10,-4.53,30.00,1.00,0.99,1.00,BODY
BA89900A32AB947C,0.73,-4.08,30.00,1.00,0.99,1.00,BODY
6C5DCB077A69D767,2.00,-4.18,30.00,0.99,1.00,1.00,BODY
F0B28B088D310C66,2.95,-4.05,30.00,0.99,0.98,0.98,BODY
98A760456A57B0CA,-1.62,-3.95,30.00,0.99,1.00,0.98,BODY
AE111E09A60370A4,-0.69,-4.32,30.00,1.00,0.99,1.00,BODY
34C78D5683A3E63C,0.45,-4.15,30.00,1.00,0.99,0.99,BODY
43FB22D097F40CAC,1.55,-4.41,30.00,0.98,1.00,0.99,BODY
DE75930FB853332D,2.69,-4.33,30.00,1.00,0.99,0.98,BODY
292FF090D297C413,-2.20,-4.32,30.00,0.99,0.99,0.99,BODY
FF583F71F45EBA4D,-0.93,-3.94,30.00,1.00,0.99,1.00,BODY
38D19870416079F1,0.11,-4.21,30.00,1.00,0.99,0.99,BODY
1DA5308AFDEC3543,0.92,-4.07,30.00,1.00,0.99,0.99,BODY
EF1763734B110076,2.20,-4.24,30.00,1.00,0.99,0.99,BODY
E35660EFDA8898CF,-2.60,-4.31,30.00,0.13,0.30,0.27,BODY
A7E33D264C9536C8,-1.82,-3.92,30.00,1.00,1.00,0.99,BODY
B78AF11D86ABFD7E,-0.59,-3.89,30.00,1.00,0.98,1.00,BODY
B2FDFEAACCA01F44,0.22,-3.90,30.00,0.99,0.99,1.00,BODY
282AE549D32BCCA5,1.70,-4.35,30.00,1.00,0.99,1.00,BODY
175F29CC78397E6C,2.25,-4.43,30.00,1.00,0.99,0.99,BODY
233525EC16EBF23C,-2.24,-4.21,30.00,1.00,0.99,1.00,BODY
9E284AA6075E498A,-1.42,-4.28,30.00,1.00,0.99,1.00,BODY
B49C8B189A53EA75,0.02,-4.33,30.00,1.00,0.99,0.98,BODY
0A426B9C697DAB23,0.76,-3.92,30.00,1.00,1.00,1.00,BODY
039BBD201C170F5D,2.22,-4.21,30.00,1.00,0.99,1.00,BODY
66B2E1FF7314758B,3.10,-4.38,30.00,0.15,0.27,0.27,BODY
3D5F8A1539E3AAFA,-1.50,-4.14,30.00,1.00,0.99,1.00,BODY
81F5B12245474DB7,-0.61,-3.93,30.00,1.00,1.00,0.99,BODY
9E163ACBC03898CB,0.44,-3.90,30.00,1.00,0.99,1.00,BODY
4357807D358982EA,1.44,-3.99,30.00,0.99,1.00,0.98,BODY
F03F02D3D45608EB,2.47,-4.07,30.00,1.00,0.99,1.00,BODY
76FB7220BF2B2466,-2.36,-4.17,30.00,0.98,1.00,1.00,BODY
DED8AB624740A494,-1.53,-4.17,30.00,1.00,0.98,1.00,BODY
96CC992672FC1BDC,-0.09,-4.04,30.00,1.00,0.99,1.00,BODY
56158145E3EF2AC2,0.86,-4.21,30.00,1.00,0.99,1.00,BODY
3CF101B3E1B51F8A,1.83,-4.05,30.00,1.00,0.99,1.00,BODY
E8DA63000E79C553,2.97,-4.35,30.00,1.00,0.99,1.00,BODY
B954518886156142,-1.94,-4.28,30.00,1.00,0.99,1.00,BODY
D79ACDE0B6969345,-1.12,-4.30,30.00,0.98,1.00,1.00,BODY
FEC3FEAD8AAA2B33,0.14,-4.31,30.00,0.99,0.99,0.99,BODY
FB1305FC29F4E3D0,1.04,-3.89,30.00,1.00,1.00,0.99,BODY
1343DCCCD40394C3,2.23,-4.30,30.00,0.99,1.00,1.00,BODY
1D14959242A2145F,3.29,-3.95,30.00,0.22,0.34,0.28,BODY
1812665294CD0843,-1.92,-3.81,30.00,1.00,0.99,1.00,BODY
4F187CBA142B7885,-0.55,-3.76,30.00,1.00,0.98,1.00,BODY
5108EB10CAA35809,0.51,-4.15,30.00,0.99,0.98,0.99,BODY
654F2236AB1228E0,1.16,-4.25,30.00,1.00,0.99,0.99,BODY
04432BC1078A9117,2.48,-3.76,30.00,1.00,0.99,1.00,BODY
77364FBBB15551AF,3.54,-3.82,30.00,0.00,0.03,0.01,BODY
E3C4C159D81F037F,-1.92,-4.25,30.00,1.00,0.99,1.00,BODY
F17284AE48906257,-0.74,-3.83,30.00,1.00,0.99,0.99,BODY
FC68E3E88EDCFD7E,0.49,-4.23,30.00,0.99,0.98,0.99,BODY
56AEEFD8A1E4F56B,1.31,-3.90,30.00,1.00,1.00,0.99,BODY
C6372696808C7A3E,2.08,-3.88,30.00,1.00,0.99,1.00,BODY
8922810DB847B8EE,3.69,-3.72,30.00,0.74,0.70,0.58,BODY
A9945552EF8FE8EF,-2.14,-3.67,30.00,1.00,0.99,1.00,BODY
5273F7190A7081EB,-1.04,-3.88,30.00,1.00,0.99,0.96,BODY
D718C93AF9074E7D,-0.14,-4.22,30.00,0.87,0.81,0.82,BODY
B78E6F3B9B0A69B1,1.34,-3.89,30.00,0.98,1.00,1.00,BODY
0EBB43E6CCC35615,2.04,-3.90,30.00,1.00,0.99,1.00,BODY
0461F1B345FFF5A2,3.18,-4.26,30.00,0.75,0.61,0.44,BODY
9439F8D21B5CF4D2,-2.34,-4.12,30.00,1.00,0.99,1.00,BODY
F0E68042A8426D85,-0.90,-3.90,30.00,1.00,0.99,0.99,BODY
3CEEBFA79AA9150A,-0.18,-3.86,30.00,0.64,0.64,0.63,BODY
3BC6CFBE38611498,1.19,-3.89,30.00,1.00,0.99,0.98,BODY
0DFA71864797ECA2,2.14,-3.98,30.00,1.00,0.99,0.98,BODY
93AFE4998CC8C842,2.79,-3.90,30.00,0.08,0.20,0.18,BODY
715163E9974D5C45,-2.56,-3.91,30.00,1.00,0.98,1.00,BODY
10E2454F6D1F62E5,-1.62,-3.79,30.00,0.99,0.98,0.98,BODY
3A309ADD9000531F,-0.59,-3.70,30.00,0.63,0.55,0.53,BODY
DF94DFE3FCA6B090,1.00,-4.00,30.00,0.31,0.21,0.20,BODY
7A57CA094F730482,1.58,-3.72,30.00,1.00,0.99,0.99,BODY
78EC4C563F54C8A0,2.59,-3.62,30.00,1.00,0.99,1.00,BODY
9944F71EFD948830,-2.72,-3.64,30.00,1.00,1.00,0.98,BODY
C06AF72241085CF1,-1.89,-3.87,30.00,1.00,0.99,1.00,BODY
B5988A9D675C3AAA,-0.86,-3.86,30.00,0.96,0.87,0.87,BODY
27501BD24B22708F,0.61,-3.71,30.00,0.36,0.07,0.05,BODY
F811BE69679FA0D8,1.29,-3.74,30.00,0.94,0.95,0.94,BODY
BA70F5654241F00F,2.49,-3.76,30.00,1.00,0.99,1.00,BODY
590550AD7C0F0442,3.34,-3.88,30.00,0.99,0.78,0.56,BODY
C688A7FF1A163570,-1.93,-3.96,30.00,1.00,0.99,1.00,BODY
22C017B448A86A18,-0.97,-4.07,30.00,0.99,0.99,0.99,BODY
8B895E6E8A3EDBBA,0.10,-3.91,30.00,0.87,0.31,0.27,BODY
8CC7DD44DFA05875,1.10,-3.59,30.00,0.27,0.07,0.05,BODY
C870ACF0A352124B,2.24,-4.02,30.00,0.99,1.00,1.00,BODY
76C3A1F06257FA1C,2.89,-3.98,30.00,0.70,0.59,0.45,BODY
41DD604888DB4F82,-2.49,-3.95,30.00,1.00,1.00,1.00,BODY
A0724943A52E866A,-1.21,-4.09,30.00,0.98,1.00,1.00,BODY
716B97414E63C533,-0.46,-3.97,30.00,0.68,0.17,0.14,BODY
E38F0CED23D046E6,0.86,-3.64,30.00,0.89,0.28,0.24,BODY
F8762789D2003A57,1.98,-3.82,30.00,0.99,0.96,0.96,BODY
15667F5880D533A9,2.55,-3.52,30.00,1.00,0.99,1.00,BODY
33AB9E107E6FCC1C,-2.79,-3.69,30.00,0.93,0.93,0.92,BODY
AD35559F967A88B3,-1.58,-4.04,30.00,1.00,0.99,0.99,BODY
F058029CB075F3E3,-0.91,-3.67,30.00,0.68,0.29,0.25,BODY
67769A0F40A98F2A,0.29,-4.02,30.00,0.96,0.26,0.21,BODY
A8D10C504727338F,1.22,-3.96,30.00,0.55,0.14,0.11,BODY
E5850156F5A9C48C,2.67,-3.58,30.00,1.00,0.99,1.00,BODY
75ED10BE726C9FF6,3.52,-3.62,30.00,0.98,0.77,0.58,BODY
AAFBA674E28F9967,-2.36,-3.73,30.00,1.00,0.99,0.99,BODY
2BD3E20516A1BD1A,-0.86,-3.48,30.00,0.93,0.69,0.67,BODY
B9520CED13A3FAE2,-0.07,-3.48,30.00,0.93,0.27,0.23,BODY
94F561D80C6B7632,0.93,-3.67,30.00,0.94,0.27,0.20,BODY
E37DDD9C0CE554C7,1.98,-3.49,30.00,1.00,0.97,0.97,BODY
099B32B5F971B8E5,3.16,-3.61,30.00,0.18,0.25,0.22,BODY
F2EBD6BC8D22F3DD,-2.53,-3.58,30.00,1.00,0.99,1.00,BODY
A4B4066DF355C5C9,-1.53,-3.53,30.00,0.99,0.98,0.99,BODY
3D548EBD3FCC9FCE,-0.20,-3.47,30.00,0.93,0.28,0.20,BODY
E23A253A4FAD4218,0.35,-3.79,30.00,0.93,0.26,0.21,BODY
9ADF45EF64175FA7,1.48,-3.90,30.00,0.71,0.24,0.22,BODY
75E0C543008F6CCB,2.35,-4.01,30.00,0.99,1.00,0.99,BODY
D1EC5BCEABCF56A8,3.84,-3.66,30.00,0.98,0.78,0.59,BODY
930B5E6E31DAC7AA,-2.05,-3.91,30.00,1.00,0.99,0.99,BODY
AC81B401C0C6ECD4,-0.90,-3.56,30.00,0.91,0.29,0.22,BODY
A1719B32EB5683A7,0.32,-3.56,30.00,0.93,0.29,0.21,BODY
20C855F22817A05A,1.12,-3.90,30.00,0.95,0.27,0.22,BODY
C20A86146A6D649C,1.98,-3.56,30.00,0.78,0.75,0.73,BODY
B40D9A70DAF21BCF,3.37,-3.94,30.00,1.00,0.77,0.55,BODY
6D1F50366B61A274,-2.13,-3.53,30.00,1.00,0.99,0.99,BODY
CFC51EB182EA498A,-1.58,-3.63,30.00,0.68,0.41,0.36,BODY
BEB82B4FD1F3F645,-0.15,-3.64,30.00,0.95,0.27,0.22,BODY
73F8AC91DB73576F,0.95,-3.58,30.00,0.98,0.34,0.27,BODY
3B6F7F39CDFE9151,1.58,-3.45,30.00,0.91,0.29,0.24,BODY
EC01FC4801B15A04,3.04,-3.69,30.00,1.00,0.98,1.00,BODY
F9D7FD35410669E0,-3.02,-3.62,30.00,0.46,0.55,0.53,BODY
71DA65ABF4003586,-1.50,-3.67,30.00,0.96,0.98,0.99,BODY
D2234AB26ACCDF71,-0.76,-3.41,30.00,0.93,0.28,0.21,BODY
556FE641F05ACA52,0.25,-3.56,30.00,0.95,0.27,0.21,BODY
55584B235D4F83DA,1.59,-3.38,30.00,0.94,0.27,0.22,BODY
6646CF61AF565D13,2.35,-3.83,30.00,0.94,0.87,0.84,BODY
302BD1670B5517FD,3.15,-3.78,30.00,1.00,0.76,0.55,BODY
408041E58717CCFA,-2.18,-3.38,30.00,1.00,0.99,1.00,BODY
987B11182B55F420,-1.40,-3.75,30.00,0.92,0.27,0.23,BODY
1DC3F74CA4C2651D,0.05,-3.57,30.00,0.92,0.29,0.22,BODY
AE6488B509E98FC4,0.68,-3.82,30.00,0.96,0.32,0.26,BODY
D999E9B13680925B,1.80,-3.57,30.00,0.95,0.27,0.21,BODY
5D310FEC6F8F2D7E,2.94,-3.56,30.00,0.98,0.98,0.99,BODY
AE372D0870B3DDF7,-2.79,-3.80,30.00,1.00,0.99,0.98,BODY
80F621E64CB1BF19,-1.67,-3.62,30.00,0.19,0.03,0.03,BODY
29BF0A66D9630063,-0.64,-3.33,30.00,0.93,0.28,0.21,BODY
323276795B37EE59,0.28,-3.63,30.00,0.93,0.27,0.24,BODY
A691A7204BBE63C0,1.30,-3.35,30.00,0.94,0.27,0.22,BODY
1F508B7682FE0411,2.22,-3.59,30.00,0.93,0.55,0.55,BODY
3CCC5AE1B1BF6FF6,3.55,-3.61,30.00,1.00,0.76,0.57,BODY
F5DBBB8C39FF661D,-1.84,-3.25,30.00,0.98,0.99,0.99,BODY
D8263CBA32D43D50,-1.31,-3.41,30.00,0.95,0.27,0.22,BODY
45ACD4E0D88A3BF4,-0.01,-3.65,30.00,0.95,0.27,0.22,BODY
3C3D254501238816,0.92,-3.46,30.00,0.94,0.27,0.21,BODY
44B375716B013FB3,2.30,-3.77,30.00,0.94,0.27,0.22,BODY
F827E5575F1A50EF,3.33,-3.64,30.00,0.06,0.08,0.05,BODY
512426451788CDB3,-2.40,-3.39,30.00,0.99,1.00,1.00,BODY
2D5A6D10897EF11B,-1.44,-3.73,30.00,0.95,0.27,0.21,BODY
7A960C23FD75D181,-0.76,-3.40,30.00,0.95,0.27,0.22,BODY
EE5F92AE3F765832,0.82,-3.74,30.00,0.95,0.27,0.22,BODY
5C9F00A87D308A42,1.45,-3.74,30.00,0.94,0.27,0.22,BODY
F71B0300D3348F6F,2.39,-3.78,30.00,0.92,0.56,0.53,BODY
A0D5DCBDEB413803,3.71,-3.28,30.00,0.97,0.78,0.58,BODY
1B6A77C5C4A84644,-2.18,-3.58,30.00,0.94,0.75,0.73,BODY
36BC23549C1CFA14,-1.23,-3.35,30.00,0.95,0.27,0.21,BODY
D603C16230CD41EB,0.29,-3.75,30.00,0.93,0.28,0.23,BODY
C8296CDB14920DA9,0.99,-3.67,30.00,0.94,0.27,0.22,BODY
AB7B03397A69AD6E,2.00,-3.30,30.00,0.97,0.27,0.23,BODY
0608460EE77F479A,3.19,-3.43,30.00,0.15,0.05,0.02,BODY
33E54C04A5DB6AFC,-2.39,-3.51,30.00,1.00,0.98,0.99,BODY
0F89026F51D2C191,-1.43,-3.69,30.00,0.96,0.27,0.22,BODY
5F8DC83A01090A8F,-0.33,-3.46,30.00,0.94,0.27,0.21,BODY
7B12E1379CDC4FAC,0.75,-3.20,30.00,0.95,0.27,0.22,BODY
6FE96156234C3FD8,1.94,-3.59,30.00,0.94,0.27,0.22,BODY
65D5CE042AFF2704,2.72,-3.18,30.00,0.44,0.15,0.13,BODY
8FDAD5FD87EAC376,3.77,-3.36,30.00,0.09,0.13,0.09,BODY
B86436C99663C02F,-1.84,-3.49,30.00,0.91,0.29,0.23,BODY
64F1DC556B66BAE9,-0.63,-3.40,30.00,0.93,0.28,0.22,BODY
2AAB7D32C3333D9C,0.22,-3.70,30.00,0.93,0.29,0.18,BODY
E779E3E6251F846B,1.09,-3.22,30.00,0.94,0.27,0.22,BODY
5042FD7220C13D68,2.21,-3.48,30.00,0.95,0.28,0.22,BODY
74E28D0D3E5A4108,3.27,-3.53,30.00,0.98,0.91,0.84,BODY
5890AC0F206D92B4,-2.47,-3.51,30.00,0.85,0.80,0.80,BODY
1CE03562E6EE6A20,-1.05,-3.50,30.00,0.94,0.27,0.21,BODY
73656BD4B9BF2E95,-0.42,-3.41,30.00,0.95,0.27,0.20,BODY
1B76AC41EE07203D,0.91,-3.56,30.00,0.93,0.28,0.22,BODY
A0F47CE7BB49CB4A,1.64,-3.47,30.00,0.95,0.27,0.22,BODY
00F7108FD3BEB671,2.83,-3.66,30.00,0.18,0.04,0.02,BODY
1AA805F5881482B5,-2.70,-3.60,30.00,0.98,0.99,1.00,BODY
16F70559EAD2E50D,-1.67,-3.14,30.00,0.94,0.27,0.23,BODY
E251C22E064B8B08,-0.75,-3.64,30.00,0.93,0.27,0.20,BODY
98691D9DC51AB0D8,0.61,-3.61,30.00,0.93,0.28,0.22,BODY
50A9978FCADF5C9F,1.62,-3.19,30.00,0.94,0.27,0.22,BODY
502C3D54A4A925D5,2.44,-3.29,30.00,0.95,0.27,0.23,BODY
C500B195587C9E45,3.57,-3.45,30.00,0.18,0.13,0.11,BODY
B954AA601C565955,-2.02,-3.39,30.00,0.93,0.28,0.25,BODY
4D1BDE508AA5EF25,-1.10,-3.03,30.00,0.94,0.27,0.22,BODY
6A8A724381498400,0.07,-3.19,30.00,0.91,0.29,0.19,BODY
8A34D09A63073C2D,0.73,-3.36,30.00,0.94,0.27,0.22,BODY
9E72FFD25950E38A,2.14,-3.42,30.00,0.95,0.27,0.22,BODY
5909E72775D19CC3,3.38,-3.47,30.00,0.99,0.99,0.97,BODY
A516E39C7596677F,-2.73,-3.60,30.00,0.98,0.97,0.96,BODY
6FC6217E34617524,-1.44,-3.31,30.00,0.93,0.28,0.21,BODY
24569B3D1CFE0619,-0.61,-3.27,30.00,0.78,0.26,0.21,BODY
77B70C986A06A964,0.41,-3.25,30.00,0.94,0.27,0.22,BODY
B0F78AA58AFAEE7D,1.30,-3.35,30.00,0.94,0.27,0.22,BODY
4A132DDD913204D5,2.83,-3.57,30.00,0.94,0.27,0.21,BODY
A8E0CE5FDCDF9EF4,3.73,-3.36,30.00,0.92,0.91,0.90,BODY
8F8BA304663F5F25,-2.29,-3.48,30.00,0.92,0.30,0.20,BODY
9E9A71E02DD373DB,-1.24,-3.38,30.00,0.95,0.27,0.22,BODY
33BE0305E88EE9F7,-0.11,-3.39,30.00,0.69,0.24,0.20,BODY
A3971A9BF5CEE6AA,0.90,-3.10,30.00,0.94,0.27,0.22,BODY
88706731F7034FF2,2.14,-3.02,30.00,0.96,0.26,0.23,BODY
BC75EA6438F48E59,3.10,-3.02,30.00,1.00,0.99,0.96,BODY
2C1D5B84A827038B,-2.90,-3.29,30.00,0.89,0.91,0.87,BODY
5A4D6A7561966B49,-1.78,-3.52,30.00,0.94,0.27,0.21,BODY
41A189802EF305CE,-0.60,-3.29,30.00,0.84,0.31,0.25,BODY
330C5D83BF81B96D,0.20,-3.33,30.00,0.94,0.27,0.22,BODY
FA42EF3B24E31655,1.64,-3.46,30.00,0.94,0.27,0.22,BODY
57FB1695517D9C0C,2.41,-3.39,30.00,0.94,0.28,0.20,BODY
F1EA0EF4CE678576,3.57,-3.33,30.00,0.99,1.00,1.00,BODY
29325C98FA2119C0,-2.09,-3.12,30.00,0.92,0.30,0.20,BODY
39038849090B0D0D,-1.31,-3.41,30.00,0.94,0.27,0.22,BODY
ABDBCCFAD9EAE334,0.11,-3.09,30.00,0.50,0.25,0.18,BODY
11ABB562226C2D48,1.05,-2.94,30.00,0.94,0.27,0.22,BODY
856E63747AA3F1F2,2.08,-3.06,30.00,0.95,0.27,0.22,BODY
6FB9C725ADD2C845,2.88,-3.00,30.00,0.02,0.04,0.05,BODY
0CC1FE6228C14FC2,-3.69,-3.44,30.00,0.28,0.31,0.30,BODY
B35EC5C39CAAFB84,-2.02,-2.99,30.00,0.94,0.28,0.21,BODY
D6937BE064870C77,-0.53,-3.31,30.00,0.94,0.33,0.26,BODY
E82AA8F30C8F30AE,0.13,-3.03,30.00,0.34,0.20,0.11,BODY
AFC9D903682C06BE,1.50,-3.28,30.00,0.94,0.27,0.22,BODY
9028B45CEFFF087D,2.50,-3.04,30.00,0.94,0.27,0.21,BODY
D94E816C4F3797ED,3.48,-3.15,30.00,1.00,0.98,0.96,BODY
2C0CBF0C4F77E994,-2.49,-2.87,30.00,0.96,0.27,0.24,BODY
932259F91D2A96E3,-1.28,-3.35,30.00,0.94,0.27,0.22,BODY
32EC6FCD32E7DD54,-0.29,-3.44,30.00,0.87,0.67,0.41,BODY
027B9E2DFD37A9EA,0.55,-3.37,30.00,0.95,0.27,0.23,BODY
CABF913CE9E00371,1.69,-2.90,30.00,0.95,0.27,0.21,BODY
E42A1BEEA1BDDEF5,2.90,-3.15,30.00,0.70,0.35,0.25,BODY
C25A75CE204DC154,-3.63,-2.95,30.00,0.53,0.57,0.56,BODY
0E5E3236391F11F2,-1.60,-3.17,30.00,0.93,0.28,0.23,BODY
4EEC4B06D5C95860,-0.75,-3.05,30.00,0.95,0.33,0.25,BODY
443AC9A7733DD762,0.38,-3.13,30.00,0.91,0.67,0.42,BODY
187BE88778E77DD4,1.59,-3.32,30.00,0.93,0.27,0.21,BODY
F01231E6B40E7770,2.60,-2.85,30.00,0.95,0.27,0.22,BODY
04246A4733889952,3.16,-3.35,30.00,1.00,0.98,0.99,BODY
43ECE0EA50ADFAB4,-2.14,-3.01,30.00,0.94,0.27,0.23,BODY
56DBACD940AD6E0E,-1.18,-3.10,30.00,0.95,0.27,0.23,BODY
2B247B24D7C1957F,-0.08,-2.90,30.00,0.75,0.55,0.31,BODY
55B54F1EFEA7074C,0.71,-3.37,30.00,0.87,0.27,0.24,BODY
530B85299FA30B08,1.62,-3.14,30.00,0.95,0.28,0.22,BODY
98E1DFCF5358188F,3.10,-2.87,30.00,0.20,0.24,0.17,BODY
25AD2FD163A0C43A,-3.58,-2.85,30.00,0.33,0.35,0.35,BODY
267FEE03BA13EF6B,-1.47,-2.97,30.00,0.95,0.28,0.22,BODY
3727A17203918F83,-0.83,-3.22,30.00,0.93,0.36,0.33,BODY
5EC21F1E4A6EFA8C,0.51,-3.13,30.00,0.85,0.59,0.39,BODY
8CD7E4BAE1859304,1.12,-3.04,30.00,0.93,0.28,0.22,BODY
65BA07E7992E78BE,2.62,-2.88,30.00,0.94,0.27,0.21,BODY
06AB3BF096BBD09E,3.57,-3.20,30.00,1.00,0.98,1.00,BODY
8F06DA1F85743C7B,-2.03,-3.18,30.00,0.93,0.28,0.21,BODY
7A1BC0673AC42300,-1.41,-3.16,30.00,0.91,0.28,0.22,BODY
386DFC5C050C4A7C,0.13,-3.17,30.00,0.09,0.03,0.00,BODY
EC917A01B8ADD405,1.01,-2.87,30.00,0.73,0.29,0.25,BODY
3B02C4CD59478DE2,1.72,-2.83,30.00,0.94,0.28,0.21,BODY
015F8EF59AD488F3,2.87,-3.33,30.00,0.69,0.43,0.43,BODY
DC7B848C641A030B,-2.33,-2.86,30.00,0.95,0.35,0.27,BODY
6AFDDB2B4096229C,-1.25,-3.10,30.00,0.92,0.29,0.20,BODY
06B9C2A656AE36D0,-0.61,-3.10,30.00,0.14,0.05,0.02,BODY
07074B978AC84517,0.45,-3.10,30.00,0.08,0.00,0.00,BODY
2A9586DD2356EE83,1.68,-3.04,30.00,0.91,0.29,0.22,BODY
C2C30C543FCA9123,2.55,-2.86,30.00,0.93,0.27,0.23,BODY
47A20F8C66251935,3.52,-2.98,30.00,0.05,0.11,0.12,BODY
EE8D2F08C137CE9F,-1.82,-2.91,30.00,0.95,0.28,0.22,BODY
9D2CFA7F56E66623,-0.98,-3.27,30.00,0.05,0.02,0.00,BODY
425CA95E07651952,0.12,-3.21,30.00,0.95,0.71,0.39,BODY
36DC0BBAF592E13E,1.25,-2.81,30.00,0.49,0.16,0.13,BODY
8C876ED754633C31,2.22,-2.78,30.00,0.95,0.27,0.23,BODY
DFAD38422DF7E7F2,3.34,-2.94,30.00,0.75,0.44,0.44,BODY
D1EC27157E177955,-2.03,-3.20,30.00,0.93,0.28,0.20,BODY
D2722A81DCBCD38F,-1.12,-3.08,30.00,0.10,0.00,0.00,BODY
A6C49919138DB0CD,0.09,-3.14,30.00,0.02,0.00,0.00,BODY
4E8E928B612AAAFB,0.89,-2.73,30.00,0.07,0.00,0.00,BODY
2A7D89F874D1ED9D,2.05,-3.13,30.00,0.95,0.27,0.21,BODY
70D3047AF60DDF14,3.18,-3.12,30.00,0.59,0.20,0.16,BODY
48D977EA6A78A464,-2.19,-2.78,30.00,0.95,0.27,0.22,BODY
202051A41ADC2B86,-0.84,-2.82,30.00,0.07,0.00,0.00,BODY
AB1177F55025BB32,-0.22,-2.92,30.00,0.02,0.01,0.04,BODY
FF56758DF2B9B276,1.28,-2.81,30.00,0.01,0.01,0.00,BODY
26570C1C7BEC8B03,2.25,-3.04,30.00,0.94,0.27,0.24,BODY
C71BB6E1EFA411F9,2.99,-2.80,30.00,0.90,0.29,0.22,BODY
170C1D8523B31410,-2.29,-2.91,30.00,0.95,0.27,0.22,BODY
3377931553154C78,-1.36,-2.58,30.00,0.07,0.00,0.01,BODY
91E5A59B949FB5AD,-0.12,-3.17,30.00,0.00,0.02,0.02,BODY
187C9115B0BDA066,0.75,-3.01,30.00,0.01,0.00,0.01,BODY
B035EA999600AA9A,1.99,-2.84,30.00,0.81,0.27,0.28,BODY
0279CA1CFBA592DD,3.06,-2.67,30.00,0.94,0.27,0.19,BODY
C23ED0F5C3E52411,-2.60,-3.07,30.00,0.95,0.27,0.22,BODY
F17A1881498EEF0E,-1.46,-2.65,30.00,0.05,0.00,0.02,BODY
001585BCDD9BD98C,-0.03,-2.61,30.00,0.05,0.02,0.02,BODY
06233DF4D22178C0,0.51,-2.78,30.00,0.00,0.00,0.00,BODY
4AC1AD668C0F50DF,2.08,-2.88,30.00,0.14,0.02,0.01,BODY
79E608D75B2B0052,3.06,-2.58,30.00,0.80,0.34,0.30,BODY
B013EC0C8BE4077A,-2.14,-2.60,30.00,0.92,0.28,0.22,BODY
4DB2C85EA2DE5B15,-1.12,-2.99,30.00,0.01,0.00,0.01,BODY
1904269AADC1986A,-0.14,-2.80,30.00,0.40,0.30,0.22,BODY
580C02C7D3BFDDFE,0.95,-2.66,30.00,0.00,0.00,0.00,BODY
B8865EB77B81EDB7,1.60,-2.61,30.00,0.06,0.00,0.00,BODY
A8EA8AE27C66F3A5,3.07,-2.65,30.00,0.04,0.04,0.00,BODY
BC53BD6815FB4A98,-2.59,-2.83,30.00,0.95,0.28,0.20,BODY
08E09FB7A15235AB,-1.27,-2.79,30.00,0.00,0.01,0.00,BODY
D5F303133E16E704,-0.43,-2.72,30.00,0.60,0.45,0.30,BODY
D8F79E857E47E134,0.64,-3.08,30.00,0.00,0.00,0.00,BODY
9F824A6BBDD56B3F,1.66,-2.66,30.00,0.02,0.01,0.01,BODY
3F323D4F5848B640,2.60,-2.94,30.00,0.76,0.31,0.23,BODY
DBE3F19F7E9A562F,-2.36,-2.72,30.00,0.82,0.29,0.24,BODY
6D1C99A44DB752FA,-1.63,-2.74,30.00,0.02,0.00,0.00,BODY
19A903E99B3C2143,-0.15,-2.83,30.00,0.96,0.69,0.45,BODY
6981D8A1B010C05F,0.35,-2.74,30.00,0.00,0.00,0.01,BODY
EB4B444AC7E5A7AF,1.47,-2.76,30.00,0.01,0.04,0.02,BODY
8CAE41B2AD801884,2.46,-2.75,30.00,0.93,0.28,0.20,BODY
A7AFC465AD2FA7AA,-2.83,-2.91,30.00,0.05,0.15,0.14,BODY
4081F8FFCAD7B9A3,-1.80,-3.02,30.00,0.00,0.00,0.00,BODY
7666E145D4052C26,-0.35,-2.77,30.00,0.97,0.67,0.40,BODY
7F3C8E3890030CC2,0.70,-2.76,30.00,0.00,0.00,0.00,BODY
3C447C725833381A,1.51,-2.74,30.00,0.00,0.00,0.00,BODY
AB9128FEB8A60B18,2.85,-2.81,30.00,0.95,0.29,0.24,BODY
DACA4F4A2D05AD8D,3.58,-2.63,30.00,0.93,0.27,0.24,BODY
3529004BFB2C2E30,-1.48,-2.85,30.00,0.00,0.01,0.00,BODY
53854226C731EF3D,-0.56,-2.84,30.00,0.07,0.03,0.03,BODY
EBA010327E6A6B5D,0.44,-2.75,30.00,0.71,0.54,0.31,BODY
664D355535A4C83C,1.21,-2.95,30.00,0.01,0.00,0.00,BODY
FFDA5709795C8C21,2.49,-2.87,30.00,0.75,0.27,0.25,BODY
C825331381ED65BB,3.35,-2.63,30.00,0.96,0.27,0.20,BODY
6CC1F30B8D333C56,-1.89,-2.92,30.00,0.00,0.00,0.00,BODY
E584B26ABF9C4E10,-0.87,-2.47,30.00,0.01,0.00,0.00,BODY
2B4C916023334EF4,0.11,-2.68,30.00,0.48,0.30,0.13,BODY
596AE69FEC5986BF,1.07,-2.44,30.00,0.00,0.00,0.01,BODY
E5C1064BBF5CE5DC,2.40,-2.89,30.00,0.05,0.00,0.00,BODY
A76E5C35E7E8777C,3.17,-2.56,30.00,0.94,0.28,0.20,BODY
32396BD5DDB14FFE,-1.98,-2.83,30.00,0.01,0.01,0.00,BODY
2690799F5DB76F49,-0.61,-2.92,30.00,0.00,0.00,0.00,BODY
7D927F549B4F99ED,0.29,-2.72,30.00,0.00,0.00,0.02,BODY
2321F116F64374B8,1.17,-2.48,30.00,0.00,0.00,0.00,BODY
5ABFEF0BFA92D1E2,2.35,-2.73,30.00,0.00,0.00,0.01,BODY
D355FC48C0E84CCB,3.16,-2.57,30.00,0.95,0.27,0.22,BODY
B166F8AF9AFAF464,-1.93,-2.91,30.00,0.00,0.01,0.01,BODY
AD5822E0B5D538C7,-0.77,-2.71,30.00,0.00,0.00,0.01,BODY
636B8DAC5D5FB63E,0.22,-2.78,30.00,0.01,0.00,0.00,BODY
A0CD6BCE9D3393CC,0.93,-2.64,30.00,0.00,0.00,0.00,BODY
CEF3556CA8B19624,2.40,-2.66,30.00,0.00,0.01,0.01,BODY
A8A99ABE2C06E816,3.21,-2.61,30.00,0.95,0.27,0.22,BODY
09079BC68DCF9DCC,-2.06,-2.70,30.00,0.00,0.00,0.01,BODY
4579A03FD410940E,-0.98,-2.51,30.00,0.00,0.01,0.01,BODY
46045BCD8A4D4158,0.13,-2.54,30.00,0.01,0.02,0.02,BODY
F8C5F83FECDBFCAC,0.86,-2.84,30.00,0.00,0.00,0.00,BODY
383AF387F68D6E92,2.05,-2.86,30.00,0.00,0.02,0.02,BODY
F14527E0B32EF749,3.29,-2.51,30.00,0.93,0.27,0.22,BODY
2806EA9D058541F3,-2.33,-2.41,30.00,0.00,0.02,0.00,BODY
D6814BA57DEEC39B,-0.87,-2.56,30.00,0.03,0.00,0.03,BODY
3FB5BA5251155B56,0.18,-2.65,30.00,0.02,0.01,0.00,BODY
8ECA60CCBF27E3B1,0.78,-2.31,30.00,0.00,0.00,0.00,BODY
C5FB2BB8C9D2F272,1.97,-2.83,30.00,0.00,0.00,0.02,BODY
D6D021802119C579,2.90,-2.33,30.00,0.94,0.27,0.22,BODY
D6825339DCD9E7AD,-1.87,-2.23,30.00,0.00,0.01,0.00,BODY
3BE1B9FCD4F0E8A5,-0.91,-2.23,30.00,0.03,0.00,0.02,BODY
2C3A2315EFBFB7E0,0.13,-2.64,30.00,0.05,0.01,0.00,BODY
DA6ED8D7E10ADB74,1.09,-2.53,30.00,0.02,0.00,0.00,BODY
E1186B45680C6BEF,1.97,-2.30,30.00,0.00,0.00,0.01,BODY
F371BE7FC222314F,2.88,-2.65,30.00,0.94,0.27,0.22,BODY
D8F47653C488FDAE,-2.28,-2.28,30.00,0.00,0.00,0.01,BODY
52C480973E4D0827,-1.07,-2.68,30.00,0.01,0.00,0.01,BODY
92A4B44C697D1B59,-0.39,-2.79,30.00,0.40,0.26,0.15,BODY
79051A4774624D89,0.85,-2.20,30.00,0.06,0.00,0.00,BODY
C6F0B87EA713EDA1,1.65,-2.29,30.00,0.01,0.01,0.01,BODY
2CB997ED741F07BD,2.98,-2.30,30.00,0.95,0.27,0.22,BODY
A327C50F4DE4E3EC,-2.17,-2.61,30.00,0.01,0.00,0.02,BODY
0424B295DB02833A,-0.88,-2.66,30.00,0.00,0.02,0.00,BODY
183B8B8F03B91F62,0.07,-2.60,30.00,0.78,0.55,0.36,BODY
BF38E3D18D226E80,0.92,-2.66,30.00,0.20,0.02,0.01,BODY
990CCD6D4602522C,1.99,-2.54,30.00,0.00,0.00,0.00,BODY
092A60D1250FA5DA,3.05,-2.30,30.00,0.95,0.27,0.22,BODY
691DAE9C1E6F1C68,-1.90,-2.31,30.00,0.00,0.00,0.02,BODY
314CDAB0136BA7AF,-1.32,-2.48,30.00,0.01,0.01,0.00,BODY
6330CD7681578495,-0.35,-2.65,30.00,0.85,0.63,0.44,BODY
4A576A83A81DD8E6,0.78,-2.32,30.00,0.55,0.15,0.10,BODY
A91781F5BBCF027B,2.19,-2.46,30.00,0.00,0.00,0.00,BODY
308F42F0E619C76A,2.93,-2.62,30.00,0.94,0.27,0.22,BODY
74B1B5232803F1F4,-2.10,-2.17,30.00,0.00,0.00,0.01,BODY
E3CBC11AB95140B5,-1.36,-2.46,30.00,0.06,0.02,0.00,BODY
5F6B468E281EA726,-0.01,-2.50,30.00,0.78,0.55,0.38,BODY
4DA403624EF7E6E8,0.92,-2.15,30.00,0.82,0.26,0.20,BODY
D2D9891622CCFAB8,2.25,-2.25,30.00,0.00,0.00,0.00,BODY
B27303DE898B3B4C,3.20,-2.31,30.00,0.94,0.27,0.22,BODY
C606F5A3CC922588,-2.06,-2.38,30.00,0.01,0.00,0.00,BODY
DC5D55E334504FEA,-1.29,-2.36,30.00,0.35,0.11,0.08,BODY
D38A3A8C2D1B873C,-0.19,-2.54,30.00,0.57,0.35,0.25,BODY
414945FC9E92271E,1.08,-2.61,30.00,0.96,0.28,0.27,BODY
13147D07490E8E2E,1.95,-2.38,30.00,0.03,0.02,0.02,BODY
5795A4671E9FBA5A,2.82,-2.45,30.00,0.94,0.27,0.22,BODY
EAD4CF5C6EDD0DB0,-2.09,-2.33,30.00,0.02,0.00,0.00,BODY
8ADB8EF454DF9503,-1.19,-2.05,30.00,0.63,0.28,0.25,BODY
3A364FB5A2F76CCF,0.18,-2.27,30.00,0.24,0.02,0.00,BODY
A473F2825719EBD7,0.83,-2.43,30.00,0.95,0.25,0.26,BODY
185E9056700FA1CA,2.09,-2.41,30.00,0.04,0.02,0.03,BODY
CE27E88A62CCC5BF,3.14,-2.23,30.00,0.94,0.27,0.22,BODY
FE72C4A856CB3D94,-1.83,-2.45,30.00,0.02,0.00,0.00,BODY
CC888594003ABB04,-0.73,-2.23,30.00,0.25,0.01,0.01,BODY
916BC0E3168B7E23,-0.02,-2.30,30.00,0.61,0.22,0.18,BODY
5029FFB2FF9481F6,0.99,-2.17,30.00,0.95,0.28,0.27,BODY
2EF7E2E3A1C9514D,2.11,-2.53,30.00,0.02,0.00,0.01,BODY
68D11E0AE2935068,3.34,-2.49,30.00,0.95,0.27,0.21,BODY
3697F0DB46B7A3CB,-1.72,-2.43,30.00,0.01,0.00,0.00,BODY
2890D3D630E7A6EE,-1.15,-2.12,30.00,0.60,0.16,0.17,BODY
575B8542EA9E9E01,-0.09,-2.40,30.00,0.54,0.17,0.15,BODY
CB8DA39137D16101,1.05,-2.17,30.00,0.92,0.27,0.23,BODY
FC9864EE605949F8,2.25,-2.43,30.00,0.02,0.00,0.03,BODY
0F9DC8D3B3B9F9D1,3.35,-2.37,30.00,0.95,0.27,0.23,BODY
A00501CB0E439C17,-1.63,-2.30,30.00,0.04,0.00,0.02,BODY
EEB169546AC916C0,-0.73,-2.04,30.00,0.59,0.22,0.19,BODY
14282D8DBF58A442,0.07,-2.00,30.00,0.70,0.16,0.13,BODY
E44BC3D94EA7631A,0.95,-2.39,30.00,0.94,0.28,0.25,BODY
C372BF526361EB48,2.37,-2.48,30.00,0.02,0.00,0.02,BODY
0144627731BB145C,3.34,-1.97,30.00,0.93,0.27,0.20,BODY
B32800C52385D86B,-1.62,-2.21,30.00,0.27,0.05,0.04,BODY
3B063E19ACFE6253,-0.66,-2.14,30.00,0.28,0.18,0.18,BODY
B6919763993EBC38,0.43,-2.30,30.00,0.71,0.16,0.16,BODY
8B90AD0C9C229EB7,1.43,-1.95,30.00,0.98,0.25,0.23,BODY
5CEAB554EF045D20,2.51,-2.20,30.00,0.02,0.01,0.02,BODY
BA3D5C26ED60C3B5,3.60,-1.99,30.00,0.94,0.27,0.22,BODY
8125170B330C76AE,-1.56,-1.96,30.00,0.94,0.29,0.24,BODY
B0F4FEE23CD14424,-0.46,-2.28,30.00,0.97,0.96,0.96,BODY
5DFE02630C474FCB,0.36,-2.39,30.00,0.71,0.16,0.11,BODY
AD0C068D5E6860B3,1.81,-2.30,30.00,0.97,0.26,0.24,BODY
2F8E1B7989C915A8,2.72,-1.91,30.00,0.56,0.19,0.16,BODY
B76EF5DD396C7C05,-2.62,-2.12,30.00,0.00,0.02,0.03,BODY
950A92DDBA5D188D,-1.19,-2.39,30.00,0.73,0.24,0.23,BODY
B92B41F9452AFE3D,-0.27,-2.43,30.00,0.98,0.99,0.99,BODY
2C46B2BCA3CF6B5D,0.61,-2.07,30.00,0.71,0.17,0.13,BODY
6F9A9B341AC56C55,1.79,-1.99,30.00,0.93,0.28,0.22,BODY
D523E83FD8B1DF4A,2.66,-2.32,30.00,0.93,0.28,0.22,BODY
A815B5F30967C45F,-2.49,-2.00,30.00,0.04,0.00,0.02,BODY
56EB3489B16F366B,-1.33,-2.30,30.00,0.33,0.07,0.06,BODY
18AB4A15BA77326D,-0.11,-2.11,30.00,0.99,0.99,0.99,BODY
4E625DB1DBEDACAC,0.87,-2.05,30.00,0.73,0.16,0.15,BODY
1368ACF478146D7F,2.16,-2.08,30.00,0.93,0.28,0.21,BODY
74E1258FF2BEF95C,3.07,-2.18,30.00,0.93,0.28,0.21,BODY
EDE244665C8F3908,-1.81,-1.95,30.00,0.41,0.07,0.07,BODY
50D56F8E735EFC72,-1.13,-2.08,30.00,0.75,0.73,0.73,BODY
7C5E4C0C2ABB24DE,0.04,-1.88,30.00,0.99,0.99,0.97,BODY
71DC93255D91BD6A,1.00,-2.14,30.00,0.73,0.16,0.14,BODY
3BB45F59D5BFF48E,2.13,-2.26,30.00,0.94,0.31,0.26,BODY
E82693DAF13AB89F,3.15,-2.22,30.00,0.92,0.28,0.21,BODY
83FD2EBCF41A5022,-1.91,-1.84,30.00,0.92,0.28,0.25,BODY
849D65C4C7ED38B0,-0.78,-2.07,30.00,1.00,0.99,0.98,BODY
400035454390CBA1,0.26,-2.29,30.00,0.68,0.67,0.65,BODY
F63C05862AE6F385,1.47,-2.13,30.00,0.32,0.05,0.06,BODY
268BEF660841CA2D,2.33,-2.32,30.00,0.72,0.22,0.22,BODY
B857DB24273C3965,3.65,-2.03,30.00,0.91,0.28,0.25,BODY
0C1AB24111484B81,-1.71,-1.76,30.00,0.91,0.29,0.25,BODY
236AFC2900F7C0FA,-0.45,-2.14,30.00,0.99,0.99,1.00,BODY
D87921BA1C0D9C9A,0.47,-1.86,30.00,0.48,0.25,0.25,BODY
8E223EEC54F6DFD2,1.71,-2.14,30.00,0.92,0.27,0.24,BODY
28A0A725CCC71583,2.36,-2.11,30.00,0.93,0.28,0.21,BODY
1435E919B2528ABB,-2.18,-1.73,30.00,0.24,0.04,0.02,BODY
FCA7F809CF537526,-1.37,-1.90,30.00,0.87,0.82,0.83,BODY
72D11D84213A15F3,-0.31,-2.23,30.00,1.00,0.99,0.99,BODY
E646519F8B82528C,0.71,-2.15,30.00,0.31,0.11,0.08,BODY
A630B746760F1139,1.95,-2.00,30.00,0.92,0.29,0.22,BODY
D68F45D942890CCC,3.16,-1.89,30.00,0.95,0.27,0.22,BODY
DB0A0AF81B3E5B67,-1.97,-1.79,30.00,0.96,0.27,0.21,BODY
03509A48CCDABAEA,-1.20,-1.75,30.00,1.00,0.99,1.00,BODY
F2A71070E5B0DACF,0.35,-2.18,30.00,1.00,0.99,1.00,BODY
E0B6D7C6DEEFDC8B,0.82,-1.91,30.00,0.67,0.20,0.17,BODY
5FEF1852DA096E61,2.22,-2.02,30.00,0.94,0.33,0.25,BODY
44631C3BBFF49260,3.00,-1.77,30.00,0.94,0.28,0.22,BODY
22050BB5BCA4AB98,-1.42,-1.69,30.00,0.87,0.32,0.25,BODY
45444799B3B47A36,-0.47,-1.99,30.00,1.00,0.99,1.00,BODY
FB3A4BD8FFD4BC85,0.35,-2.17,30.00,0.99,0.99,1.00,BODY
53D5F2742CE7D2B0,1.58,-2.06,30.00,0.35,0.05,0.04,BODY
0EFC8C12EE5FC627,2.72,-1.99,30.00,0.96,0.27,0.22,BODY
74ADD26350073C2E,-2.53,-2.05,30.00,0.91,0.28,0.25,ARM
000978A0A736746C,-1.27,-1.74,30.00,0.99,0.98,0.99,BODY
34AA0CDF96170F88,-0.36,-2.15,30.00,1.00,0.99,1.00,BODY
4E762C21A8D903F2,0.69,-1.72,30.00,0.57,0.34,0.35,BODY
CE1D176D95BE7FB2,2.08,-1.80,30.00,0.90,0.27,0.24,BODY
3619344858E13871,2.74,-1.63,30.00,0.94,0.27,0.22,BODY
0F515C2D03533480,-2.05,-2.08,30.00,0.93,0.28,0.21,BODY
1A2B462F3BBA7113,-0.71,-2.09,30.00,1.00,0.99,1.00,BODY
3003C4B808205127,-0.15,-2.05,30.00,1.00,0.99,1.00,BODY
E6A7E8D69ACDAE76,1.27,-2.09,30.00,0.57,0.17,0.13,BODY
03A47C9E9A2B67CE,2.37,-1.88,30.00,0.94,0.32,0.26,BODY
3C74095761D5889F,3.24,-1.62,30.00,0.94,0.27,0.24,BODY
4D234E273B7ED6DE,-1.45,-2.05,30.00,0.26,0.18,0.17,BODY
FF79588A61E93E08,-0.52,-2.11,30.00,1.00,0.99,1.00,BODY
AD000B533846C06C,0.56,-1.63,30.00,0.99,0.98,0.99,BODY
A594501AB58EC234,1.39,-1.62,30.00,0.47,0.14,0.13,BODY
F02D69CD961EF794,2.85,-1.93,30.00,0.95,0.27,0.21,BODY
AD3E85428E5368F5,-2.22,-2.01,30.00,0.93,0.26,0.21,ARM
483AFFA040986E0F,-1.09,-1.60,30.00,1.00,0.99,1.00,BODY
D862324452E2215A,-0.08,-1.82,30.00,1.00,0.99,1.00,BODY
2F89D9C74C9E576E,1.06,-1.71,30.00,0.94,0.96,0.96,BODY
5E14D3DD041CC2ED,2.13,-2.11,30.00,0.68,0.21,0.16,BODY
C785357BBB7B998E,3.06,-1.65,30.00,0.94,0.27,0.22,BODY
39E9B1BD73ACD4A1,-1.68,-1.55,30.00,0.48,0.13,0.12,BODY
65C22B39DF49954E,-0.97,-1.93,30.00,1.00,0.99,1.00,BODY
358608115ACF7A56,0.33,-1.83,30.00,1.00,0.99,1.00,BODY
51C1337ADCB35E7B,1.47,-1.63,30.00,0.70,0.18,0.20,BODY
14845498D1BAF1AD,2.51,-1.65,30.00,0.93,0.27,0.22,BODY
B8710EF7033A7036,-2.14,-1.49,30.00,0.07,0.23,0.19,ARM
B27F83660D1E84A3,-1.58,-1.89,30.00,1.00,0.99,0.99,BODY
D32B3D19534AC16A,-0.51,-1.76,30.00,1.00,0.99,1.00,BODY
C32032E15E424A90,1.00,-1.64,30.00,0.98,1.00,0.99,BODY
1495A47C533BF8BD,2.06,-2.04,30.00,0.61,0.17,0.15,BODY
F4C294C7F3E96675,2.55,-1.78,30.00,0.94,0.27,0.22,BODY
745D1E9B3DB6412F,-2.18,-1.84,30.00,0.95,0.28,0.22,BODY
7A2CA9D5DEDAAD9B,-0.62,-2.01,30.00,1.00,0.99,1.00,BODY
758E7E6396A7B091,0.41,-1.66,30.00,1.00,0.99,1.00,BODY
1AA5B48016C45DE9,1.49,-1.57,30.00,1.00,0.97,1.00,BODY
6ED1BE6FEE7F08F2,2.32,-1.77,30.00,0.95,0.28,0.20,BODY
A0364055415BCA8E,3.47,-2.01,30.00,0.79,0.34,0.29,BODY
A021614D93C72B42,-1.55,-2.01,30.00,1.00,0.98,0.99,BODY
034B08EC3C2B9615,-0.45,-1.60,30.00,1.00,0.99,1.00,BODY
A8F4E3C803D011B6,0.85,-1.71,30.00,1.00,0.99,0.99,BODY
6B15FB8A179AC78C,1.79,-1.63,30.00,0.72,0.17,0.16,BODY
279C959A43195DC0,2.41,-1.74,30.00,0.94,0.27,0.22,BODY
41FF86D02D302B16,-1.67,-1.46,30.00,0.93,0.29,0.21,BODY
EC4ABE177968A502,-0.91,-1.90,30.00,1.00,0.99,1.00,BODY
B94409E5FC49DB72,-0.17,-1.57,30.00,1.00,0.99,1.00,BODY
A15A7233E59D78C3,1.21,-1.86,30.00,1.00,1.00,1.00,BODY
26DE9F7506A6E422,2.21,-1.93,30.00,0.65,0.20,0.17,BODY
ED718581F20B5786,3.24,-1.97,30.00,0.49,0.16,0.10,BODY
EEB3A10770789780,-1.67,-1.61,30.00,1.00,0.98,1.00,BODY
37A0A1385BC6BFEA,-0.28,-1.66,30.00,1.00,0.99,1.00,BODY
D914F3F278828940,0.42,-1.95,30.00,1.00,1.00,0.99,BODY
4BB5B5597766C50D,1.92,-1.79,30.00,0.72,0.17,0.13,BODY
7449B33F8203FF1C,2.87,-1.67,30.00,0.94,0.27,0.22,BODY
51F4A0029C4E46D5,-2.14,-1.90,30.00,0.80,0.30,0.25,BODY
DD843465271CCFFF,-1.00,-1.90,30.00,1.00,0.99,1.00,BODY
0ACA612DEDA8B5E9,0.41,-1.51,30.00,1.00,0.99,1.00,BODY
B71C91135B1842FE,1.35,-1.79,30.00,0.97,1.00,0.99,BODY
429EFAF4EE80FEA1,2.04,-1.60,30.00,0.69,0.26,0.18,BODY
45023AF6BEBE6F85,-2.26,-1.85,30.00,0.80,0.35,0.29,ARM
16631BB935F13D16,-0.96,-1.31,30.00,1.00,0.99,1.00,BODY
1F53A4F2055891F6,-0.05,-1.58,30.00,1.00,0.99,1.00,BODY
3A6D307FC94A649A,0.73,-1.71,30.00,1.00,0.99,1.00,BODY
5921DC82CC3B4F91,1.95,-1.30,30.00,0.68,0.17,0.15,BODY
96D6A16366E324E1,2.93,-1.35,30.00,0.94,0.27,0.22,BODY
A0F11910DAF1F097,-1.82,-1.44,30.00,0.99,0.98,1.00,BODY
C6BA7C96AE9929BC,-0.76,-1.64,30.00,1.00,0.99,1.00,BODY
9AB2E7AC1758705A,0.10,-1.39,30.00,1.00,0.99,1.00,BODY
2FCF6F5E94134185,1.69,-1.54,30.00,1.00,0.99,0.99,BODY
1A42457B0BC24824,2.24,-1.31,30.00,0.92,0.28,0.21,BODY
2E671038ACD524CB,-2.06,-1.39,30.00,0.94,0.27,0.21,ARM
1AB8CA1685A55685,-0.81,-1.73,30.00,1.00,0.99,1.00,BODY
1AC9997417CE22F7,0.19,-1.62,30.00,1.00,0.99,1.00,BODY
4E5CD5062C108FA3,1.21,-1.44,30.00,0.97,0.99,0.98,BODY
9EB804349EFDF6E0,1.88,-1.76,30.00,0.72,0.17,0.12,BODY
FE80A703E6588685,3.01,-1.65,30.00,0.93,0.28,0.22,BODY
2DD2CEFA5953E328,-1.35,-1.37,30.00,0.99,1.00,1.00,BODY
BBD69D14419DF7FA,-0.31,-1.25,30.00,1.00,0.99,1.00,BODY
A8ECD8E4844491E2,0.65,-1.46,30.00,1.00,0.99,1.00,BODY
3B2CF1AF59B17833,1.91,-1.55,30.00,0.52,0.11,0.14,BODY
8F65FF015C1140D4,2.61,-1.41,30.00,0.94,0.27,0.20,BODY
461A84BA477910F9,-1.54,-1.76,30.00,1.00,0.99,1.00,BODY
AE611CF8622B427C,-0.45,-1.75,30.00,1.00,0.99,1.00,BODY
7C27B88C8C79FEA7,0.36,-1.44,30.00,1.00,0.99,1.00,BODY
1970B0EA984DB275,1.61,-1.68,30.00,0.97,1.00,1.00,BODY
5EF75AD404473AA5,2.36,-1.69,30.00,0.80,0.26,0.20,BODY
A5B7EBC553473B72,-2.07,-1.38,30.00,0.95,0.27,0.20,ARM
E68427AF52C1FC1B,-1.15,-1.51,30.00,1.00,0.99,1.00,BODY
F20F354B3845A053,0.13,-1.33,30.00,1.00,0.99,1.00,BODY
3F90E9669E96DC70,0.70,-1.35,30.00,1.00,0.99,1.00,BODY
540A6F77B41AFDF3,1.90,-1.42,30.00,0.22,0.04,0.05,BODY
9F3001706D9648F5,2.81,-1.64,30.00,0.92,0.28,0.23,BODY
9F4A2F6E71221595,-1.21,-1.51,30.00,1.00,0.99,1.00,BODY
089CBA2825F7DB06,-0.28,-1.60,30.00,1.00,0.99,1.00,BODY
96E039DF2477E490,0.82,-1.22,30.00,1.00,0.99,1.00,BODY
ABDA68E1F6B0E8CA,1.94,-1.30,30.00,0.16,0.07,0.07,BODY
57D2AE6A7DFBA0A1,2.65,-1.59,30.00,0.93,0.28,0.21,BODY
E3181165C1900C4A,-1.59,-1.51,30.00,1.00,0.99,1.00,BODY
EDFCC4645ACB5298,-0.79,-1.27,30.00,1.00,0.99,1.00,BODY
7372D9FC7403F1EA,0.24,-1.47,30.00,1.00,0.99,1.00,BODY
80891B988EC80121,1.37,-1.42,30.00,1.00,0.98,1.00,BODY
A829D1D8B4BA7643,2.41,-1.59,30.00,0.91,0.30,0.25,BODY
0543C5CF64D843E7,-1.90,-1.53,30.00,0.92,0.29,0.22,ARM
6BAB473298ECA090,-1.40,-1.51,30.00,1.00,0.99,1.00,BODY
7F0A62CF6981295D,0.12,-1.59,30.00,1.00,0.99,1.00,BODY
0AACCE6CE0296B18,0.80,-1.60,30.00,1.00,0.99,1.00,BODY
6F85273D71746A56,2.22,-1.53,30.00,0.78,0.81,0.79,BODY
CB8FBBE9B32937C8,2.93,-1.13,30.00,0.46,0.14,0.10,BODY
4BDB72A2B65EC2CD,-1.83,-1.45,30.00,1.00,0.99,1.00,BODY
24EE8B34716DDDF6,-0.96,-1.39,30.00,1.00,0.99,1.00,BODY
6464A636D7221C0E,0.23,-1.10,30.00,1.00,0.99,1.00,BODY
EFE0E50F1510B6A0,1.48,-1.47,30.00,1.00,0.98,0.99,BODY
E77243DCA9754C03,2.50,-1.08,30.00,0.69,0.16,0.17,BODY
88DCF7047526EAC2,-2.56,-1.53,30.00,0.49,0.29,0.25,ARM
C5B537162D1B2504,-1.24,-1.11,30.00,1.00,0.99,1.00,BODY
7258889337219290,-0.25,-1.16,30.00,1.00,0.99,1.00,BODY
54E99F0D54F777B2,0.51,-1.34,30.00,1.00,0.99,1.00,BODY
A53A075ADA2D94CA,1.63,-1.43,30.00,1.00,0.99,1.00,BODY
3ABDE0857D6D0B61,2.58,-1.49,30.00,0.92,0.29,0.22,BODY
EC5DFC003B14F436,-2.65,-1.04,30.00,0.66,0.18,0.15,ARM
163835AAB6BD5289,-1.34,-1.11,30.00,1.00,0.99,1.00,BODY
5DC82B31FD6FE850,-0.14,-1.16,30.00,1.00,0.99,1.00,BODY
2EF14501690FEC6D,0.90,-1.28,30.00,1.00,0.99,1.00,BODY
5837C957E03C74D4,1.39,-1.32,30.00,0.98,1.00,0.99,BODY
8DD9583555C388ED,2.71,-0.97,30.00,0.96,0.27,0.21,BODY
CFC4892A682DB329,-2.29,-1.52,30.00,0.89,0.29,0.25,ARM
5BB248EB63C2BD97,-1.54,-0.97,30.00,1.00,0.99,1.00,BODY
C5EFB8100D567225,-0.30,-1.30,30.00,1.00,0.99,1.00,BODY
2F2AF8B86127725D,0.64,-1.37,30.00,1.00,0.99,1.00,BODY
C2DB951AEB6C0568,1.49,-1.30,30.00,0.99,1.00,1.00,BODY
D48A71540B2D5D06,2.86,-1.01,30.00,0.94,0.27,0.20,BODY
171F5D350A5E12F6,-2.13,-1.20,30.00,0.91,0.29,0.24,ARM
BCAEF78A23EE5DCB,-1.16,-1.08,30.00,1.00,0.99,1.00,BODY
7E6A1C87411FC05F,-0.28,-1.30,30.00,1.00,0.99,1.00,BODY
5FAC745DFFD9BBC1,0.50,-0.91,30.00,1.00,0.99,1.00,BODY
F52ADFC7C0F9A2F3,2.00,-1.18,30.00,1.00,0.99,1.00,BODY
BED7A90F621F7B9B,2.84,-1.39,30.00,0.93,0.28,0.20,BODY
1EDC78222F5C47C4,-2.66,-1.24,30.00,0.94,0.27,0.21,ARM
03AFAE069D7DCCB3,-1.83,-1.08,30.00,1.00,0.99,1.00,BODY
B23DD6D8AD59648F,-0.38,-1.08,30.00,1.00,0.99,1.00,BODY
04CB8F3F177AA968,0.79,-1.02,30.00,1.00,0.99,1.00,BODY
A01E30FE8097F290,1.39,-1.07,30.00,0.99,1.00,1.00,BODY
43C6D458A74187B4,2.74,-1.07,30.00,0.95,0.26,0.24,BODY
898CDBD03B78360B,-2.57,-0.91,30.00,0.93,0.27,0.20,ARM
D29E698C7A866459,-1.41,-1.20,30.00,1.00,0.99,1.00,BODY
AD7E52CFCB16BBA6,-0.86,-1.35,30.00,1.00,0.99,1.00,BODY
653ECB0A4F5DBCCC,0.66,-1.01,30.00,1.00,0.99,1.00,BODY
48E75D29D80DC0A4,1.69,-1.41,30.00,1.00,0.99,1.00,BODY
8A07B50C0692CA85,2.41,-1.00,30.00,0.68,0.18,0.15,BODY
B2B8A4EFA4AAEFFE,-2.67,-0.99,30.00,0.94,0.28,0.22,ARM
D97A498B5F243A5D,-1.88,-1.11,30.00,1.00,1.00,1.00,BODY
0B8EDAB0404B4DD5,-0.67,-1.17,30.00,1.00,0.99,1.00,BODY
39BF8D6FF405A6E4,0.01,-0.87,30.00,1.00,0.99,1.00,BODY
260F00FCD526E7CB,1.17,-1.18,30.00,1.00,0.99,1.00,BODY
A39EDEF35E6009B4,2.12,-1.16,30.00,0.09,0.05,0.05,BODY
6963EE1D1EC08DCE,-2.86,-0.88,30.00,0.85,0.28,0.18,ARM
F3E40654CE68EA36,-2.25,-1.24,30.00,0.89,0.87,0.87,ARM
C8A9EAFC10D20DEF,-0.76,-0.92,30.00,1.00,0.99,1.00,BODY
F69156921B155738,0.24,-0.98,30.00,1.00,0.99,1.00,BODY
9296D730257A042D,0.77,-1.35,30.00,1.00,0.99,1.00,BODY
B05CF7D616E1DD9E,2.02,-0.85,30.00,0.98,0.98,0.97,BODY
9C669CAFCF0E4C0E,-3.15,-0.88,30.00,0.51,0.14,0.12,ARM
CD96D1D3D370EB9E,-2.31,-1.30,30.00,0.95,0.27,0.20,ARM
BE7C073D6250ADD4,-1.13,-1.26,30.00,1.00,0.99,1.00,BODY
3BF7710491C61A8D,-0.28,-1.11,30.00,1.00,0.99,1.00,BODY
A5E951B40D6345E7,0.45,-1.13,30.00,1.00,0.99,1.00,BODY
FF3EB0E7CD1CE207,2.05,-1.17,30.00,1.00,0.99,1.00,BODY
6D478598F807B454,3.05,-1.24,30.00,0.32,0.08,0.05,BODY
B16A3BF9501DF043,-2.77,-0.94,30.00,0.95,0.27,0.22,ARM
BCD5FDE4A7C8FC63,-1.71,-1.23,30.00,1.00,0.99,1.00,BODY
9EFA50355473A6CF,-0.64,-1.15,30.00,1.00,0.99,1.00,BODY
CBC3052DC385C413,0.36,-0.90,30.00,1.00,0.99,1.00,BODY
5D9FB97AA4E7103D,1.63,-0.90,30.00,1.00,0.99,0.99,BODY
F6B85CFE499C8C6C,2.19,-1.19,30.00,0.72,0.16,0.16,BODY
4A55F8FA1C8628D4,-3.32,-1.27,30.00,0.95,0.27,0.22,ARM
5B27FE84A6A67BF7,-2.23,-1.02,30.00,0.98,0.98,1.00,ARM
78D80A0C42950999,-1.29,-1.14,30.00,1.00,0.99,1.00,BODY
EDE8E579EE740132,0.33,-1.27,30.00,1.00,0.99,1.00,BODY
6EFB9EB485F081E7,1.22,-0.72,30.00,1.00,0.99,1.00,BODY
BAC14C9541C0DB94,1.88,-0.82,30.00,1.00,0.98,0.98,BODY
85EBC7E85181E894,-3.27,-0.73,30.00,0.41,0.30,0.27,ARM
00F653DF05577893,-2.46,-0.88,30.00,0.94,0.27,0.22,ARM
234277DD7BEFE727,-1.32,-0.79,30.00,1.00,0.99,1.00,BODY
E093C4C03796EE40,-0.49,-0.67,30.00,1.00,0.99,1.00,BODY
5F79088794E6837B,0.39,-1.07,30.00,1.00,0.99,1.00,BODY
815DC785750C5D7F,1.93,-1.21,30.00,1.00,1.00,0.99,BODY
FBF91027AC00E10F,2.93,-0.74,30.00,0.65,0.34,0.29,BODY
61BF8D5CBD4F1632,-3.04,-0.83,30.00,0.95,0.27,0.20,ARM
DD8CE08816629AEA,-1.97,-1.18,30.00,1.00,1.00,0.99,BODY
73A2314C8E3FE072,-1.15,-0.67,30.00,1.00,0.99,1.00,BODY
7F4227822522BC9C,0.38,-0.89,30.00,1.00,0.99,1.00,BODY
5C2CA96062980901,1.33,-0.74,30.00,1.00,0.99,1.00,BODY
EA9909B4B2C56A48,1.99,-1.17,30.00,1.00,0.98,0.99,BODY
1BE24BF976ACBF24,-3.38,-0.64,30.00,0.32,0.25,0.25,ARM
9D3C0914BD24C960,-2.49,-0.66,30.00,0.95,0.26,0.22,ARM
98B5D304B3923FB7,-1.12,-0.84,30.00,1.00,0.99,1.00,BODY
EDD4D4F08F125064,-0.24,-0.69,30.00,1.00,0.99,1.00,BODY
7941AAFBA03102E5,0.92,-0.93,30.00,1.00,0.99,1.00,BODY
FE86CD175B2F73A2,1.67,-1.19,30.00,1.00,0.99,1.00,BODY
1E657AE425250332,4.21,-1.10,30.00,0.02,0.15,0.14,BODY
1F5F556B6B939322,-2.70,-1.02,30.00,0.93,0.28,0.21,ARM
BF2FB36AF3E91725,-1.87,-1.13,30.00,1.00,0.99,1.00,BODY
83983AB4FF95D280,-0.99,-0.89,30.00,1.00,0.99,1.00,BODY
9BF0845C1AF0C5A0,-0.14,-1.08,30.00,1.00,0.99,1.00,BODY
EDC84B226A763C63,1.13,-0.90,30.00,1.00,0.99,1.00,BODY
F766B8E4FBB7FDFD,2.51,-1.15,30.00,0.98,1.00,1.00,BODY
811E97953C235271,-3.56,-1.01,30.00,0.98,0.99,1.00,ARM
C88657AE09BEC479,-2.38,-0.91,30.00,0.93,0.28,0.21,ARM
7030733A1FA69EE5,-1.63,-1.07,30.00,1.00,0.99,1.00,BODY
9766AD897A3FB3E8,-0.68,-0.81,30.00,1.00,0.99,1.00,BODY
BC48DF316871BF10,0.44,-0.86,30.00,1.00,0.99,1.00,BODY
C83583675A752FEC,1.85,-0.87,30.00,1.00,0.99,1.00,BODY
5718DD7DE74679D4,2.89,-0.66,30.00,0.38,0.31,0.30,BODY
EBBA618A8EBCD6DA,-3.33,-0.82,30.00,0.93,0.28,0.22,ARM
9F7CB768651876E0,-2.10,-0.87,30.00,1.00,1.00,0.99,ARM
553EE367E3DD1263,-0.92,-1.02,30.00,1.00,0.99,1.00,BODY
009B98D05AF232D3,0.28,-1.08,30.00,1.00,0.99,1.00,BODY
F5AE61105FA4D4B0,0.99,-0.52,30.00,1.00,0.99,1.00,BODY
6AB7E99E581A2AE4,2.14,-0.87,30.00,1.00,0.99,1.00,BODY
0FE4C5AE4F9C2D23,-3.79,-0.63,30.00,0.99,0.98,0.99,ARM
C3E4007FA7AA117F,-2.42,-0.95,30.00,0.93,0.29,0.22,ARM
4EFD63C704E1DDEB,-1.23,-0.78,30.00,1.00,0.99,1.00,BODY
324C4C181EF19B7B,-0.62,-0.81,30.00,1.00,0.99,1.00,BODY
945A6D7B799D2B0A,0.61,-1.04,30.00,1.00,0.99,1.00,BODY
70165A0A6FC7DCB5,1.88,-0.94,30.00,1.00,0.99,1.00,BODY
C93663E26436BFC3,2.63,-1.05,30.00,0.42,0.33,0.32,BODY
D30ABFEBCD1F469A,-3.22,-1.05,30.00,0.92,0.29,0.22,ARM
5D483E3679DB72C3,-1.95,-0.60,30.00,1.00,0.99,1.00,BODY
2127733499BDFA3E,-0.93,-0.94,30.00,1.00,0.99,1.00,BODY
481F5384B39DEBC9,-0.03,-0.97,30.00,1.00,0.99,1.00,BODY
3B2B9FC33BCFCBCD,1.32,-1.03,30.00,1.00,0.99,1.00,BODY
4A24A1F5F1660516,1.92,-0.64,30.00,1.00,0.99,1.00,BODY
E378AEA3F4038E1D,-3.24,-0.80,30.00,1.00,0.99,1.00,ARM
BE21911A41CCE11D,-2.13,-0.61,30.00,0.34,0.06,0.05,ARM
175037D3B34D2509,-1.59,-0.84,30.00,1.00,0.99,1.00,BODY
C0F4244D131C6072,-0.59,-1.01,30.00,1.00,0.99,1.00,BODY
FD96C786C66E4024,0.69,-0.58,30.00,1.00,0.99,1.00,BODY
94515A05FDD92983,1.65,-0.86,30.00,1.00,0.99,1.00,BODY
4A3580D825F05BFC,-3.71,-0.62,30.00,0.56,0.56,0.53,ARM
16C0285192D76335,-3.17,-0.93,30.00,0.94,0.27,0.23,ARM
169A2210246D39BA,-2.06,-0.91,30.00,1.00,0.99,1.00,BODY
4C68335F2463515E,-0.73,-0.60,30.00,1.00,0.99,1.00,BODY
440D92D54D99742E,0.43,-0.79,30.00,1.00,0.99,1.00,BODY
D9A9761913ED172E,1.37,-0.72,30.00,1.00,0.99,1.00,BODY
0CD684A0C17863EE,2.18,-0.45,30.00,1.00,0.99,0.99,BODY
1453C227EFB73A02,-3.45,-0.85,30.00,1.00,0.99,0.99,ARM
BB51FCC2B6D925F7,-2.26,-0.44,30.00,0.71,0.35,0.32,ARM
085CA33287481BF7,-1.43,-0.78,30.00,1.00,0.99,1.00,BODY
102F6E77E707CC8A,-0.60,-0.57,30.00,1.00,0.99,1.00,BODY
6CF574D096607E65,0.39,-0.52,30.00,1.00,0.99,1.00,BODY
A0A9F0A30CC16C7D,1.50,-0.39,30.00,1.00,0.99,1.00,BODY
C063F7CEAA6650EA,-3.87,-0.43,30.00,0.11,0.08,0.04,ARM
A42B0C31EE3850F7,-3.13,-0.46,30.00,0.94,0.29,0.22,ARM
B3ED1DCA5D66C382,-1.97,-0.68,30.00,1.00,0.99,1.00,BODY
07CD4A76D884E221,-1.19,-0.40,30.00,1.00,0.99,1.00,BODY
914351974342735C,0.11,-0.36,30.00,1.00,0.99,1.00,BODY
DE0313F66A8FE51C,1.11,-0.41,30.00,1.00,0.99,1.00,BODY
89C0383BD75FC42A,2.43,-0.74,30.00,1.00,0.99,0.99,BODY
B1480D2109D651D3,-3.63,-0.33,30.00,1.00,0.98,1.00,ARM
B2335A6F50EF9EB7,-2.90,-0.63,30.00,0.93,0.29,0.24,ARM
07AE876A6903A0EB,-1.62,-0.62,30.00,1.00,0.99,1.00,BODY
B44AF9D02F6EC6ED,-0.42,-0.60,30.00,1.00,0.99,1.00,BODY
1E66DE3CBD1C83F8,0.35,-0.88,30.00,1.00,0.99,1.00,BODY
0A54CCE30A611272,1.38,-0.72,30.00,1.00,0.99,1.00,BODY
36A45D82846E207E,2.35,-0.50,30.00,0.84,0.81,0.84,BODY
514084850889AA9F,-3.06,-0.41,30.00,1.00,0.99,1.00,ARM
E4CA136DAAC427AF,-2.14,-0.81,30.00,0.99,0.99,1.00,ARM
8FAB41C44FA0DBB9,-1.10,-0.41,30.00,1.00,0.99,1.00,BODY
7301F5EAFBA1E9BD,-0.34,-0.66,30.00,1.00,0.99,1.00,BODY
A8775C6C13837586,0.91,-0.42,30.00,1.00,0.99,1.00,BODY
D19D7878B0026748,2.12,-0.68,30.00,1.00,0.99,1.00,BODY
2432D8EECD09D775,-4.31,-0.80,30.00,0.90,0.73,0.59,ARM
8141AC7786FBD0A6,-3.22,-0.38,30.00,0.93,0.27,0.20,ARM
08BE8BB71043F183,-2.20,-0.41,30.00,1.00,0.99,1.00,ARM
B2595A07F523BD87,-0.67,-0.28,30.00,1.00,0.99,1.00,BODY
7E298F629E1F6CBF,0.18,-0.53,30.00,1.00,0.99,1.00,BODY
F3BE20FE1CA43210,1.25,-0.63,30.00,1.00,0.99,1.00,BODY
5A3AB615B962C14F,2.04,-0.81,30.00,1.00,0.99,1.00,BODY
6667F04486A529A1,-3.55,-0.80,30.00,0.33,0.27,0.22,ARM
2A717064EB0D02B2,-2.99,-0.71,30.00,0.95,0.27,0.21,ARM
4318872C507EDDD0,-1.66,-0.48,30.00,1.00,0.99,1.00,BODY
9103B395CECA327E,-0.69,-0.59,30.00,1.00,0.99,1.00,BODY
540C1B6102B7C6F4,0.17,-0.37,30.00,1.00,0.99,1.00,BODY
C783F13DE6B373AE,1.39,-0.71,30.00,1.00,0.99,1.00,BODY
86613D6E2216EA7D,2.61,-0.68,30.00,1.00,0.98,1.00,BODY
D554CD16515FE8C3,-3.83,-0.38,30.00,1.00,0.99,1.00,ARM
56F2FB017C5FADCE,-2.41,-0.76,30.00,0.93,0.29,0.20,ARM
D8A75469E1485ED4,-1.43,-0.45,30.00,1.00,0.99,1.00,BODY
81AB296B7608B734,-0.58,-0.53,30.00,1.00,0.99,1.00,BODY
47DA229E27AB9CEE,0.57,-0.20,30.00,1.00,0.99,1.00,BODY
628EA1419CA41E11,1.44,-0.63,30.00,1.00,0.99,1.00,BODY
C67D1807DBBDC1F2,2.37,-0.35,30.00,1.00,0.98,0.98,BODY
A67D59C15FCE7938,-3.55,-0.53,30.00,1.00,0.98,1.00,ARM
2ADCE26357B6D86B,-2.46,-0.41,30.00,1.00,0.96,0.93,ARM
2443A9F224A01C0F,-1.06,-0.58,30.00,1.00,0.99,1.00,BODY
2114E64A9161C1F9,-0.25,-0.73,30.00,1.00,0.99,1.00,BODY
9252976F9AD6D065,0.67,-0.24,30.00,1.00,0.99,1.00,BODY
34F5AC8F6FBF6884,1.79,-0.59,30.00,1.00,0.99,1.00,BODY
695A3A654465FBE6,-4.35,-0.69,30.00,0.06,0.16,0.10,ARM
6F34A659D41B30CC,-3.14,-0.68,30.00,0.96,1.00,0.98,ARM
FA0AC3E1DE0B4AF0,-2.26,-0.68,30.00,0.99,0.99,1.00,ARM
8391C4D57ADC5667,-1.44,-0.32,30.00,1.00,0.99,1.00,BODY
6FB73B4502F2A4C7,-0.04,-0.18,30.00,1.00,0.99,1.00,BODY
CFDA04245459AE85,0.78,-0.48,30.00,1.00,0.99,1.00,BODY
07E5A59D542D2612,1.98,-0.28,30.00,1.00,0.99,1.00,BODY
F295D9A4A292B7A0,-3.93,-0.39,30.00,1.00,0.75,0.58,ARM
97E83EE8F28AB3E6,-3.20,-0.68,30.00,0.66,0.42,0.40,ARM
F236951D5211FA2B,-1.86,-0.11,30.00,1.00,0.99,1.00,ARM
F1589D50986C54CC,-1.13,-0.34,30.00,1.00,0.99,1.00,BODY
25CA34189502F2EC,0.12,-0.39,30.00,1.00,0.99,1.00,BODY
93A9E3AE74ABC7DA,1.11,-0.13,30.00,1.00,0.99,1.00,BODY
C5F1EB8E17ED2900,2.04,-0.42,30.00,1.00,0.99,1.00,BODY
D2BAB09D28C270BC,-4.40,-0.15,30.00,0.99,0.78,0.56,ARM
E0715990B7AD8FC1,-3.30,-0.41,30.00,0.89,0.27,0.25,ARM
34C15CA2BA9637AB,-2.15,-0.32,30.00,1.00,0.99,1.00,ARM
4E0059A1195D5360,-1.35,-0.45,30.00,1.00,0.99,1.00,BODY
A2764C403C648591,-0.15,-0.61,30.00,1.00,0.99,1.00,BODY
1B2A42A2E290EDEC,1.30,-0.49,30.00,1.00,0.99,1.00,BODY
ED456142474D891C,2.27,-0.13,30.00,1.00,0.99,1.00,BODY
8556012EF3005E4A,-4.18,-0.46,30.00,1.00,0.77,0.56,ARM
018BAAB5EE8A3D38,-2.96,-0.56,30.00,0.96,0.26,0.20,ARM
A495C59F9F90EF85,-1.85,-0.31,30.00,1.00,0.99,1.00,ARM
6923E8F557247E4B,-0.71,-0.11,30.00,1.00,0.99,1.00,BODY
85E503BDCDB080E9,-0.03,-0.55,30.00,1.00,0.99,1.00,BODY
FD88569B23CEBD5F,0.85,-0.36,30.00,1.00,0.99,1.00,BODY
DCC3AAFE0D3426E9,2.18,-0.32,30.00,1.00,0.99,1.00,BODY
4357F49AF3C69A5F,-4.17,-0.27,30.00,1.00,0.77,0.56,ARM
4CB8B7AA60B0D79A,-2.73,-0.31,30.00,0.94,0.27,0.20,ARM
AD4B7C7238EA02C7,-1.68,-0.41,30.00,1.00,0.99,1.00,BODY
F6F85C48CBF85018,-1.15,-0.23,30.00,1.00,0.99,1.00,BODY
11C6C5AFEE4C8301,-0.07,-0.55,30.00,1.00,0.99,1.00,BODY
AF008E1556275934,1.06,-0.53,30.00,1.00,0.99,1.00,BODY
31DE2E4064A16F84,1.98,-0.39,30.00,1.00,0.99,1.00,BODY
5B064F2672275B53,-4.13,-0.07,30.00,1.00,0.77,0.56,ARM
7823A3EEDAF8A5D1,-3.21,-0.13,30.00,0.91,0.29,0.22,ARM
372B4A5AA8DDAA51,-1.93,-0.49,30.00,1.00,0.99,1.00,BODY
E321EC3744516397,-0.84,-0.36,30.00,1.00,0.99,1.00,BODY
706866D9BD85E1F6,0.31,-0.34,30.00,1.00,0.99,1.00,BODY
7F134C4F8EFE9A1B,1.22,-0.09,30.00,1.00,0.99,1.00,BODY
B86093852D0C7D57,2.01,-0.07,30.00,1.00,0.99,1.00,BODY
27EF4F54394A29CA,-4.02,0.03,30.00,1.00,0.77,0.56,ARM
CF28E7BC4095F084,-2.88,0.05,30.00,0.92,0.29,0.21,ARM
6155C1B7395051D5,-1.88,-0.49,30.00,1.00,0.99,1.00,BODY
501DE1E8708528D4,-1.13,-0.09,30.00,1.00,0.99,1.00,BODY
5EBE7B8325438AFA,0.45,-0.12,30.00,1.00,0.99,1.00,BODY
AEF8306E97364093,1.25,-0.29,30.00,1.00,0.99,1.00,BODY
CDDDA7750A96F5C4,2.01,0.02,30.00,1.00,0.99,1.00,BODY
FD9EBDA067F702DA,-4.18,-0.25,30.00,1.00,0.77,0.56,ARM
9D7E9B3087662546,-2.80,-0.18,30.00,0.94,0.28,0.20,ARM
B53A318D9D4417B1,-1.74,-0.15,30.00,1.00,0.99,1.00,BODY
9439F188E0578DD5,-0.79,-0.30,30.00,1.00,0.99,1.00,BODY
60C509BCBC5E70F4,0.24,-0.31,30.00,1.00,0.99,1.00,BODY
0399608BE4D9275D,1.21,-0.30,30.00,1.00,0.99,1.00,BODY
4A53A6A1C28FB7D6,2.44,-0.01,30.00,1.00,0.99,1.00,BODY
3EF3625FE54F237C,-3.88,0.03,30.00,1.00,0.77,0.55,ARM
14CCF06DA8FD210B,-2.75,-0.08,30.00,0.93,0.28,0.21,ARM
07F959DC65DD2900,-1.80,0.09,30.00,1.00,0.99,1.00,BODY
CEAADBA6EDF92A56,-0.93,-0.26,30.00,1.00,0.99,1.00,BODY
6FA752605C4C4AD9,0.27,-0.01,30.00,1.00,0.99,1.00,BODY
7D8B0F493A007DC9,1.13,-0.44,30.00,1.00,0.99,1.00,BODY
19963740E49A8FF2,2.22,0.11,30.00,1.00,0.99,1.00,BODY
EE55802A4441B592,-3.94,-0.04,30.00,1.00,0.78,0.56,ARM
1238125ACFE38C0C,-2.76,-0.33,30.00,0.91,0.29,0.21,ARM
5FEDF802B18DB6C7,-1.61,-0.45,30.00,1.00,0.99,1.00,BODY
DEB52E468BF44892,-0.90,0.15,30.00,1.00,0.99,1.00,BODY
54415300100246FC,0.34,-0.27,30.00,1.00,0.99,1.00,BODY
431A13C6F1F4B4B0,1.25,-0.28,30.00,1.00,0.99,1.00,BODY
2445BF118D20B859,2.50,-0.38,30.00,1.00,0.99,1.00,BODY
C57C583C243BB080,-3.58,-0.09,30.00,1.00,0.78,0.56,ARM
299086A037B42B0F,-2.69,-0.36,30.00,0.80,0.27,0.20,ARM
96E1F7981D4B95DB,-1.90,-0.40,30.00,1.00,0.99,1.00,BODY
923E95253C44ACA8,-0.95,-0.31,30.00,1.00,0.99,1.00,BODY
DCBA661F79D3C0A8,0.10,-0.25,30.00,1.00,0.99,1.00,BODY
46914F40A6F0966F,1.59,-0.17,30.00,1.00,0.99,1.00,BODY
54B98871764B236D,2.56,0.14,30.00,1.00,0.99,1.00,BODY
FD6BB2FF05A486B2,-3.59,-0.22,30.00,1.00,0.76,0.56,ARM
10EC4041E8E01AC0,-2.72,-0.28,30.00,0.55,0.18,0.14,ARM
54D2E560FBDFC02C,-1.82,0.12,30.00,1.00,0.99,1.00,BODY
6631A90352FD833F,-0.49,0.17,30.00,1.00,0.99,1.00,BODY
A12402ED7D6AD1DA,0.49,-0.25,30.00,1.00,0.99,1.00,BODY
BA1E7CF72FB5C7FD,1.54,0.12,30.00,1.00,0.99,1.00,BODY
718AEA464F26BE14,2.30,-0.08,30.00,1.00,0.99,1.00,BODY
3B2F89C9AA026AD0,-3.91,-0.23,30.00,1.00,0.76,0.56,ARM
4E7DCCA75A684707,-2.94,0.18,30.00,0.26,0.15,0.13,ARM
A25F89FA4B1028F7,-1.73,-0.17,30.00,1.00,0.99,1.00,BODY
3C79F71706B5826E,-0.47,-0.18,30.00,1.00,0.99,1.00,BODY
977146815F0A83FD,0.42,0.00,30.00,1.00,0.99,1.00,BODY
91528B4CDC12D57E,1.31,-0.03,30.00,1.00,0.99,1.00,BODY
8EF547FCEEADFE97,2.38,0.02,30.00,1.00,0.99,1.00,BODY
2D50FE690F697ABA,-3.70,-0.12,30.00,1.00,0.76,0.56,ARM
D46F4A03A4E3E1F8,-2.80,-0.20,30.00,0.38,0.38,0.36,ARM
5E2F8678BB97ABE9,-1.40,0.24,30.00,1.00,0.99,1.00,BODY
BA703CFBBBB9ABB5,-0.66,0.01,30.00,1.00,0.99,1.00,BODY
FC0E53879F8701B9,0.67,0.26,30.00,1.00,0.99,1.00,BODY
E4685824FB0D7277,1.21,-0.09,30.00,1.00,0.99,1.00,BODY
C109DE38AC3E1CB6,2.79,0.06,30.00,1.00,0.99,1.00,BODY
CC0DCD03A6FF2E53,-3.65,-0.04,30.00,0.75,0.62,0.51,ARM
08EB4873736D87C6,-2.09,-0.29,30.00,0.99,1.00,0.98,ARM
811997383E16A3F5,-1.39,-0.05,30.00,1.00,0.99,1.00,BODY
76F1EF87ED94C3EA,-0.49,-0.07,30.00,1.00,0.99,1.00,BODY
39608AB3E09D31C9,0.98,0.12,30.00,1.00,0.99,1.00,BODY
9EEF9CF8D30D1C8B,1.85,0.14,30.00,1.00,0.99,1.00,BODY
0329579D549CA012,-4.49,0.09,30.00,0.50,0.56,0.50,ARM
142AFE5AB6E26418,-3.28,-0.11,30.00,0.99,1.00,0.99,ARM
C0536097EA57459A,-1.60,0.06,30.00,1.00,0.99,1.00,BODY
264B3813B62597C2,-0.86,-0.26,30.00,1.00,0.99,1.00,BODY
5A540D7D05DB1F0E,0.27,-0.08,30.00,1.00,0.99,1.00,BODY
1538810F0B2008FA,1.39,0.20,30.00,1.00,0.99,1.00,BODY
9F25E6738B366B56,2.48,-0.02,30.00,1.00,0.99,1.00,BODY
472364AE0940098A,-3.68,0.07,30.00,1.00,0.77,0.55,ARM
E12A688403746170,-2.08,0.12,30.00,1.00,0.99,1.00,ARM
B6741BE997BCE90A,-0.86,0.09,30.00,1.00,0.99,1.00,BODY
92BBA5AE1E7BA8DE,-0.09,0.31,30.00,1.00,0.99,1.00,BODY
35673245D1909A1C,0.70,0.19,30.00,1.00,0.99,1.00,BODY
E2FEB34F85203EB7,1.72,0.13,30.00,1.00,0.99,1.00,BODY
292FE059846C8895,-4.47,-0.16,30.00,1.00,0.76,0.57,ARM
F7F2DCA61A7A5164,-2.28,0.08,30.00,0.05,0.07,0.07,ARM
936A9F6FE84A460D,-1.21,0.10,30.00,1.00,0.99,1.00,BODY
C3D22C1005E08307,-0.28,0.27,30.00,1.00,0.99,1.00,BODY
2855790E81DF99D9,0.62,0.08,30.00,1.00,0.99,1.00,BODY
1E793402CF4B2748,1.52,0.38,30.00,1.00,0.99,1.00,BODY
F99955E877FA4935,2.93,-0.07,30.00,0.99,1.00,0.99,BODY
498A0AA283732F56,-3.63,0.11,30.00,0.99,0.99,0.97,ARM
A4D3CEA6792A2776,-2.16,0.02,30.00,1.00,0.99,1.00,BODY
8A4F1094E0BDAD57,-0.66,0.27,30.00,1.00,0.99,1.00,BODY
F4E206D9BB91784F,0.14,-0.01,30.00,1.00,0.98,1.00,BODY
6ECBE511F18F684B,1.20,0.18,30.00,1.00,0.99,1.00,BODY
4D37DCED0818710C,2.06,0.01,30.00,1.00,0.99,1.00,BODY
C2FCF937568654C5,-3.75,0.21,30.00,1.00,0.77,0.56,ARM
FF33A0FE822728CF,-1.99,-0.03,30.00,1.00,0.99,1.00,ARM
A6F5A4B36E9996E3,-1.39,0.03,30.00,1.00,0.99,1.00,BODY
2E80D7CCC5A9365E,0.00,0.39,30.00,1.00,0.98,1.00,BODY
0783B7CC31F35DF7,0.83,0.20,30.00,1.00,0.99,1.00,BODY
68A96EA4A15A9E6E,2.20,0.39,30.00,1.00,0.99,1.00,BODY
EF1382ACA5B400F6,-4.34,-0.03,30.00,0.85,0.77,0.63,ARM
B9CE96CE5B15CF1C,-2.84,0.38,30.00,0.33,0.46,0.45,ARM
85657077CBC7E369,-1.57,0.04,30.00,1.00,0.99,1.00,BODY
133186E7061CCF5E,-0.19,0.08,30.00,1.00,0.99,1.00,BODY
174B2870CBA11D2B,0.31,0.17,30.00,1.00,0.99,1.00,BODY
455B7F6322DEB522,1.53,0.05,30.00,1.00,0.99,1.00,BODY
CDC190BE0A22D6B2,2.63,0.01,30.00,1.00,0.99,1.00,BODY
2FFC70ECD11B5EBF,-3.69,0.29,30.00,0.98,0.96,0.96,ARM
0349FE812C6AC369,-1.68,-0.01,30.00,1.00,0.99,1.00,BODY
517AFDCB56D414F8,-1.04,0.48,30.00,1.00,0.99,1.00,BODY
51A1DD4CCFCF3FFA,0.51,0.02,30.00,1.00,0.99,0.99,BODY
E78D3F4FE0B0CB1D,1.31,0.50,30.00,1.00,0.99,1.00,BODY
81563EB95F3BDFCE,2.52,0.42,30.00,1.00,0.99,1.00,BODY
5C80D679E8213377,-3.62,0.10,30.00,1.00,0.78,0.60,ARM
F32751DE28E5F78F,-2.19,0.27,30.00,1.00,0.99,1.00,ARM
1D3DCF18556D50D2,-1.28,0.13,30.00,1.00,0.99,1.00,BODY
41D0991DB8E78575,-0.02,0.04,30.00,0.98,1.00,0.99,BODY
82F17ED12CDC2231,1.17,0.12,30.00,1.00,0.99,1.00,BODY
967021CC2CDB0916,1.98,0.25,30.00,1.00,0.99,1.00,BODY
2B22025EA9822394,-3.81,0.52,30.00,1.00,0.76,0.58,ARM
153577C7D855643C,-2.21,0.27,30.00,1.00,0.98,1.00,ARM
A53E95673AD6C251,-1.20,0.39,30.00,1.00,0.99,1.00,BODY
52B40A727D876A13,-0.06,0.18,30.00,1.00,0.98,0.99,BODY
367B12EC0EC201D6,0.97,0.25,30.00,1.00,0.99,1.00,BODY
62812BB4C1469EF8,1.75,-0.03,30.00,1.00,0.99,1.00,BODY
DB21CC118E87DA58,2.85,0.45,30.00,0.03,0.13,0.11,BODY
A0E2239FCF0EAE0D,-2.75,0.29,30.00,0.98,0.97,0.98,ARM
7BE39ABCA2DE9CF5,-1.24,0.31,30.00,1.00,0.99,1.00,BODY
96C96C1C8D67ACE6,-0.16,0.24,30.00,0.98,1.00,1.00,BODY
4818DD9AC56A82AF,0.41,0.57,30.00,1.00,0.99,1.00,BODY
4EB95EBE629CE1FE,1.64,0.19,30.00,1.00,0.99,1.00,BODY
2977C1ECFF5234FF,2.68,0.11,30.00,0.99,1.00,1.00,BODY
6ABA10A6D96143E6,-3.50,0.28,30.00,0.33,0.48,0.45,ARM
7A1482F7757281F9,-1.44,0.56,30.00,1.00,0.99,1.00,BODY
CCB1F494E4F66535,-0.90,0.49,30.00,1.00,0.99,1.00,BODY
2509BC707B01DA26,0.65,0.59,30.00,1.00,0.99,1.00,BODY
82EF1B2DDFB90F29,1.25,0.16,30.00,1.00,0.99,1.00,BODY
84177245675287D7,2.61,0.22,30.00,1.00,0.99,1.00,BODY
D9A7DA60E85515AA,-3.98,0.28,30.00,0.03,0.14,0.07,ARM
22431FEF6DFC027C,-1.74,0.22,30.00,1.00,0.99,1.00,BODY
640D800F4CD1D7E1,-0.66,0.17,30.00,1.00,0.99,1.00,BODY
0007D5F2B716FAEB,0.63,0.48,30.00,1.00,0.99,1.00,BODY
A599479396D56C94,1.24,0.36,30.00,1.00,0.99,1.00,BODY
B586BFF2EBE277DF,2.82,0.15,30.00,1.00,0.99,1.00,BODY
0D3D87702FFDB054,-3.77,0.45,30.00,0.09,0.29,0.23,ARM
41C9AA58822C8CAF,-1.44,0.35,30.00,1.00,0.99,1.00,BODY
E80CF2A454021B07,-0.60,0.25,30.00,1.00,1.00,0.99,BODY
88D40EC297960F48,0.77,0.13,30.00,1.00,0.99,1.00,BODY
7906982E51C95B96,1.55,0.52,30.00,1.00,0.99,1.00,BODY
5CCFE5868DA83A1A,2.33,0.51,30.00,1.00,0.99,1.00,BODY
A274E8815AC9F825,-2.34,0.24,30.00,1.00,0.99,1.00,ARM
D44A23087FF3618B,-0.90,0.51,30.00,1.00,0.99,1.00,BODY
FC4F5E628C8F5A85,-0.24,0.18,30.00,0.88,0.89,0.88,BODY
366CA0E3C95C95C7,0.62,0.34,30.00,1.00,0.99,1.00,BODY
23213FC130B77A1A,1.94,0.25,30.00,1.00,0.99,1.00,BODY
E38CBCDF1FC45E9E,3.34,0.18,30.00,0.00,0.03,0.03,BODY
B9D6EC5C77054739,-1.72,0.74,30.00,1.00,0.99,1.00,BODY
F0E411180F56986F,-0.51,0.50,30.00,1.00,0.99,1.00,BODY
69E2AAE97D257EAA,0.56,0.18,30.00,1.00,0.95,0.93,BODY
983972569C95C0A4,1.52,0.42,30.00,1.00,0.99,1.00,BODY
13364D0878550C8A,2.52,0.36,30.00,1.00,0.99,1.00,BODY
D2A9CD33A6A7DC64,-2.27,0.30,30.00,1.00,0.99,1.00,ARM
8B7B945BB665CE3B,-1.32,0.21,30.00,1.00,0.99,1.00,BODY
2C4F99F9BB0CA047,-0.43,0.30,30.00,0.27,0.24,0.22,BODY
F722089198901C0F,1.12,0.53,30.00,1.00,0.99,1.00,BODY
2BC7F494C10287DA,1.60,0.20,30.00,1.00,0.99,1.00,BODY
331A3A44B3B23061,3.33,0.49,30.00,0.07,0.19,0.17,BODY
DA86781A129BBA88,-1.59,0.78,30.00,1.00,0.99,1.00,BODY
B6627F3B88CC7E20,-0.98,0.62,30.00,1.00,0.99,1.00,BODY
4F15243662C4BCEF,0.32,0.26,30.00,0.77,0.74,0.70,BODY
68426AF720814D43,1.21,0.23,30.00,1.00,0.99,1.00,BODY
A4AAB960EC6035E3,2.32,0.54,30.00,1.00,0.99,1.00,BODY
A9792EE291C65A51,-2.23,0.25,30.00,1.00,0.99,1.00,ARM
C894161D1F843DEA,-1.15,0.71,30.00,1.00,0.99,1.00,BODY
328D9405117A2B3A,-0.02,0.81,30.00,0.79,0.24,0.22,BODY
7E290051AEB9B483,0.90,0.61,30.00,1.00,0.99,1.00,BODY
3101686BC40D1D6A,1.79,0.43,30.00,1.00,0.99,1.00,BODY
3D817256371C2B2F,-2.54,0.83,30.00,0.99,0.99,0.98,ARM
AA10F1158A5CF18A,-1.64,0.55,30.00,1.00,0.99,1.00,BODY
4A7F159E72F66DA1,-0.18,0.46,30.00,0.98,0.97,0.97,BODY
51CA005DCF3DDE32,0.82,0.84,30.00,1.00,0.99,1.00,BODY
5D1A1CBB55CDC2B7,1.85,0.76,30.00,1.00,0.99,1.00,BODY
33A6402FDA4CB439,3.00,0.81,30.00,0.99,0.98,0.98,BODY
60AECAD4ACEE5534,-1.73,0.74,30.00,1.00,0.99,1.00,BODY
8623CEBBB64BB562,-0.77,0.31,30.00,1.00,0.99,1.00,BODY
44D77A93F9710919,0.50,0.54,30.00,0.13,0.10,0.10,BODY
8AD2CA977032B486,1.19,0.34,30.00,1.00,0.99,1.00,BODY
B8CC4C7636A1CCD1,2.37,0.88,30.00,1.00,0.99,1.00,BODY
CA36D56310FC0E9A,-1.88,0.56,30.00,1.00,0.99,1.00,BODY
766742999D04DC88,-0.88,0.81,30.00,1.00,0.99,1.00,BODY
3D77D7393AD38066,0.07,0.59,30.00,0.94,0.29,0.23,BODY
33BCD21460F0EF6E,1.28,0.49,30.00,1.00,0.99,1.00,BODY
AACF9AF3752AC545,2.38,0.74,30.00,1.00,0.99,1.00,BODY
F5D9F92B9E08EA29,-2.33,0.56,30.00,1.00,0.99,1.00,ARM
15D3A0EA881DB25B,-1.03,0.79,30.00,1.00,0.99,1.00,BODY
9E53B7F024AB10F5,0.15,0.38,30.00,0.94,0.28,0.23,BODY
950C9D776089D7B6,1.20,0.57,30.00,1.00,0.99,1.00,BODY
4D796F54AF4E32CD,1.97,0.87,30.00,1.00,0.99,1.00,BODY
DCDA5AEE55CAB688,-2.26,0.79,30.00,1.00,0.99,1.00,ARM
D71A5C7AC53619ED,-1.47,0.76,30.00,1.00,0.99,1.00,BODY
15933746A5000A09,-0.40,0.49,30.00,0.93,0.28,0.20,BODY
ABD81D1B940CCBFB,0.95,0.55,30.00,1.00,0.99,1.00,BODY
3C8596DE5F6B96E3,1.78,0.66,30.00,0.99,1.00,1.00,BODY
E3F723413F2E90AD,-2.51,0.86,30.00,1.00,0.97,0.99,ARM
692CF10337C33B20,-1.63,0.85,30.00,1.00,0.99,1.00,BODY
09BC09266F822C51,-0.47,0.58,30.00,0.85,0.73,0.72,BODY
6B7AFEC2735E6FCE,0.75,0.64,30.00,1.00,0.99,0.99,BODY
15B3F6D58EC8DEF1,1.63,0.53,30.00,1.00,0.99,1.00,BODY
D0DA052C10AF254A,2.79,0.76,30.00,0.95,0.96,0.96,BODY
2F28CBAA607F1A99,-1.32,0.99,30.00,1.00,0.99,1.00,BODY
B55AF72F9862EC45,-0.51,0.96,30.00,1.00,0.99,1.00,BODY
D0C1A51D33011585,0.60,0.62,30.00,0.24,0.06,0.06,BODY
15CE3B15A8A32DA7,1.43,0.87,30.00,1.00,0.99,1.00,BODY
6978836F389B049A,2.33,0.53,30.00,1.00,0.99,1.00,BODY
43B15B43866593F6,-1.49,0.83,30.00,1.00,0.99,1.00,BODY
7DE480ACBE9AD32D,-0.97,0.54,30.00,1.00,0.99,1.00,BODY
65C8743B7A448788,0.55,0.98,30.00,0.14,0.01,0.01,BODY
4CD39F81C831E31B,1.19,0.49,30.00,1.00,1.00,0.99,BODY
3F31A08462D550D2,2.61,1.03,30.00,1.00,0.99,1.00,BODY
333CD142C2A0FC02,-1.91,0.81,30.00,1.00,0.99,1.00,BODY
024D0E873B28D083,-0.93,1.03,30.00,1.00,0.99,1.00,BODY
B0935ADFF0E77C74,0.12,0.71,30.00,0.65,0.20,0.17,BODY
8E992E381BCE220A,1.03,0.82,30.00,1.00,0.99,1.00,BODY
113E6D9A4E56E9BD,2.36,1.04,30.00,1.00,0.99,1.00,BODY
083A753E473683DE,-2.34,1.11,30.00,1.00,0.99,1.00,ARM
747ECEA502BF75A1,-0.80,0.94,30.00,1.00,0.99,1.00,BODY
CF6401A3D5771A2A,0.22,1.10,30.00,0.80,0.26,0.25,BODY
6D4911024046C743,0.93,1.05,30.00,1.00,0.99,1.00,BODY
B7C50E81A489CD6D,2.21,0.91,30.00,1.00,0.99,1.00,BODY
FB3C0BEF74103E91,-2.25,0.92,30.00,1.00,0.99,1.00,ARM
72DF39D5FD852DBB,-1.30,0.60,30.00,1.00,0.99,1.00,BODY
0ECB59B8339DB526,-0.20,0.63,30.00,0.18,0.00,0.00,BODY
1C5EA0CE33F45504,0.71,1.10,30.00,1.00,0.99,1.00,BODY
16DFA13760AD57B7,1.72,0.90,30.00,1.00,0.99,0.99,BODY
C4B2D3856DB4F5D6,-2.45,0.77,30.00,1.00,0.98,0.99,ARM
9C058F5C56E28556,-1.58,0.91,30.00,1.00,0.99,1.00,BODY
5B3A189CE943B4EA,-0.38,0.61,30.00,0.41,0.00,0.00,BODY
A692AABC901451E2,0.56,0.99,30.00,0.98,1.00,0.99,BODY
D030F700C4263C0F,1.89,0.78,30.00,0.99,1.00,1.00,BODY
835026A979F1DCE4,-2.57,0.87,30.00,0.20,0.35,0.33,ARM
0616E292890DC378,-1.43,0.68,30.00,1.00,0.99,1.00,BODY
57ABB94970C15C4E,-0.67,0.96,30.00,0.06,0.00,0.00,BODY
DC83732E6B26A521,0.74,1.15,30.00,1.00,0.98,1.00,BODY
72B7DC3B88252749,1.86,1.07,30.00,1.00,0.99,0.99,BODY
9E3ACFE0BB68C201,2.68,1.19,30.00,0.98,0.99,1.00,BODY
98F36AD2733F3E95,-1.42,0.90,30.00,1.00,0.99,1.00,BODY
14390DDCCAEDD8A7,-0.68,1.22,30.00,1.00,1.00,1.00,BODY
00F4D9B5B8B0549D,0.60,1.11,30.00,1.00,0.99,1.00,BODY
7F7A6A27119F57D8,1.69,1.20,30.00,0.99,0.98,0.99,BODY
06EE48945C1897A2,2.72,1.11,30.00,1.00,0.99,1.00,BODY
A649F92FEBAE5981,-1.44,1.13,30.00,1.00,0.99,1.00,BODY
29C4281A58EDFB47,-0.70,0.91,30.00,1.00,0.99,1.00,BODY
AC66C20AAC6CB7F5,0.25,1.25,30.00,0.99,1.00,1.00,BODY
098E25220A17C5A4,1.67,1.20,30.00,0.99,0.98,0.98,BODY
8565099DF82AE5C6,2.66,0.73,30.00,1.00,0.99,1.00,BODY
F599CE3116390B80,-1.83,0.97,30.00,1.00,0.99,1.00,BODY
821423574221063D,-0.77,1.22,30.00,1.00,0.99,1.00,BODY
F70F83980F01C3AB,0.13,0.95,30.00,0.98,0.99,1.00,BODY
29C1A63EFB2B3AFF,1.39,1.20,30.00,0.99,0.98,0.98,BODY
AD20C56E248E0191,2.57,1.13,30.00,1.00,0.99,1.00,BODY
6EB9FDF7EE8711CD,-1.84,1.15,30.00,1.00,0.99,1.00,BODY
EF166AEB2BB5BA8E,-0.65,1.34,30.00,1.00,0.99,1.00,BODY
219599700FB968FB,0.45,0.91,30.00,1.00,0.99,1.00,BODY
71867C6B23C7CAB4,1.63,0.84,30.00,1.00,0.99,0.99,BODY
9A826974B49A5544,2.66,0.94,30.00,1.00,0.99,1.00,BODY
174F3A36E150F268,-1.97,1.33,30.00,1.00,0.99,1.00,BODY
052746C09939111E,-0.84,0.99,30.00,1.00,0.99,1.00,BODY
CEF030EA853FAED6,0.40,1.35,30.00,0.98,0.99,0.97,BODY
6A16D6831F192A79,1.51,1.15,30.00,1.00,0.99,1.00,BODY
E30116D96A66A4F3,2.26,1.07,30.00,1.00,0.99,1.00,BODY
4BB3CFFEB24A3806,-1.88,1.27,30.00,1.00,0.99,1.00,BODY
9648F7555EF15F1B,-0.66,1.17,30.00,1.00,0.99,1.00,BODY
EB8FA2A2736B41ED,-0.03,1.11,30.00,0.99,0.98,0.98,BODY
573EEA61ABDEDF0D,1.47,0.96,30.00,0.99,0.98,1.00,BODY
5BDA1BFEFF86DDD0,2.13,1.38,30.00,1.00,0.99,1.00,BODY
4D33652C5A807624,-1.71,1.15,30.00,1.00,0.99,1.00,BODY
2DB726405C211B1D,-0.68,1.19,30.00,1.00,0.99,1.00,BODY
B176720E4784FABB,0.03,0.91,30.00,0.98,1.00,1.00,BODY
BCC2B6E75D2C9231,1.37,1.00,30.00,0.93,0.93,0.93,BODY
7ECC0E2D682A3653,2.08,1.31,30.00,1.00,0.99,1.00,BODY
02CE1C3D34D34810,-1.64,1.10,30.00,1.00,0.99,1.00,BODY
50CBAEC6E3F0A146,-0.89,1.34,30.00,1.00,0.99,1.00,BODY
F3C9C76E6FF3FAD1,0.36,0.88,30.00,1.00,0.99,1.00,BODY
24B6F592B2F642A4,1.49,1.23,30.00,0.48,0.45,0.45,BODY
378B174D2FB10595,2.69,1.33,30.00,1.00,0.99,1.00,BODY
061112B0D5850391,-1.76,0.94,30.00,1.00,0.99,1.00,BODY
8EAFA66300BE6225,-0.51,1.00,30.00,1.00,0.99,1.00,BODY
9B5664CDE01F7284,0.47,1.21,30.00,1.00,0.98,1.00,BODY
64260DC95A1A32B9,1.45,1.22,30.00,0.45,0.42,0.38,BODY
D731629E40531979,2.59,1.04,30.00,1.00,0.99,1.00,BODY
BE9A6F78B32EDA11,-1.79,1.41,30.00,1.00,0.99,1.00,BODY
D08C39B4146E3896,-0.32,1.01,30.00,1.00,0.99,1.00,BODY
969BFE1B977AF661,0.42,1.28,30.00,1.00,0.99,1.00,BODY
243989ABFA9C3A2C,1.50,1.09,30.00,0.27,0.20,0.12,BODY
B3009980B6447731,2.77,1.39,30.00,0.96,0.99,0.98,BODY
62DA14205E68299A,-1.52,1.09,30.00,1.00,0.99,1.00,BODY
452D605319546969,-0.79,1.14,30.00,1.00,0.99,1.00,BODY
CE03125B6FDF85F0,0.57,1.00,30.00,1.00,0.99,1.00,BODY
3358D6770160E621,1.51,1.13,30.00,0.40,0.28,0.20,BODY
64FE9E2294818F28,2.40,1.29,30.00,0.96,0.99,0.98,BODY
46EA933143DDDE04,-1.55,1.18,30.00,1.00,0.99,1.00,BODY
E9553239651D0CC9,-0.71,1.18,30.00,1.00,0.99,1.00,BODY
D14BC2FC2B020158,0.63,1.04,30.00,1.00,0.99,1.00,BODY
582BFF463D1764DC,1.52,1.49,30.00,0.70,0.55,0.47,BODY
CF61EF19148DCE0C,2.28,1.21,30.00,1.00,0.99,0.98,BODY
BB1F7EAE84001BA9,-1.84,1.30,30.00,1.00,0.99,1.00,BODY
483B592A83380639,-0.44,1.17,30.00,1.00,0.99,1.00,BODY
580694F2AACC6FCF,0.59,1.20,30.00,1.00,0.99,1.00,BODY
F2128BAA443F13EA,1.19,1.36,30.00,0.25,0.08,0.06,BODY
F4959F75C2882E24,2.49,1.22,30.00,1.00,0.99,0.98,BODY
EEA70888313ED538,-1.43,1.58,30.00,1.00,0.99,1.00,BODY
40C339C96087C6B0,-0.60,1.33,30.00,1.00,0.99,1.00,BODY
B20F9D21EB378A9D,0.68,1.22,30.00,1.00,0.99,1.00,BODY
8FD6CD52EEAFF7DD,1.34,1.07,30.00,0.54,0.22,0.18,BODY
A11D4B7C5E0F9F24,2.72,1.63,30.00,1.00,0.99,0.99,BODY
EA7399BBC5A5BFFD,-1.41,1.18,30.00,1.00,0.99,1.00,BODY
B06A342CA72547C1,-0.65,1.36,30.00,1.00,1.00,1.00,BODY
90974FE9A6CFB910,0.36,1.51,30.00,1.00,0.99,1.00,BODY
3E8B6E072EA47461,1.51,1.13,30.00,0.92,0.48,0.42,BODY
E6017BEF2F4280C3,2.35,1.67,30.00,0.82,0.82,0.82,BODY
658CEF5EF888A504,-1.46,1.49,30.00,1.00,0.99,1.00,BODY
8DCFDF83C5BA722F,-0.19,1.59,30.00,1.00,0.99,1.00,BODY
A3A90344ED35BE65,0.47,1.64,30.00,1.00,0.99,1.00,BODY
C3EAE4279414460A,1.74,1.64,30.00,0.20,0.08,0.07,BODY
5768E89B17DD5942,2.56,1.17,30.00,0.09,0.25,0.24,BODY
04C57C29A2BE634F,-1.08,1.42,30.00,1.00,1.00,0.98,BODY
3C9B0FB25C252A69,-0.49,1.42,30.00,1.00,0.99,1.00,BODY
7435EC30E05174FF,0.88,1.14,30.00,1.00,0.99,1.00,BODY
630875FED7D76851,1.52,1.70,30.00,1.00,0.77,0.56,BODY
63536D6273D1E058,-2.12,1.29,30.00,1.00,0.99,0.99,BODY
B3F374CE56A95820,-0.83,1.33,30.00,0.99,0.99,0.99,BODY
403079EE1B686B26,-0.29,1.52,30.00,0.99,0.99,0.99,BODY
DFB8D5073E93E3AF,0.87,1.76,30.00,0.27,0.23,0.19,BODY
FFC36CE80368427C,1.94,1.28,30.00,1.00,0.99,0.99,BODY
EF67321F021DF296,-1.61,1.68,30.00,1.00,0.99,1.00,BODY
068CBD1B2671A660,-0.69,1.46,30.00,0.98,1.00,0.99,BODY
FE30B1B85CFDBCE1,-0.06,1.68,30.00,1.00,1.00,1.00,BODY
E260239DF58602F6,1.03,1.67,30.00,0.98,0.49,0.46,BODY
101A030680B9EE83,2.45,1.55,30.00,1.00,1.00,0.99,BODY
2343843899193071,-1.75,1.43,30.00,1.00,0.99,1.00,BODY
46CFB8745C078847,-0.30,1.82,30.00,1.00,0.99,1.00,BODY
501B3C7CB21B863F,0.60,1.26,30.00,1.00,1.00,0.98,BODY
733901708E609C10,1.46,1.77,30.00,0.94,0.47,0.44,BODY
52D02AF5A3D148E9,2.42,1.68,30.00,0.70,0.72,0.71,BODY
277E6CB1C3DA37B1,-1.25,1.28,30.00,0.99,0.99,1.00,BODY
80D33CFCDFC04AE7,-0.27,1.31,30.00,1.00,0.99,1.00,BODY
922C64C5559C0063,0.62,1.43,30.00,1.00,0.99,0.99,BODY
CCDF9D340719B387,1.92,1.40,30.00,0.99,0.78,0.57,BODY
A093592C794A2239,-2.18,1.49,30.00,1.00,0.98,0.99,BODY
7F18FBD4CFDF10BC,-0.91,1.40,30.00,0.49,0.47,0.46,BODY
AF4730C140F7C718,-0.25,1.52,30.00,1.00,0.99,1.00,BODY
40EF60F810F5EA79,1.13,1.55,30.00,0.72,0.39,0.36,BODY
073E8A2689D7053B,2.26,1.35,30.00,1.00,0.99,1.00,BODY
F410592216D76CE9,-1.50,1.41,30.00,1.00,1.00,1.00,BODY
F4EF2827485FB8F8,-0.92,1.57,30.00,0.99,0.99,0.99,BODY
E82D2135214D2DD4,0.33,1.64,30.00,1.00,0.99,1.00,BODY
A88F91DB309987C6,1.18,1.86,30.00,0.96,0.49,0.46,BODY
68BBDCD56933294E,2.19,1.71,30.00,1.00,0.99,1.00,BODY
747541B37C38DCC4,-1.64,1.69,30.00,0.59,0.59,0.57,BODY
A935F41557F837E0,-0.16,1.81,30.00,1.00,0.99,1.00,BODY
D3CB07FD35359424,0.88,1.85,30.00,0.99,0.98,0.97,BODY
454B849D7116D808,1.72,1.70,30.00,1.00,0.78,0.58,BODY
065E17380280FD2D,-1.80,1.73,30.00,1.00,1.00,1.00,BODY
793FED468C833DE1,-1.18,1.96,30.00,0.19,0.04,0.01,BODY
61E8FC3B4F610777,0.12,1.92,30.00,1.00,1.00,1.00,BODY
9E28FF5D24CF4B7D,0.94,1.55,30.00,0.97,0.45,0.41,BODY
80EDE30BF92A969B,2.01,1.86,30.00,1.00,0.99,0.99,BODY
DD680543650E5302,-1.38,1.75,30.00,0.99,0.99,0.98,BODY
DEBE128694E17B56,-0.70,1.43,30.00,1.00,0.99,1.00,BODY
B06824AF3814A328,0.78,1.46,30.00,1.00,0.99,1.00,BODY
BAB0F1E40F320C24,1.27,1.85,30.00,0.96,0.46,0.41,BODY
E6F5DC23E97543F7,-2.30,1.50,30.00,0.00,0.11,0.08,BODY
B7B2267495E82E75,-1.25,1.81,30.00,0.96,0.60,0.49,BODY
36426942A955AC35,-0.01,1.86,30.00,0.98,0.99,0.98,BODY
2E3ED0AFD721791B,0.81,1.62,30.00,0.99,0.78,0.59,BODY
92F749F8CEF05AB9,1.88,1.95,30.00,0.96,0.88,0.80,BODY
7A9650DC54F49F6B,-1.82,2.01,30.00,1.00,0.99,0.98,BODY
69C4C40BF560F1F9,-0.68,1.85,30.00,0.07,0.00,0.00,BODY
9904CC773B1108B9,0.01,1.79,30.00,1.00,0.98,0.99,BODY
074E5016CC8318E3,1.15,1.55,30.00,0.96,0.46,0.44,BODY
8A75223B147D717F,2.56,1.89,30.00,1.00,0.98,1.00,BODY
A7F80ED6BE52461A,-1.24,1.85,30.00,0.97,0.77,0.59,BODY
5208AD2EFC402B2C,-0.40,2.08,30.00,0.98,1.00,1.00,BODY
2466694349487B32,0.60,1.61,30.00,0.98,0.98,0.98,BODY
839ADB4BD2EBD68A,1.87,1.58,30.00,1.00,0.77,0.58,BODY
B7F3D7D1E24EB78C,-1.88,1.72,30.00,1.00,0.98,0.98,BODY
F0323F28C962D394,-0.91,2.08,30.00,0.97,0.45,0.40,BODY
5A60E862D05FA834,0.33,2.12,30.00,0.71,0.66,0.64,BODY
C9AB04AF2D28ABDE,1.23,1.66,30.00,0.24,0.07,0.07,BODY
71C87DA22AE3F7A5,2.10,1.96,30.00,0.98,1.00,1.00,BODY
9EC2972D243AB9A2,-1.22,1.80,30.00,0.82,0.65,0.52,BODY
65F327EC484FCD17,-0.33,1.81,30.00,1.00,0.98,1.00,BODY
FD1F4BE799B4723D,0.38,2.12,30.00,0.98,0.99,1.00,BODY
401308A41130801F,1.75,1.64,30.00,1.00,0.76,0.59,BODY
1447979AC92D7F0D,-2.29,1.96,30.00,0.83,0.81,0.82,BODY
618FF04B29ED7ADD,-1.04,1.69,30.00,0.95,0.47,0.39,BODY
8DB9466D9E6B96F7,0.29,2.12,30.00,0.83,0.63,0.62,BODY
1E425E9F278D05AA,0.78,1.66,30.00,0.44,0.37,0.32,BODY
FF6B81C76849EDC9,2.32,2.17,30.00,0.99,1.00,1.00,BODY
BC1623FA26F6F222,-1.40,2.03,30.00,1.00,0.78,0.56,BODY
B1BBD15FD2B6303B,-0.39,2.15,30.00,1.00,0.98,0.99,BODY
CC5FD1C01EDB791C,0.58,1.78,30.00,1.00,1.00,0.98,BODY
AE4502BAE4146CA6,1.85,1.63,30.00,1.00,0.77,0.60,BODY
CDDFF8596874347E,-2.17,1.96,30.00,0.44,0.44,0.45,BODY
CD8330BEF9188C7B,-1.02,1.69,30.00,0.96,0.45,0.43,BODY
72DFBBCC327984F3,0.07,1.83,30.00,0.82,0.32,0.33,BODY
DAA4C5C72A1ADF8B,1.10,1.77,30.00,0.21,0.16,0.15,BODY
7EB2FEFF298A1647,2.05,2.14,30.00,1.00,1.00,1.00,BODY
90AF00A5A460D423,-1.48,1.77,30.00,1.00,0.76,0.52,BODY
7DE0B5A1A28B7935,-0.64,2.14,30.00,0.59,0.58,0.57,BODY
10894C4AA55A821C,0.24,2.03,30.00,1.00,0.95,0.86,BODY
516A5E813729F436,1.68,2.07,30.00,1.00,0.78,0.58,BODY
E65FB45CCA988018,-2.23,2.06,30.00,0.13,0.31,0.28,BODY
24B885CB7EA03418,-1.04,2.11,30.00,0.98,0.44,0.43,BODY
44E4561070BEC0F8,-0.28,2.05,30.00,0.81,0.28,0.25,BODY
2FC879E145BDDBE6,1.11,2.22,30.00,0.02,0.01,0.00,BODY
57CD028BA8BF4608,2.21,2.00,30.00,1.00,0.99,1.00,BODY
844C06E032DD391A,-1.85,2.34,30.00,0.91,0.85,0.78,BODY
7E584936B7161F7D,-0.51,2.34,30.00,0.64,0.54,0.42,BODY
223C7F7846D6A1BF,0.46,2.18,30.00,0.87,0.32,0.30,BODY
4EF84DD3E9A06698,1.47,1.75,30.00,1.00,0.77,0.55,BODY
DC179684A9FF2F67,2.58,2.09,30.00,0.87,0.90,0.90,BODY
8F28956ED4CA07AB,-1.34,1.81,30.00,0.96,0.46,0.42,BODY
62FA904A6288B0A6,-0.25,2.33,30.00,0.96,0.96,0.90,BODY
8B58A4590A4CA84F,0.98,1.87,30.00,0.99,0.76,0.56,BODY
567EF7B5EC8CA556,2.04,1.88,30.00,0.99,0.94,0.86,BODY
036F25081D23E98E,-1.62,2.22,30.00,1.00,0.99,0.98,BODY
E71FED8EED9057AD,-0.94,2.38,30.00,0.94,0.46,0.40,BODY
07FFA7C8FB0B81C9,-0.05,1.93,30.00,0.95,0.27,0.22,BODY
EA59CB393CE5740C,1.00,1.89,30.00,1.00,0.76,0.56,BODY
3A8F918F85F8D596,2.19,1.94,30.00,1.00,0.99,1.00,BODY
44B84878B1D94FF0,-1.57,1.96,30.00,1.00,0.78,0.64,BODY
3B98106AEA81E6C2,-0.20,2.04,30.00,0.97,0.84,0.75,BODY
CA6B220A8535DC72,0.77,2.11,30.00,0.99,0.78,0.57,BODY
9723373C34A348F1,1.47,2.38,30.00,1.00,0.77,0.57,BODY
3EA1BB69354FDACE,2.79,1.94,30.00,0.08,0.24,0.22,BODY
510806E7F6A48C43,-1.16,2.38,30.00,0.96,0.47,0.43,BODY
9B7005F589D0023F,0.06,2.02,30.00,0.93,0.27,0.22,BODY
1603C4423A7A750A,1.07,2.09,30.00,0.00,0.02,0.01,BODY
7532C3C7D88A8D5F,2.31,2.32,30.00,1.00,0.99,0.99,BODY
C8E1F8E6BB1BB50A,-1.65,2.10,30.00,0.33,0.19,0.14,BODY
E0CF504F9F982299,-0.51,2.14,30.00,0.95,0.76,0.56,BODY
DF0B47B1BDB3BAC4,0.57,2.44,30.00,0.98,0.75,0.58,BODY
27EDC008F9C3EE5C,1.44,2.25,30.00,1.00,0.76,0.57,BODY
6F6E62AADAE8CD90,2.50,2.42,30.00,1.00,0.99,0.99,BODY
B33D35F7D7B90A15,-1.32,2.44,30.00,0.90,0.49,0.47,BODY
AB8318EB6CC4D18E,0.10,2.27,30.00,0.76,0.30,0.25,BODY
C8CE317466BA29E0,1.06,1.96,30.00,0.15,0.08,0.07,BODY
8C8930E5EFC6F004,2.01,2.09,30.00,1.00,0.99,0.99,BODY
2392FBA4C4C0E6EB,-1.78,1.97,30.00,0.99,1.00,0.98,BODY
8D70A86467E3201D,-0.90,2.05,30.00,0.31,0.23,0.17,BODY
9E7AEB4A1A8FFF1A,0.62,2.42,30.00,0.57,0.20,0.16,BODY
6A07EE94943916A9,1.21,2.03,30.00,0.98,0.78,0.57,BODY
E8D278C65E26F79B,2.25,2.23,30.00,1.00,1.00,1.00,BODY
BFFCE2A0A0D4D2DB,-1.38,2.36,30.00,0.98,0.77,0.60,BODY
A8EE07A7414F666E,-0.50,2.41,30.00,1.00,0.78,0.58,BODY
AB59BADED7804331,0.89,2.29,30.00,1.00,0.77,0.56,BODY
260B9F06DC333097,1.77,2.12,30.00,0.95,0.79,0.66,BODY
AE152D452EC0270E,-1.94,2.18,30.00,0.01,0.02,0.05,BODY
5DF4C1B5429107D8,-0.56,2.35,30.00,0.98,0.78,0.60,BODY
B77AA0FBE27DB6E0,-0.04,2.02,30.00,0.93,0.27,0.23,BODY
9DCAD728BDFA716D,1.37,2.45,30.00,0.53,0.42,0.32,BODY
D22000BF1F226651,2.11,2.10,30.00,1.00,0.99,1.00,BODY
E0FA349881051225,-1.15,2.06,30.00,0.98,0.77,0.57,BODY
42A0FF483FFF4638,-0.23,2.19,30.00,1.00,0.76,0.56,BODY
B7A8E83D95C06D15,0.84,2.60,30.00,0.99,0.77,0.57,BODY
2ED7B014D766A8B3,2.06,2.62,30.00,0.97,0.75,0.56,BODY
4F04FB36669361BB,2.72,2.14,30.00,0.87,0.92,0.93,BODY
14E2ECCD5C35D759,-0.92,2.11,30.00,0.98,0.77,0.58,BODY
D853CCBBD3B5A04B,0.05,2.18,30.00,0.73,0.23,0.18,BODY
ACFC1F69D3DED3FE,0.97,2.55,30.00,0.92,0.80,0.60,BODY
139C1D7D1AB48131,2.11,2.41,30.00,1.00,0.99,1.00,BODY
3087B68216D8B218,-1.35,2.40,30.00,0.31,0.21,0.15,BODY
01A0D22ABEF58381,-0.09,2.55,30.00,0.99,0.78,0.60,BODY
FF8379C981F70A99,0.52,2.55,30.00,1.00,0.77,0.55,BODY
890CBC4A4E73C70C,1.76,2.51,30.00,1.00,0.77,0.57,BODY
B2DFE78827479D5B,2.97,2.31,30.00,1.00,0.99,1.00,BODY
B4655085805B6F7E,-0.66,2.57,30.00,0.97,0.76,0.58,BODY
80AACB080E6FC5D2,0.03,2.69,30.00,0.79,0.56,0.47,BODY
1D71546E67B80A69,0.88,2.21,30.00,0.78,0.69,0.59,BODY
F049982308647D99,2.28,2.27,30.00,1.00,1.00,1.00,BODY
BD29BC7C4C70BDEA,-1.20,2.35,30.00,0.68,0.64,0.64,BODY
91223C97D4079CFE,-0.25,2.60,30.00,0.98,0.78,0.62,BODY
D566FBB01A398B82,0.71,2.20,30.00,1.00,0.77,0.55,BODY
3C16BA2C5270D669,1.40,2.52,30.00,0.99,0.76,0.57,BODY
7E7E55F2402E490F,2.40,2.25,30.00,1.00,0.99,1.00,BODY
8A281093B7586034,-1.05,2.71,30.00,1.00,0.77,0.56,BODY
F0093F188A9DB262,0.20,2.25,30.00,0.91,0.73,0.55,BODY
F0F5514B8026FB38,1.35,2.32,30.00,0.87,0.84,0.84,BODY
F8068FAE2F7F68CA,2.17,2.45,30.00,1.00,1.00,0.99,BODY
7C19896579F26BBC,-1.59,2.64,30.00,0.98,0.98,0.99,BODY
39E073FEFEB18CFF,-0.27,2.35,30.00,0.98,0.76,0.60,BODY
5B10D8797F7A9429,0.31,2.46,30.00,1.00,0.77,0.56,BODY
0314EE13EAC2C4DA,1.53,2.76,30.00,0.98,0.77,0.58,BODY
37686140162E9936,2.46,2.81,30.00,1.00,0.99,1.00,BODY
F39673E781EC6FEE,-0.82,2.83,30.00,1.00,0.76,0.55,BODY
4F70F625579FF9BC,-0.10,2.70,30.00,0.99,0.78,0.56,BODY
B97D205148806472,1.41,2.74,30.00,1.00,0.98,1.00,BODY
7A5833A9525CEC50,2.00,2.32,30.00,0.99,1.00,1.00,BODY
BB81B58C553EFD1D,-1.64,2.49,30.00,1.00,0.99,0.95,BODY
6CC045A14CEA7305,-0.14,2.79,30.00,1.00,0.77,0.54,BODY
A41FFFA97B270F1B,0.44,2.37,30.00,0.98,0.78,0.58,BODY
849695B8CBF580D4,1.78,2.69,30.00,0.93,0.80,0.69,BODY
D898E249022CF771,2.81,2.34,30.00,0.99,1.00,0.99,BODY
D31CC4D4447A1DEA,-0.58,2.91,30.00,0.98,0.77,0.59,BODY
3986843B56FEEB60,-0.05,2.82,30.00,1.00,0.77,0.56,BODY
66BE32DC10EB1274,1.02,2.83,30.00,0.75,0.76,0.77,BODY
66C2D9FBE449997A,2.39,2.63,30.00,1.00,0.99,1.00,BODY
5BA1B4E4D5456D83,-1.19,2.72,30.00,0.38,0.26,0.19,BODY
BB4B4866A8554886,-0.44,2.57,30.00,0.98,0.76,0.57,BODY
BCF5BAA4A76D282C,1.05,2.72,30.00,1.00,0.77,0.56,BODY
9CD9BE55C7A4A056,1.88,2.80,30.00,0.98,0.98,0.98,BODY
0BC3A21C302BBE81,2.78,2.53,30.00,0.45,0.43,0.45,BODY
1A0CEF04E5C43EC6,-0.67,2.38,30.00,0.48,0.35,0.24,BODY
28289D2D71EE0D32,0.15,2.39,30.00,0.98,0.78,0.60,BODY
A0D941B469B5EEC9,1.17,2.45,30.00,0.76,0.62,0.49,BODY
8C98067788A89C4C,2.56,2.61,30.00,1.00,0.99,1.00,BODY
B2A703F3B0CD8C6C,-1.06,2.72,30.00,0.98,0.78,0.60,BODY
0AB6F39984308D57,-0.11,2.62,30.00,0.99,0.77,0.56,BODY
A1337CD387D4BA5D,0.91,2.64,30.00,1.00,0.76,0.59,BODY
B3766BFE9EAD5812,2.03,2.93,30.00,1.00,1.00,1.00,BODY
3602193EA425F492,3.66,2.95,30.00,0.07,0.24,0.20,BODY
91441C503E775B3F,-0.58,2.67,30.00,0.22,0.18,0.16,BODY
C7527449AEEBF508,0.06,2.64,30.00,1.00,0.77,0.60,BODY
CB1715011EA91EA1,1.64,2.72,30.00,0.95,0.78,0.59,BODY
51A287DB59B94887,2.42,2.56,30.00,1.00,0.99,1.00,BODY
D77C76CEEC55EF66,-1.57,2.73,30.00,1.00,0.97,0.91,BODY
10916622AAD850ED,-0.30,2.86,30.00,0.94,0.77,0.60,BODY
3E165CA659917E39,0.93,2.62,30.00,1.00,0.77,0.57,BODY
C08319B9AD483927,1.91,2.93,30.00,1.00,1.00,1.00,BODY
E0DB9681DE32052E,3.03,2.95,30.00,0.46,0.49,0.48,BODY
E192355E7C9707EA,-0.99,2.73,30.00,0.61,0.48,0.35,BODY
FB1B96715B41BB5D,0.07,2.49,30.00,1.00,0.77,0.57,BODY
3B44251AA59F6AFD,1.39,2.74,30.00,0.99,0.78,0.59,BODY
B26E29188F50BF79,2.11,2.51,30.00,1.00,0.99,1.00,BODY
7C3E97C11E16320A,-1.22,2.85,30.00,0.99,1.00,1.00,BODY
4720AA6F7C3F67DF,-0.38,2.93,30.00,0.95,0.95,0.94,BODY
C9ECDBC319D85560,0.77,2.60,30.00,1.00,0.77,0.56,BODY
4234BA423633D6F3,1.98,2.73,30.00,1.00,0.99,0.99,BODY
6E700E3CF5ADCAB7,2.85,2.82,30.00,1.00,0.99,0.99,BODY
DB674ED04D4736A7,-0.83,2.60,30.00,1.00,0.76,0.56,BODY
BBB75C3AD56596C6,-0.09,3.06,30.00,0.99,0.77,0.57,BODY
0AF605B08B21D45E,0.85,2.64,30.00,0.74,0.57,0.42,BODY
7C5441A4F5C6DC62,2.07,3.09,30.00,1.00,1.00,1.00,BODY
F2EA911C6AFBC3F3,-1.58,2.82,30.00,0.11,0.14,0.14,BODY
4A33E6A1AC26117F,-0.22,2.83,30.00,0.99,0.99,0.99,BODY
4DF9C68DFF9B324C,0.77,2.74,30.00,0.99,0.78,0.58,BODY
62A4F3712375D798,1.91,2.85,30.00,1.00,0.99,1.00,BODY
11E05480B6794DCD,2.83,2.80,30.00,1.00,0.99,0.99,BODY
210CF3F87CF2137A,-0.71,2.75,30.00,1.00,0.75,0.55,BODY
5E061061651A2795,-0.07,3.10,30.00,0.99,0.77,0.58,BODY
73E456B548891776,0.89,3.07,30.00,0.55,0.45,0.37,BODY
21DDACA9E4D0059D,2.35,2.83,30.00,1.00,0.99,1.00,BODY
F4CCEF6BAFDA5BCC,-1.69,3.04,30.00,0.86,0.85,0.86,BODY
75B92108CE3DA5C9,-0.53,2.79,30.00,1.00,0.99,0.99,BODY
F9C7405C129ED86B,0.34,2.76,30.00,0.99,0.78,0.56,BODY
86B38C4FAF61320F,1.93,2.86,30.00,1.00,0.99,1.00,BODY
125C6745D3998FAF,2.84,2.71,30.00,1.00,0.99,0.99,BODY
F876781FC80FFC62,-0.57,2.90,30.00,0.98,0.78,0.60,BODY
9408904EBE8B4CF2,0.37,3.02,30.00,1.00,0.77,0.55,BODY
A3EE0D090E1BB23B,1.51,2.85,30.00,0.98,1.00,1.00,BODY
3B7544F05207F635,2.07,3.04,30.00,1.00,0.99,1.00,BODY
CE33553F2715DBB8,-1.34,3.21,30.00,0.98,0.78,0.60,BODY
CD48218BC063E448,-0.34,3.07,30.00,1.00,0.77,0.56,BODY
D723878A0852580D,0.91,3.02,30.00,0.76,0.70,0.64,BODY
747A35FE9B0D13D4,2.13,2.73,30.00,1.00,0.99,1.00,BODY
CF9D34BA542619B9,-1.14,3.09,30.00,1.00,1.00,1.00,BODY
E99921BD4C34EC52,-0.47,3.10,30.00,0.84,0.67,0.54,BODY
FC6F33AFA7DC83B2,0.57,3.30,30.00,0.96,0.79,0.66,BODY
67EE22D133A53655,1.69,3.17,30.00,1.00,0.99,1.00,BODY
5264E1F949F16746,2.56,3.14,30.00,0.05,0.08,0.07,BODY
0E3C52B9615E7366,-0.69,2.92,30.00,0.45,0.33,0.25,BODY
EFD8149E9A7AB308,0.22,3.12,30.00,0.98,0.78,0.62,BODY
6E5B959CC59BE6F7,1.40,3.04,30.00,1.00,0.99,1.00,BODY
35FA7B15565DBDD5,2.32,3.30,30.00,1.00,0.98,1.00,BODY
E027866DF3FF1334,-1.03,2.93,30.00,1.00,0.76,0.54,BODY
7AED3B02D4CB90AF,0.16,3.05,30.00,0.96,0.76,0.59,BODY
80129C7009E2D059,1.14,3.33,30.00,1.00,0.99,0.99,BODY
00B9881241AA384E,2.36,3.30,30.00,1.00,1.00,1.00,BODY
FEA4D4035C057162,-0.84,2.96,30.00,0.96,0.77,0.60,BODY
0724FA9E7DC35E91,-0.17,2.97,30.00,0.96,0.76,0.59,BODY
B82AAC0346350235,0.93,3.17,30.00,0.98,1.00,1.00,BODY
46023C2FDA25D5F8,2.11,3.00,30.00,1.00,0.99,1.00,BODY
33CBAD84C12EC69F,-1.14,3.20,30.00,0.99,1.00,1.00,BODY
A8C5219FD3BB5B84,-0.13,3.02,30.00,0.95,0.75,0.55,BODY
905D125F1B48F9FB,0.55,3.17,30.00,1.00,0.99,0.98,BODY
1F0DDD76F0CF8F5F,1.59,3.24,30.00,1.00,0.99,1.00,BODY
8CE4A144F7D7CE52,-1.67,3.43,30.00,0.96,0.98,0.99,BODY
A58BFA5FE81C68F7,-0.10,3.04,30.00,0.60,0.43,0.29,BODY
FC611382A84DEDDC,0.34,3.24,30.00,0.97,1.00,0.99,BODY
BA7D6DF316300D67,1.46,3.32,30.00,1.00,0.99,1.00,BODY
10AC42D171758EB5,2.45,2.94,30.00,0.42,0.51,0.51,BODY
AA7CBAFC9E2CDE00,-0.67,3.03,30.00,0.25,0.17,0.09,BODY
AD94F26D0C55D898,0.41,3.26,30.00,0.99,0.98,0.97,BODY
22B06667F96FB4FB,1.52,3.49,30.00,1.00,0.99,1.00,BODY
31EA225BA28396CB,2.40,2.95,30.00,1.00,0.99,1.00,BODY
46F19EA20EA38944,-0.99,3.20,30.00,0.67,0.64,0.60,BODY
D98AF4075412E2B4,0.17,3.37,30.00,0.97,0.96,0.94,BODY
F46BD93AD951FEE5,1.50,3.28,30.00,1.00,0.99,0.98,BODY
8BA818CF7F61C5B1,2.10,3.53,30.00,1.00,1.00,1.00,BODY
30C45757964B1222,-0.87,2.99,30.00,0.93,0.93,0.93,BODY
486AA1E7C37AC4A5,0.11,3.51,30.00,1.00,0.98,0.97,BODY
CE773ACB1CDA498D,1.08,3.42,30.00,1.00,0.99,1.00,BODY
C061196362583EDA,2.15,3.50,30.00,1.00,0.99,1.00,BODY
E01653BE1FC777DC,-1.53,3.13,30.00,1.00,0.99,0.98,BODY
60BA2C6D9A7700AF,-0.02,3.53,30.00,0.88,0.87,0.87,BODY
0BA0292601D90A3F,0.60,3.27,30.00,1.00,0.99,1.00,BODY
66B530EFD860266E,1.83,3.30,30.00,1.00,0.99,1.00,BODY
508B42E8A8D34389,-1.58,3.42,30.00,1.00,0.98,0.99,BODY
153FA3B0B310CF56,-0.73,3.61,30.00,1.00,0.99,1.00,BODY
FD067210C13FEA06,0.87,3.58,30.00,1.00,1.00,0.99,BODY
2016A4059DB55EE5,1.79,3.17,30.00,1.00,0.99,1.00,BODY
C91E922758C840C7,-1.34,3.34,30.00,0.49,0.61,0.60,BODY
4D351DB7FACA9E8C,-0.38,3.45,30.00,1.00,0.99,0.99,BODY
713B80B2CEAEEE32,0.38,3.21,30.00,1.00,0.99,0.99,BODY
7C02F9192297BF19,1.77,3.58,30.00,1.00,0.99,1.00,BODY
58C8A66D7E49E95B,2.66,3.48,30.00,0.00,0.01,0.00,BODY
98556FBE75F9FD3C,-0.84,3.24,30.00,1.00,0.99,0.99,BODY
3F084E6BC5C95DE7,0.03,3.24,30.00,1.00,0.99,1.00,BODY
E1515C45938F399E,1.18,3.66,30.00,1.00,0.99,1.00,BODY
4FDB04A741BC4E4D,2.21,3.16,30.00,1.00,0.98,0.98,BODY
FD371C4B720DD7E1,-0.63,3.68,30.00,1.00,0.99,1.00,BODY
08F4E5E120DCDABE,0.30,3.62,30.00,1.00,0.99,1.00,BODY
2A809F4ACEADAE56,1.03,3.13,30.00,1.00,0.99,1.00,BODY
51CCFA67F7F2A74D,2.31,3.32,30.00,0.99,0.98,0.99,BODY
B4C37B2A365BF2B8,-0.99,3.19,30.00,1.00,0.99,1.00,BODY
5370FAD2A08A9883,-0.07,3.52,30.00,1.00,0.99,1.00,BODY
AEE7DF5B7B556EAC,1.22,3.19,30.00,1.00,0.99,1.00,BODY
E600789456C082C3,2.32,3.61,30.00,0.98,0.99,0.96,BODY
BED0F2967E2741B0,-1.31,3.29,30.00,1.00,0.99,1.00,BODY
E3EBB6EDF9778F2B,-0.18,3.51,30.00,1.00,0.99,1.00,BODY
5CDE5435BB6F434D,0.79,3.67,30.00,1.00,0.99,1.00,BODY
0B6EE0A2645F7216,2.34,3.55,30.00,0.99,0.98,0.97,BODY
9CCCD6637600A61B,-1.03,3.79,30.00,1.00,0.99,1.00,BODY
94B5D529354E468F,0.07,3.65,30.00,1.00,0.99,1.00,BODY
E1A075CAC92421AC,1.20,3.42,30.00,1.00,0.99,1.00,BODY
9D20F9802315350E,1.95,3.73,30.00,1.00,1.00,1.00,BODY
ECDD0821E12CAEFA,-0.97,3.48,30.00,1.00,0.99,1.00,BODY
176BA949DD03345B,0.07,3.52,30.00,1.00,0.99,1.00,BODY
93A1B0F82BFC11D6,1.16,3.79,30.00,1.00,0.99,1.00,BODY
F0B1AB8D12759B38,2.30,3.67,30.00,0.97,0.99,0.98,BODY
2F20E7D2144A3BA8,-1.10,3.31,30.00,1.00,0.99,1.00,BODY
8F663000350A5AB7,0.11,3.44,30.00,1.00,0.99,1.00,BODY
D51C5A9EF199F848,0.68,3.34,30.00,1.00,0.99,1.00,BODY
FAEAC4DEAD1D9F8A,1.69,3.39,30.00,1.00,1.00,0.98,BODY
B55C44DB5FAB60E6,-1.21,3.63,30.00,1.00,0.98,1.00,BODY
7BD5ED1CBEDB116B,-0.37,3.34,30.00,1.00,0.99,1.00,BODY
E3B451F872B81BB5,0.74,3.52,30.00,1.00,0.99,1.00,BODY
146C05DAB2568ECC,1.60,3.89,30.00,1.00,0.99,1.00,BODY
612ABC98B822B23D,3.25,3.56,30.00,0.16,0.27,0.25,BODY
BFE9AA6516C4EC52,-0.75,3.80,30.00,1.00,0.99,1.00,BODY
2103A5BE6BDBB48C,0.10,3.69,30.00,1.00,0.99,1.00,BODY
245B1F58220CC6CE,1.27,3.68,30.00,1.00,0.99,1.00,BODY
0D4A27EB164CC9BF,2.30,3.34,30.00,0.89,0.29,0.27,BODY
34B84E88862CE785,-1.41,3.61,30.00,1.00,0.99,1.00,BODY
3ED1FF971A39A76F,-0.54,3.43,30.00,1.00,0.99,1.00,BODY
9B035E28055CFEF7,0.60,3.95,30.00,1.00,0.99,1.00,BODY
D4D030D936507B9B,2.05,3.89,30.00,0.99,0.98,0.99,BODY
721C6429243E4999,3.75,3.90,30.00,0.42,0.45,0.45,BODY
B13106D9197C1599,-0.64,3.75,30.00,1.00,0.99,1.00,BODY
C9C221F340865B46,0.18,3.90,30.00,1.00,0.99,1.00,BODY
517DCDE0B00F4DEC,1.05,3.75,30.00,1.00,0.99,1.00,BODY
A70F71FA23B8156C,2.10,3.39,30.00,0.96,0.26,0.17,BODY
6C01AB891D04248F,-1.06,3.73,30.00,1.00,0.99,1.00,BODY
85DB3B4CF15D9F82,-0.09,3.95,30.00,1.00,0.99,1.00,BODY
D36B011DC7582677,1.03,3.62,30.00,1.00,0.99,1.00,BODY
4CE6B70B562DA87F,1.97,3.91,30.00,0.98,0.99,1.00,BODY
E0000BD14E17F337,3.18,3.98,30.00,1.00,0.99,0.99,BODY
1016AADA8E71827B,-0.81,3.57,30.00,1.00,0.99,1.00,BODY
8AF0059E2161E867,0.39,3.55,30.00,1.00,0.99,1.00,BODY
557DC82F5A880B5F,1.38,3.58,30.00,1.00,0.99,1.00,BODY
072CAA24BD796628,2.50,4.01,30.00,0.94,0.27,0.24,BODY
AB733D9482F38A99,-1.77,4.07,30.00,0.99,0.99,1.00,BODY
DDE1F2001E372035,-0.61,4.06,30.00,1.00,0.99,1.00,BODY
799D5F48F6F79211,0.58,3.58,30.00,1.00,0.99,1.00,BODY
111DB1A1844DB3A2,1.76,3.75,30.00,1.00,1.00,1.00,BODY
5629D59BF06D1992,3.20,3.89,30.00,0.98,0.99,0.99,BODY
53574C21D926270D,-1.06,3.85,30.00,1.00,0.99,1.00,BODY
3D6418FE015B89BA,-0.16,4.07,30.00,1.00,0.99,1.00,BODY
F495D8AF9026057C,0.70,3.92,30.00,1.00,0.99,1.00,BODY
D69702C8AA40984A,1.82,4.10,30.00,0.92,0.33,0.31,BODY
5F1B990D4E2AEE46,3.81,3.90,30.00,1.00,0.99,0.98,BODY
7E5374AB94C4D018,-0.67,3.71,30.00,1.00,0.99,1.00,BODY
A52811FB4DCE6866,0.34,3.74,30.00,1.00,0.99,1.00,BODY
B676E80EB38F2FFE,1.19,3.73,30.00,1.00,0.99,1.00,BODY
1662C6009943E381,2.23,3.79,30.00,0.79,0.28,0.26,BODY
E4E8AAD6290666CE,-1.46,3.79,30.00,0.99,0.99,0.99,BODY
AD941D9F6A402525,-0.46,4.03,30.00,1.00,0.99,1.00,BODY
6A4CEC865E2156F5,0.71,3.66,30.00,1.00,0.99,1.00,BODY
B95DCB7FA56C0336,1.93,3.68,30.00,0.71,0.70,0.70,BODY
5EF3137629973588,3.17,4.00,30.00,1.00,0.98,1.00,BODY
39E60128F7C53EBD,-0.86,3.79,30.00,1.00,0.99,1.00,BODY
AB1412AFFE539A78,-0.12,3.77,30.00,1.00,0.99,1.00,BODY
C23C971EEF2DBA1B,1.31,3.95,30.00,1.00,0.99,1.00,BODY
FD271E659CF27EE8,2.03,3.66,30.00,0.92,0.29,0.21,BODY
B7E310879C86C88B,3.35,3.61,30.00,0.99,0.99,0.99,BODY
21DC3DD66EFF8A88,-0.70,3.67,30.00,1.00,1.00,0.98,BODY
2BAE34290C04B147,0.13,4.00,30.00,1.00,1.00,0.99,BODY
64FAA8E0BB576F46,1.39,3.84,30.00,0.99,0.99,0.98,BODY
7054B4D563FFB273,2.17,4.06,30.00,0.10,0.21,0.19,BODY
8077C976613E7A2C,-1.09,3.87,30.00,0.98,1.00,0.99,BODY
43CFFEA27D852DDB,-0.15,4.25,30.00,1.00,1.00,1.00,BODY
D1CE0E2CA44FFFF2,0.92,4.07,30.00,1.00,0.99,0.99,BODY
C1627D9365754873,2.03,4.07,30.00,0.58,0.18,0.15,BODY
93CDF66EC84AD155,3.22,3.69,30.00,1.00,0.99,1.00,BODY
894E82F83B07D648,-0.94,4.01,30.00,1.00,1.00,0.99,BODY
77EE802204CBEB74,0.23,3.94,30.00,1.00,0.99,1.00,BODY
EC661D210DDB3283,0.93,4.28,30.00,0.98,0.99,0.97,BODY
FA6F81E9A4965010,2.12,4.16,30.00,0.93,0.28,0.22,BODY
5642B65EA8C6CE54,3.90,3.72,30.00,0.99,0.99,0.99,BODY
2B8B8D33C53DEDF1,-0.84,4.27,30.00,1.00,0.99,1.00,BODY
192035B632B7B70E,0.46,3.73,30.00,1.00,1.00,0.98,BODY
09A9719C8B47C81C,1.51,3.78,30.00,0.14,0.09,0.09,BODY
37BAD47228DE5DDB,2.97,4.09,30.00,0.96,1.00,1.00,BODY
07CFFC630A3CD94B,-1.33,3.87,30.00,1.00,1.00,1.00,BODY
C29FA262DA69B51D,-0.09,3.94,30.00,1.00,0.99,1.00,BODY
A63FE0B01833EC87,1.11,4.20,30.00,0.98,1.00,0.99,BODY
D9FEAE93423E3013,1.82,4.30,30.00,0.93,0.28,0.20,BODY
15BB689A1111F8D0,3.54,3.91,30.00,1.00,0.99,1.00,BODY
4E878741ADABE23D,-0.82,4.19,30.00,1.00,0.99,1.00,BODY
9F8B922CDF0DE760,0.43,4.33,30.00,1.00,0.99,1.00,BODY
83D4863A49073C49,1.05,4.31,30.00,1.00,0.96,0.95,BODY
9CCBD3A0AEE0435D,2.32,3.98,30.00,0.92,0.28,0.21,BODY
B7EAD4A933350617,-1.36,4.28,30.00,0.22,0.30,0.31,BODY
12F80B336FD86105,-0.26,4.28,30.00,1.00,0.99,1.00,BODY
F60118F2AAACB344,0.45,4.22,30.00,0.98,1.00,1.00,BODY
0DBA327B0EF023B7,1.99,4.27,30.00,0.96,0.28,0.23,BODY
66F232C89B2B1B85,3.11,4.26,30.00,1.00,0.99,1.00,BODY
7E7F21CB6B0894E9,-1.00,4.38,30.00,0.98,1.00,0.97,BODY
BA59462C412D75ED,0.17,4.39,30.00,1.00,0.99,1.00,BODY
37C312CBCA0B74F4,0.96,4.41,30.00,1.00,0.96,0.96,BODY
5A6AE2E63B8654F1,2.26,4.02,30.00,0.94,0.27,0.22,BODY
6CB4152C9586AAAA,3.53,3.86,30.00,0.98,0.99,0.99,BODY
75D14652C840421C,-0.41,4.41,30.00,1.00,0.99,1.00,BODY
51BD8F77C0875C1C,0.49,3.93,30.00,0.99,1.00,0.98,BODY
1C3A943C687CA996,1.74,4.32,30.00,0.93,0.29,0.24,BODY
A0BA46425ECFFA05,2.87,3.98,30.00,1.00,0.99,0.99,BODY
65D2A80E9CEDAF24,-1.16,3.97,30.00,0.96,1.00,0.98,BODY
887B956BC0058905,0.07,4.11,30.00,0.99,0.99,0.99,BODY
679791A6BB8A0B62,1.03,4.05,30.00,0.90,0.60,0.57,BODY
0A15F26D6C4F60D7,2.13,4.33,30.00,0.94,0.28,0.21,BODY
77C6641A9460BF0E,3.50,4.12,30.00,0.97,0.99,0.98,BODY
DF39A8E331D48DDD,-0.53,4.03,30.00,0.99,0.98,0.99,BODY
FDAC9A6CE17303B1,0.80,4.16,30.00,1.00,0.99,0.98,BODY
3ACB54F6D6641108,1.66,4.13,30.00,0.95,0.28,0.21,BODY
9A25019FA5ED90B3,3.44,4.06,30.00,1.00,0.99,1.00,BODY
9E2BA17004376DB8,-0.91,4.07,30.00,0.99,0.98,0.99,BODY
3786F7956C944343,0.59,4.28,30.00,1.00,0.99,0.98,BODY
26D190D184058AA9,1.51,4.35,30.00,0.96,0.27,0.19,BODY
C848CD8CFB200C4D,2.54,4.45,30.00,0.08,0.10,0.08,BODY
75C045CB03E95793,-1.00,4.30,30.00,0.14,0.30,0.21,BODY
020B3AE75C577B8C,0.14,4.33,30.00,0.99,0.99,0.99,BODY
B821D66617EA6644,0.83,4.32,30.00,0.80,0.40,0.36,BODY
2257ACEB55444F15,2.12,4.27,30.00,0.94,0.27,0.22,BODY
52AE5C3AEBC1F9CE,3.55,4.46,30.00,1.00,0.99,1.00,BODY
3B4403423F60E74C,-0.24,4.22,30.00,0.99,0.98,0.98,BODY
A8E25DC86BAD8A68,0.56,4.34,30.00,0.58,0.56,0.56,BODY
C229C8C22F5C8A2C,1.54,4.55,30.00,0.96,0.32,0.26,BODY
B6A2FF43F4BB15E8,2.82,4.51,30.00,0.34,0.24,0.22,BODY
B00E88D80E6275AE,-0.78,4.13,30.00,0.27,0.17,0.16,BODY
9B6677622DC28A75,0.24,4.38,30.00,0.99,0.96,0.95,BODY
2B240AF6495BE388,1.31,4.35,30.00,0.92,0.28,0.24,BODY
BB884D7033C6CA3A,2.45,4.49,30.00,0.65,0.39,0.35,BODY
A09C475BCF137BBA,3.56,4.17,30.00,1.00,0.99,1.00,BODY
F821D054E9C27435,0.20,4.49,30.00,0.96,0.93,0.92,BODY
A331C3A4ABB6A3DD,1.14,4.49,30.00,0.91,0.27,0.23,BODY
E276428DAA8888C6,2.19,4.55,30.00,0.94,0.28,0.20,BODY
922EA6BA10D3CDD2,2.99,4.29,30.00,0.91,0.87,0.85,BODY
9DBAC534E8E9F6F1,-0.44,4.59,30.00,0.70,0.43,0.40,BODY
DF03B20D27C6765A,0.27,4.47,30.00,0.75,0.34,0.31,BODY
FC0F3E17FB7C6836,1.47,4.14,30.00,0.95,0.28,0.23,BODY
9E0B0D91AE19F1DD,2.78,4.28,30.00,0.51,0.32,0.32,BODY
4B15C60FFD2ACFE3,3.83,4.18,30.00,0.96,0.98,0.98,BODY
600AB8B0DB5A0DC5,0.13,4.39,30.00,0.30,0.05,0.04,BODY
312D697B1FF71EBF,0.87,4.42,30.00,0.93,0.28,0.22,BODY
99D362B8207B328A,2.19,4.63,30.00,0.94,0.28,0.21,BODY
AB4BE9054712E982,2.91,4.49,30.00,0.82,0.80,0.78,BODY
06B9C57BC690F55A,-0.30,4.71,30.00,0.67,0.25,0.18,BODY
3783C8AB8FF7F800,0.37,4.58,30.00,0.92,0.28,0.23,BODY
975071B2BA07926B,1.72,4.58,30.00,0.93,0.27,0.21,BODY
3582E6DC281DE297,2.58,4.74,30.00,0.94,0.26,0.24,BODY
6C8FECEB0A37807C,3.74,4.48,30.00,0.16,0.34,0.31,BODY
AC2AA656E0B4D7D9,-0.02,4.52,30.00,0.84,0.27,0.21,BODY
B6A0135524CFEBE1,0.93,4.78,30.00,0.94,0.27,0.22,BODY
B46162EAD6DAA781,2.19,4.63,30.00,0.93,0.27,0.20,BODY
E060E3622A08F9A5,3.26,4.48,30.00,0.95,0.98,0.98,BODY
E59115B26BAB6252,0.00,4.35,30.00,0.91,0.28,0.23,BODY
77315BA4B452030F,1.11,4.51,30.00,0.94,0.27,0.22,BODY
8EC76E3BD0F5A6D1,1.60,4.65,30.00,0.95,0.32,0.26,BODY
C10D394AC38CF607,2.80,4.77,30.00,0.93,0.27,0.20,BODY
A425CE98F3F9F8C2,-0.59,4.45,30.00,0.98,0.27,0.21,BODY
0559B0609468577B,0.66,4.29,30.00,0.94,0.27,0.22,BODY
48A0C7A8AA3A063E,1.39,4.58,30.00,0.94,0.27,0.22,BODY
83BA7F34B3173819,2.76,4.71,30.00,0.94,0.27,0.22,BODY
20041E349F707218,-0.48,4.62,30.00,0.92,0.29,0.23,BODY
6CA361BEDFBE8A3A,0.53,4.42,30.00,0.93,0.28,0.22,BODY
C92E4131864E7429,1.62,4.67,30.00,0.95,0.27,0.22,BODY
FA127232FE5C18D4,2.63,4.59,30.00,0.96,0.27,0.24,BODY
61F2C17FA9A0B55C,-0.39,4.57,30.00,0.95,0.28,0.24,BODY
5EDC7610C5B5A124,0.51,4.85,30.00,0.94,0.27,0.22,BODY
50817CCBA4BF4CDE,1.58,4.72,30.00,0.95,0.27,0.22,BODY
94D933E31D72B468,2.59,4.49,30.00,0.97,0.26,0.22,BODY
2071664F35EA8C72,-0.28,4.49,30.00,0.93,0.28,0.20,BODY
FD8ADE75EDB06204,0.86,4.91,30.00,0.94,0.27,0.22,BODY
D54B95A2F0A0E05B,1.48,4.83,30.00,0.93,0.28,0.22,BODY
1405D109FD4A285C,2.52,4.65,30.00,0.93,0.28,0.22,BODY
F7B642642986909A,0.17,4.77,30.00,0.94,0.27,0.20,BODY
12B9CB3FFF844B7F,1.03,4.50,30.00,0.94,0.27,0.22,BODY
A7C006B924465293,2.04,4.57,30.00,0.92,0.29,0.22,BODY
590B289AC7969C0F,-0.65,4.73,30.00,0.12,0.35,0.33,BODY
020EE7E36198A751,0.24,4.87,30.00,0.94,0.28,0.22,BODY
3DA628FFB044C972,1.18,4.91,30.00,0.95,0.27,0.22,BODY
CFB453870FF2EBCC,2.56,4.58,30.00,0.92,0.28,0.21,BODY
E37A9291D226DA6C,-0.09,4.85,30.00,0.97,0.26,0.20,BODY
222F06630F73922F,0.85,4.96,30.00,0.94,0.27,0.22,BODY
0ECDAC35EB725E73,1.75,4.44,30.00,0.94,0.27,0.22,BODY
B56D667673687C58,2.91,4.81,30.00,0.95,0.28,0.24,BODY
96C0018BA956CD08,-0.11,4.66,30.00,0.93,0.28,0.23,BODY
9C4A6B4F605DD2F5,1.16,4.57,30.00,0.94,0.27,0.22,BODY
8C1BDD4F5785BA36,1.92,4.88,30.00,0.94,0.28,0.23,BODY
8018E1C2E83F4915,-0.79,5.05,30.00,0.87,0.28,0.24,BODY
BE7A9DAB1739E305,0.69,4.62,30.00,0.94,0.27,0.22,BODY
FAA3AAA619758FEA,1.47,4.76,30.00,0.93,0.28,0.22,BODY
571C2AE2E4E43806,2.72,5.06,30.00,0.94,0.27,0.22,BODY
6FADACA153A06A58,-0.09,5.08,30.00,0.93,0.28,0.23,BODY
F688BE3F831340A6,1.12,4.63,30.00,0.94,0.27,0.22,BODY
29C33F3497EA60F4,2.07,4.96,30.00,0.96,0.32,0.26,BODY
6BC7B6D6F85E5BD0,-0.25,4.99,30.00,0.94,0.29,0.22,BODY
AF2316E0FBA95D64,0.68,4.65,30.00,0.94,0.27,0.22,BODY
5370446415A31E84,1.43,4.65,30.00,0.94,0.27,0.22,BODY
6510EB92FE0EEBBA,2.78,4.87,30.00,0.94,0.26,0.22,BODY
6C07511E82FECD58,0.48,5.17,30.00,0.96,0.26,0.22,BODY
548DC0EEB895E8BD,1.45,4.93,30.00,0.94,0.27,0.22,BODY
3A220CC251E0B05F,2.11,4.91,30.00,0.94,0.28,0.21,BODY
B1B74DF97E131BFB,-0.41,4.99,30.00,0.96,0.26,0.21,BODY
0B81DD1474BD2F99,0.62,5.18,30.00,0.94,0.27,0.22,BODY
F2817E0C561F3154,1.61,4.81,30.00,0.95,0.28,0.23,BODY
DA2FACF371E61CC4,-0.59,4.98,30.00,0.09,0.20,0.18,BODY
DE4116E8FDBCFC9F,0.63,5.19,30.00,0.94,0.27,0.22,BODY
FA04E03F19066EB0,1.57,4.99,30.00,0.93,0.28,0.22,BODY
8CBC575B5C52F1D2,2.74,5.24,30.00,0.93,0.28,0.21,BODY
EE6BF4CE6DB936A0,0.03,4.91,30.00,0.96,0.27,0.22,BODY
1A031B34F31D324C,1.02,4.94,30.00,0.94,0.27,0.22,BODY
B58620E726738319,2.40,4.98,30.00,0.93,0.28,0.20,BODY
39D853707089DB3B,-0.19,5.15,30.00,0.93,0.28,0.21,BODY
781391766934A7C1,1.20,5.04,30.00,0.94,0.27,0.22,BODY
1D88BEEB5D6A0EBA,2.11,5.09,30.00,0.94,0.28,0.22,BODY
7A2A1C7285058D63,-0.18,5.23,30.00,0.92,0.27,0.21,BODY
B416111936EA2E0E,0.59,4.78,30.00,0.94,0.27,0.22,BODY
9BC5EE523C29A689,2.05,5.18,30.00,0.94,0.27,0.22,BODY
2E2525FA6B57C2BC,-0.42,5.07,30.00,0.11,0.02,0.01,BODY
4C3D8BBB02505771,0.77,5.28,30.00,0.94,0.27,0.22,BODY
1C7A14C6513141AF,1.77,5.22,30.00,0.94,0.27,0.22,BODY
28496AD4705FDCD4,2.68,5.01,30.00,0.32,0.26,0.24,BODY
DD3EF59CE114E5AD,0.57,5.23,30.00,0.95,0.27,0.21,BODY
E9E253870567EBB6,1.53,5.05,30.00,0.94,0.27,0.22,BODY
D25040B0637AA4A6,2.65,4.91,30.00,0.89,0.28,0.25,BODY
6F33572320DB9990,0.61,5.04,30.00,0.93,0.28,0.22,BODY
C38B83D614514B94,1.62,5.17,30.00,0.94,0.27,0.22,BODY
3471362EAA9AFC59,2.35,5.00,30.00,0.95,0.29,0.24,BODY
7692713921323ABE,0.55,5.05,30.00,0.93,0.28,0.21,BODY
D385C26AD48F8A70,1.60,5.11,30.00,0.94,0.27,0.22,BODY
D181C2137CB9C1B2,2.38,5.13,30.00,0.47,0.10,0.07,BODY
9C0563E0DC19CDD7,0.61,5.41,30.00,0.93,0.28,0.22,BODY
FDEC449191FE91EE,1.88,5.06,30.00,0.94,0.27,0.22,BODY
811694D92EE77C69,2.45,5.18,30.00,0.12,0.24,0.17,BODY
ABFF28D9A743D79F,0.75,4.99,30.00,0.94,0.27,0.22,BODY
EB5FFA78FA0261B8,1.89,5.08,30.00,0.94,0.27,0.22,BODY
FD016F8347C4D3AC,-0.11,5.24,30.00,0.28,0.03,0.01,BODY
F17BB633B7EABEE6,1.10,5.39,30.00,0.94,0.27,0.22,BODY
4F7E070CA457A1B5,2.09,5.02,30.00,0.94,0.27,0.22,BODY
DBAE1FD44027B28F,-0.06,5.07,30.00,0.92,0.27,0.22,BODY
AE5DBA09AF5E4DBC,1.30,5.21,30.00,0.94,0.27,0.22,BODY
04F2489B2829EC26,2.05,5.29,30.00,0.94,0.27,0.22,BODY
A4C59B9209207335,0.14,5.32,30.00,0.95,0.27,0.23,BODY
2F195B04CB41FB5E,1.08,5.02,30.00,0.94,0.27,0.22,BODY
88505F165CCCB67D,1.98,5.26,30.00,0.93,0.27,0.20,BODY
9FDBA8550B8F2CF2,0.55,5.34,30.00,0.93,0.27,0.20,BODY
5F050F4F474317DD,1.52,5.23,30.00,0.94,0.27,0.22,BODY
B47BC83B4786D560,2.21,5.29,30.00,0.94,0.29,0.24,BODY
14F56433DD59BB99,0.29,5.08,30.00,0.95,0.32,0.25,BODY
55612A778E663099,1.53,5.17,30.00,0.94,0.27,0.22,BODY
AB0AC6EF998CCBBB,-2.04,5.36,30.00,0.59,0.59,0.60,BODY
001F24750C5E17A0,1.03,5.44,30.00,0.94,0.27,0.22,BODY
3D837BDFCF84BAB1,1.84,5.19,30.00,0.94,0.27,0.22,BODY
5E6583C005B16D16,0.26,5.21,30.00,0.86,0.30,0.29,BODY
BAE1992C7001E46E,1.14,5.39,30.00,0.94,0.27,0.22,BODY
3124117A20A68E85,2.26,5.39,30.00,0.94,0.29,0.24,BODY
050639FD3C2BF68A,0.50,5.68,30.00,0.93,0.32,0.25,BODY
951BC8A76E352825,1.86,5.45,30.00,0.94,0.27,0.22,BODY
6CD36F59EF6CC1F5,-1.64,5.51,30.00,0.66,0.68,0.68,BODY
2D4B04256D26B98C,0.78,5.46,30.00,0.94,0.27,0.22,BODY
9F2BB34A5984AEE4,1.83,5.21,30.00,0.95,0.27,0.22,BODY
1C236F4C7D176922,0.48,5.77,30.00,0.91,0.28,0.21,BODY
430B059C34086E67,1.22,5.45,30.00,0.95,0.27,0.22,BODY
C1D653F62AD36729,3.65,5.57,30.00,0.07,0.11,0.11,BODY
507BE70400D16613,0.95,5.56,30.00,0.93,0.28,0.22,BODY
74F2C0B2733036B9,2.22,5.82,30.00,0.95,0.26,0.21,BODY
AB7ACAA3CC221402,0.50,5.29,30.00,0.84,0.30,0.26,BODY
DB79D1578C7783E5,1.79,5.78,30.00,0.94,0.27,0.22,BODY
442B6F5809F511FE,0.29,5.78,30.00,0.29,0.28,0.24,BODY
0934FF2EB76DC5FC,1.19,5.32,30.00,0.94,0.27,0.22,BODY
4F2C59876236B123,3.89,5.52,30.00,0.04,0.20,0.18,BODY
DB700E5A70C3BEE2,1.16,5.59,30.00,0.94,0.27,0.21,BODY
A257B109398312B9,0.33,5.60,30.00,0.13,0.20,0.18,BODY
412231D575D26C93,1.59,5.97,30.00,0.92,0.28,0.21,BODY
4CFF4C3861BFCE2F,0.83,5.66,30.00,0.80,0.35,0.30,BODY
88DEBD9BFC918BF2,1.86,5.85,30.00,0.92,0.29,0.24,BODY
C94F008CEF44C7A0,1.42,5.59,30.00,0.93,0.28,0.21,BODY
9B16716D365C8DF6,0.63,5.73,30.00,0.55,0.35,0.31,BODY
FC20D7DFE705B346,1.65,5.53,30.00,0.50,0.13,0.11,BODY
BC8AB95164358FFB,1.51,5.93,30.00,0.72,0.24,0.19,BODY
E0E1D9BCC7504149,1.43,5.63,30.00,0.68,0.23,0.22,BODY
D311162814668E53,1.86,6.08,30.00,0.52,0.36,0.33,BODY
C0A060041FE5DB19,0.98,6.19,30.00,0.13,0.30,0.25,BODY
C65C0C05A8C4F197,-0.63,6.19,30.00,0.06,0.20,0.17,BODY
