ID,X,Y,Z,R,G,B,PART
3652EFC456F0A426,1.79,-6.95,29.85,0.70,0.68,0.69,BODY
4DB4BCACA72ED658,1.61,-7.04,30.00,0.22,0.14,0.16,BODY
93FB5A5B3E89B034,1.89,-7.15,30.15,0.12,0.04,0.06,BODY
0215908B93C095D4,2.45,-6.92,29.85,0.58,0.55,0.56,BODY
EFD1EF7D1D3DEC17,1.70,-7.02,30.00,0.12,0.09,0.09,BODY
D32F733F530E3631,-2.79,-6.72,29.85,0.51,0.49,0.49,BODY
3ECB8171FB12FACC,2.33,-6.91,30.00,0.14,0.09,0.10,BODY
D9D7E29B64008393,1.74,-6.76,30.15,0.15,0.11,0.12,BODY
22ED0D2885572F3A,3.02,-7.04,29.85,0.55,0.53,0.52,BODY
0DA6747A5B735D2E,2.05,-6.77,30.00,0.18,0.15,0.15,BODY
B63CCD8FE1A37994,-2.80,-6.80,29.85,0.06,0.06,0.05,BODY
819E31E8D779E6A2,2.40,-6.58,30.00,0.13,0.12,0.11,BODY
804DCD9D2E2EF4CA,-2.90,-6.61,30.15,0.03,0.04,0.04,BODY
4D12FE6DB8C6A08C,2.28,-6.86,29.85,0.09,0.10,0.09,BODY
02F454C1C4D83199,-2.68,-6.71,30.15,0.34,0.33,0.33,BODY
3796B306A66C7489,2.48,-6.75,29.85,0.08,0.07,0.07,BODY
E960E99F65B3C843,1.71,-6.48,30.00,0.14,0.14,0.15,BODY
818B078F84A8B53A,2.85,-6.68,30.15,0.11,0.05,0.05,BODY
E93655F217CBFC13,1.47,-6.71,29.85,0.15,0.15,0.15,BODY
B200C27AA0E3F2F3,3.17,-6.75,30.15,0.24,0.13,0.15,BODY
44189FEC795239A0,1.83,-6.81,29.85,0.15,0.15,0.15,BODY
0A7B1A92FFEE8358,-3.47,-6.66,30.00,0.29,0.23,0.25,BODY
FDC6D23722403E50,1.98,-6.70,30.15,0.12,0.12,0.11,BODY
F1E95C180C817FFC,-2.99,-6.43,30.00,0.04,0.06,0.04,BODY
50686829DE3AADCD,2.54,-6.80,30.15,0.16,0.16,0.15,BODY
815C88DA2FD1FF53,1.76,-6.66,29.85,0.05,0.05,0.05,BODY
5B669F5ECF1AE6F1,-3.00,-6.66,30.00,0.09,0.07,0.08,BODY
E64674CD7F6D9BDA,2.48,-6.31,30.15,0.16,0.13,0.10,BODY
B5449864BCAD3703,1.76,-6.60,30.00,0.08,0.08,0.07,BODY
045A713E1FB426A6,-2.68,-6.62,30.15,0.11,0.09,0.09,BODY
1D601F9ED343B8DE,-3.39,-6.20,29.85,0.08,0.08,0.08,BODY
571FF7858ADAAFE8,1.95,-6.32,30.00,0.16,0.15,0.10,BODY
FD163B25CD025D1E,1.82,-6.52,30.15,0.08,0.08,0.08,BODY
FFBAA0B71A9B14B9,1.34,-6.38,30.00,0.14,0.14,0.14,BODY
715E56A9990C2179,-3.19,-6.09,30.15,0.05,0.07,0.05,BODY
25DA05DA1054210E,2.21,-6.37,29.85,0.47,0.46,0.43,BODY
A9A4A549B239D1D5,1.42,-6.48,30.00,0.04,0.04,0.03,BODY
37778BC32D7B3795,-3.46,-6.09,29.85,0.05,0.07,0.06,BODY
12D67A81FD6E13E3,2.04,-6.05,30.00,0.52,0.51,0.42,BODY
2A67A80F7C949379,1.49,-6.11,30.15,0.13,0.13,0.14,BODY
6067A24807FE06F8,-3.33,-6.03,29.85,0.13,0.05,0.08,BODY
6410E96D373B3897,1.91,-6.41,30.00,0.07,0.07,0.06,BODY
904D5A9E2433A957,-3.20,-6.05,29.85,0.05,0.05,0.05,BODY
E9A772F51F26A721,-4.08,-6.21,30.00,0.18,0.07,0.10,BODY
66C60AB453D628C3,1.26,-5.96,30.15,0.04,0.04,0.04,BODY
2B8B64B279C31DC9,-3.58,-6.32,29.85,0.07,0.07,0.07,BODY
1E33E3C9A413BB01,1.78,-6.26,30.15,0.13,0.13,0.10,BODY
F22C04CCFFC44F78,-2.75,-6.17,29.85,0.21,0.22,0.20,BODY
721614A745160AB8,-3.76,-6.01,30.00,0.09,0.09,0.08,BODY
BDE26E5CF9E94C22,1.55,-5.82,30.15,0.08,0.07,0.08,BODY
E378FD4F3ECE56EB,-2.70,-6.02,29.85,0.11,0.11,0.10,BODY
687522B2C4F0DC34,-3.84,-6.25,30.15,0.15,0.12,0.11,BODY
4AA2B333B87477C8,1.44,-5.97,29.85,0.06,0.06,0.07,BODY
AEA9BFC2133BE4D5,-2.86,-6.03,30.00,0.05,0.07,0.05,BODY
9341C1B7758524C1,-4.01,-5.89,30.15,0.23,0.24,0.21,BODY
D6332EACE8F00A81,1.47,-5.94,29.85,0.04,0.04,0.04,BODY
BC42667564F08D3C,-3.09,-5.92,30.15,0.07,0.07,0.07,BODY
B61FD76FC99E98F3,1.74,-6.03,29.85,0.11,0.10,0.08,BODY
31371BAD0CB4D152,0.98,-5.67,30.00,0.06,0.06,0.06,BODY
0BB106E74A6A691B,-3.54,-6.03,30.15,0.04,0.04,0.05,BODY
D97301261C28F9F8,1.86,-6.01,30.00,0.05,0.05,0.05,BODY
5525AB86749C91DE,-2.77,-5.90,30.15,0.35,0.35,0.35,BODY
A062F4417B4324E8,-3.80,-5.78,29.85,0.14,0.11,0.13,BODY
3FF67BB0893A6A8E,1.39,-5.75,30.00,0.07,0.07,0.08,BODY
C49CF824A4A1AC18,-3.46,-5.85,30.15,0.05,0.05,0.06,BODY
8EBE80084B09FC29,2.07,-5.52,30.00,0.06,0.06,0.04,BODY
2632C116F18D4B47,-3.00,-5.62,30.15,0.08,0.08,0.08,BODY
29BB41A28CBC0CA8,-4.05,-5.68,29.85,0.45,0.11,0.34,BODY
EF4D623CCFAE444B,0.94,-5.79,30.00,0.09,0.09,0.09,BODY
9D9F386927C609D6,-3.71,-5.46,29.85,0.40,0.09,0.30,BODY
630AF111B7CBC239,1.04,-5.69,30.00,0.05,0.05,0.05,BODY
E87CD69A268A3C27,-3.55,-5.52,30.15,0.36,0.11,0.30,BODY
10293221DC793B7C,1.47,-5.58,29.85,0.07,0.07,0.07,BODY
AF80721B5D967DEC,-3.56,-5.62,30.00,0.32,0.11,0.25,BODY
D6F8A82144B1EA16,1.28,-5.72,29.85,0.07,0.07,0.09,BODY
8371DF8174F021A8,-3.18,-5.66,30.00,0.36,0.11,0.28,BODY
F518BCE6976099E1,1.42,-5.76,30.15,0.07,0.07,0.10,BODY
8EF5BEB71D0EC5C3,-3.44,-5.42,29.85,0.32,0.09,0.27,BODY
6B89F1D3ECB4F2DE,1.48,-5.47,30.15,0.06,0.06,0.07,BODY
7DDFB37C0DA67D6F,-3.36,-5.63,29.85,0.29,0.09,0.23,BODY
7C64A76A89F557E0,1.66,-5.52,30.00,0.05,0.05,0.04,BODY
7D7E7ECD7A17A7DE,-3.00,-5.66,30.15,0.40,0.12,0.30,BODY
B1F1CE6BA972A83D,1.02,-5.68,29.85,0.04,0.05,0.05,BODY
C491954611A41ED1,-3.54,-5.39,30.15,0.38,0.07,0.29,BODY
86F2D7C3D9D73977,-1.96,-5.60,29.85,0.27,0.12,0.22,BODY
C73E9A97548134AF,1.43,-5.36,30.00,0.04,0.04,0.04,BODY
468C64121CF0F9C6,-3.02,-5.47,30.15,0.42,0.15,0.33,BODY
AB15E90D60667E39,-1.59,-5.19,29.85,0.24,0.11,0.18,BODY
56707C1D1E8785A9,1.68,-5.59,30.15,0.04,0.03,0.03,BODY
CF386928295D691D,-2.78,-5.28,29.85,0.42,0.13,0.32,BODY
8D98B6028F20D980,-1.45,-5.40,30.00,0.21,0.05,0.10,BODY
6E17FEFDBD0BC8ED,1.02,-5.25,30.15,0.07,0.08,0.08,BODY
F5CD7580ADB65093,-3.32,-5.54,30.00,0.44,0.10,0.33,BODY
D0CAE36B41E7D8AD,-2.10,-5.45,30.15,0.16,0.06,0.08,BODY
13D0EFA58235805D,-0.41,-5.13,29.85,0.40,0.24,0.32,BODY
05FA2C098C30C678,-3.94,-5.10,30.00,0.77,0.62,0.70,BODY
BCD94BB0F1CE1F37,-2.80,-5.57,30.15,0.31,0.08,0.24,BODY
A0C0852677EC2AE9,-1.59,-5.35,30.00,0.18,0.05,0.10,BODY
654CCF989D50C313,0.45,-5.55,30.15,0.25,0.29,0.43,BODY
0E1F890D9C59B4D9,-3.92,-5.54,29.85,0.34,0.08,0.26,BODY
902B671B1E7C04E6,-2.46,-5.37,30.00,0.14,0.02,0.09,BODY
DAB2E73F73A41CFE,-1.33,-5.44,29.85,0.16,0.05,0.11,BODY
7E6774D24E2B8456,0.03,-5.18,30.00,0.15,0.21,0.49,BODY
3FA4E5D4BBA9957F,1.65,-5.28,30.15,0.15,0.17,0.38,BODY
118056D387C23FF1,-3.05,-5.24,29.85,0.44,0.09,0.33,BODY
64B6C787DA9E178D,-1.79,-5.33,30.00,0.14,0.05,0.09,BODY
2464EBDEF12F85A3,-0.46,-5.32,29.85,0.24,0.27,0.56,BODY
8B4D89A237DD934B,1.28,-5.30,30.00,0.19,0.21,0.56,BODY
BD8171B8EDB22BA4,-4.26,-5.48,30.15,0.35,0.11,0.26,BODY
25B4445F34770E17,-2.90,-5.46,29.85,0.51,0.15,0.40,BODY
7619250FB2FCE5A3,-1.06,-5.17,30.00,0.17,0.16,0.38,BODY
CA0A1576C27505B0,0.27,-5.16,29.85,0.18,0.27,0.59,BODY
74979D5C5F54E7B0,1.70,-5.21,30.00,0.17,0.24,0.60,BODY
36E3621661B2A3FE,-4.02,-5.05,30.15,0.35,0.06,0.26,BODY
FBCF427CBF62EA9D,-2.70,-5.31,29.85,0.52,0.16,0.40,BODY
836261058A94F9B0,-1.34,-5.45,30.15,0.21,0.28,0.58,BODY
CC18AF6DDDB710CB,0.14,-5.32,29.85,0.18,0.24,0.57,BODY
B796AC3D7A8458BB,1.70,-5.05,30.00,0.16,0.25,0.62,BODY
42A173AA38081ABB,2.87,-5.22,30.15,0.20,0.25,0.47,BODY
67D62D25F47B82A9,-2.84,-4.98,29.85,0.48,0.11,0.37,BODY
2108128A742B20C4,-1.74,-5.37,30.15,0.18,0.24,0.55,BODY
B68DF4A6099AE8B4,0.02,-5.24,29.85,0.15,0.21,0.51,BODY
B887466686A19D89,1.02,-5.12,30.00,0.16,0.22,0.57,BODY
E39C09D016F84AA9,2.58,-5.18,30.15,0.18,0.27,0.60,BODY
C31BB280D92113B5,-3.45,-4.92,30.00,0.31,0.04,0.25,BODY
2969088AD592FDDC,-2.33,-4.92,30.15,0.08,0.07,0.22,BODY
036645C9569A6E48,-0.78,-5.09,29.85,0.18,0.28,0.59,BODY
28127162150F49A9,0.54,-5.11,30.00,0.18,0.22,0.58,BODY
A104C53C5C8CCE62,2.11,-5.25,30.15,0.20,0.27,0.61,BODY
9154826F6AABF544,-4.39,-5.09,30.00,0.75,0.59,0.69,BODY
1377AFB44ACAE681,-2.72,-5.10,30.15,0.49,0.11,0.38,BODY
5240E9671175774C,-1.55,-5.38,29.85,0.18,0.28,0.62,BODY
BD1ABFC31429999D,-0.07,-5.05,30.00,0.14,0.20,0.50,BODY
4AFF9C4D51407A0A,1.45,-4.90,30.15,0.17,0.24,0.60,BODY
D37E1C9CF44857BB,2.63,-5.34,30.00,0.14,0.21,0.52,BODY
EB83DACBA09C10A7,-3.44,-5.22,30.15,0.39,0.11,0.32,BODY
A1DD3539B8C814E1,-2.25,-4.86,29.85,0.07,0.08,0.25,BODY
A3ADF063FFE82837,-0.84,-5.11,30.00,0.15,0.21,0.53,BODY
15A14860768F639A,0.50,-4.95,29.85,0.18,0.23,0.58,BODY
63D23D6C947085D0,1.89,-5.08,30.00,0.13,0.20,0.50,BODY
7C9E41A6E316D3AF,3.62,-5.07,30.15,0.18,0.24,0.51,BODY
904A969E3CE5374A,-3.02,-4.94,29.85,0.35,0.05,0.27,BODY
6E54B85B6725D107,-1.32,-5.09,30.00,0.15,0.22,0.58,BODY
127428B6C80E6BD4,-0.31,-4.91,29.85,0.16,0.21,0.52,BODY
C1708F7D188CD5B2,1.15,-5.29,30.00,0.16,0.22,0.57,BODY
98C89BFCE6F12A27,2.73,-5.02,30.15,0.11,0.24,0.55,BODY
6FFFC96E5DC96817,-3.72,-5.15,29.85,0.41,0.09,0.31,BODY
2FE60673BA966638,-2.32,-4.87,30.15,0.55,0.11,0.40,BODY
C7F95AF3DDADBAF4,-1.33,-4.96,29.85,0.18,0.28,0.61,BODY
2D9143EE3C40AEF6,0.12,-5.28,30.00,0.17,0.18,0.48,BODY
B61A62663CF2BD97,1.68,-5.28,30.15,0.16,0.24,0.56,BODY
89A7BD6AFD208393,2.97,-5.08,29.85,0.15,0.23,0.55,BODY
B1CE7886E50749C9,-3.89,-4.91,30.15,0.41,0.09,0.32,BODY
BEECC220BD3A1080,-2.52,-5.17,29.85,0.56,0.13,0.43,BODY
325B966F0A349793,-0.98,-5.06,30.00,0.20,0.29,0.62,BODY
DE5AC343C85109FB,0.47,-5.15,30.15,0.16,0.18,0.47,BODY
55C8A21260E0B509,1.54,-5.21,30.00,0.13,0.20,0.49,BODY
993DFE8ACF52768B,3.07,-5.23,30.15,0.15,0.23,0.55,BODY
D7969BFE4DB591B9,-3.83,-4.95,29.85,0.43,0.10,0.33,BODY
084D2C4A6833CF80,-2.35,-4.87,30.00,0.53,0.11,0.39,BODY
D989BE9527C79E5A,-1.12,-4.88,30.15,0.20,0.29,0.61,BODY
3D45A4194E0B1319,0.10,-4.80,30.00,0.14,0.18,0.47,BODY
3CBE29195E6D462D,1.47,-5.02,30.15,0.14,0.20,0.50,BODY
9B8216FD24B5FB91,3.17,-4.98,29.85,0.13,0.23,0.55,BODY
19D5A0FB86305653,-4.19,-5.16,30.00,0.42,0.11,0.33,BODY
E146157DF75C2ACF,-2.41,-4.75,30.15,0.47,0.12,0.35,BODY
C02C0AECACCEAF67,-1.32,-5.12,30.00,0.20,0.29,0.62,BODY
67B1C3B08E273E27,0.10,-5.02,30.15,0.12,0.20,0.49,BODY
F1E60C6AC009B418,1.75,-4.89,29.85,0.13,0.19,0.49,BODY
B519E527F20CCAAA,2.88,-4.84,30.00,0.15,0.22,0.54,BODY
1B6BD5D6B4126B52,4.19,-4.94,29.85,0.38,0.42,0.61,BODY
71345A92241447D5,-2.89,-4.72,30.00,0.36,0.05,0.26,BODY
A2C98BEFF264141C,-1.61,-5.03,30.15,0.16,0.24,0.59,BODY
9EFAE14FA29EF1FD,-0.04,-5.08,29.85,0.15,0.28,0.56,BODY
1AF16FC0566E67EA,1.42,-4.82,30.00,0.15,0.21,0.53,BODY
EBD1BB89E298409B,2.80,-4.68,29.85,0.11,0.26,0.56,BODY
83A57D767A7A7DE4,4.29,-4.77,30.00,0.17,0.23,0.59,BODY
066A5743332B30CE,-3.32,-4.71,30.15,0.44,0.10,0.35,BODY
16F1183631631CF0,-1.53,-5.00,29.85,0.16,0.15,0.47,BODY
F400140C915F22A0,-0.18,-4.66,30.15,0.10,0.23,0.51,BODY
6BF2B17C0E4203C3,1.14,-4.81,29.85,0.18,0.23,0.59,BODY
0FBD2DC28E28E47C,2.51,-4.66,30.00,0.18,0.34,0.62,BODY
2DB575C260BE62F3,3.69,-4.85,30.15,0.13,0.17,0.42,BODY
1CA057E36B1BC3AC,-3.53,-4.64,29.85,0.45,0.11,0.36,BODY
FC4187216ABEAC0D,-2.34,-4.94,30.15,0.53,0.14,0.40,BODY
218CC208B70F9DE3,-0.95,-4.80,29.85,0.14,0.20,0.51,BODY
9C725F422A10BBA7,0.86,-5.06,30.00,0.15,0.18,0.47,BODY
B4FA8007867BC23E,1.83,-4.82,30.15,0.15,0.22,0.52,BODY
8ACD361214F9F6B8,3.59,-4.84,29.85,0.07,0.10,0.30,BODY
8EE57B0E09C7957C,-3.87,-5.01,30.15,0.42,0.10,0.33,BODY
1F2A7E450D55D195,-2.56,-4.99,29.85,0.36,0.07,0.28,BODY
F51E105D82CA6BAF,-1.00,-5.02,30.00,0.14,0.20,0.50,BODY
6C45B85FE80EF311,0.15,-4.61,30.15,0.13,0.20,0.49,BODY
8FC44802D5C0B6AC,1.44,-4.99,30.00,0.15,0.19,0.47,BODY
DA7EF52FAD2BB207,3.15,-4.61,30.15,0.11,0.24,0.54,BODY
EDCD2C4974DF21DC,4.44,-4.70,29.85,0.22,0.30,0.67,BODY
FF0C7103D5C4A8BC,-2.85,-4.81,30.00,0.50,0.13,0.38,BODY
E0A4E0AD5A9C2970,-1.71,-4.65,30.15,0.15,0.22,0.56,BODY
2CDAA1AA167B7695,-0.24,-4.74,30.00,0.11,0.29,0.55,BODY
03D8DAE577A3A0A2,1.08,-4.90,30.15,0.15,0.19,0.49,BODY
0E62E891904A90F8,2.68,-4.75,29.85,0.12,0.28,0.56,BODY
BE87343576BFC114,3.87,-4.56,30.00,0.17,0.22,0.54,BODY
E095FC1710A75299,-3.17,-4.88,29.85,0.53,0.13,0.41,BODY
66F8461EABA183A7,-1.71,-4.58,30.00,0.49,0.15,0.43,BODY
140DEA1653FADDC6,-0.29,-5.00,30.15,0.10,0.24,0.52,BODY
AC67DE00ADCACD1C,0.93,-4.93,29.85,0.13,0.17,0.48,BODY
6A1B3CF6F0350AE9,2.25,-4.73,30.00,0.10,0.24,0.52,BODY
4E19330FB0CCC939,3.61,-4.90,29.85,0.15,0.18,0.41,BODY
FD7841ACA78CABDB,-3.49,-4.66,30.00,0.45,0.11,0.35,BODY
D1AD21E1827DE459,-2.16,-4.54,30.15,0.35,0.07,0.26,BODY
091144C3F2D233EB,-1.00,-4.98,29.85,0.16,0.20,0.51,BODY
96838E09BAEC01A8,0.69,-4.72,30.00,0.15,0.18,0.47,BODY
73EF9F1231DA34BA,2.05,-4.59,29.85,0.14,0.21,0.51,BODY
7648FBD3192857A7,3.31,-4.81,30.00,0.11,0.13,0.37,BODY
37D08723DBCD96FB,-3.69,-4.91,30.15,0.42,0.09,0.33,BODY
AE6FCDBE4F495326,-2.76,-4.80,29.85,0.32,0.07,0.26,BODY
B9F6981FCC987AB9,-0.97,-4.78,30.15,0.14,0.20,0.51,BODY
DBE7BBADAEF05A49,0.22,-4.46,29.85,0.12,0.20,0.49,BODY
3AE252A51330095F,1.63,-4.66,30.00,0.15,0.20,0.48,BODY
2CE33F28857FCD2D,3.00,-4.53,30.15,0.13,0.22,0.55,BODY
D7DE9FDAE56CA666,4.24,-4.56,29.85,0.21,0.33,0.63,BODY
8FD82F3DFC1EC04A,-2.72,-4.80,30.15,0.49,0.09,0.38,BODY
DD15A584BE7ABB29,-1.37,-4.81,29.85,0.17,0.24,0.58,BODY
BFB616FDA9240E69,-0.01,-4.62,30.00,0.11,0.23,0.51,BODY
DEB2B164C5F3DE5C,1.58,-4.89,30.15,0.15,0.19,0.47,BODY
BB3D887EA6D0D046,2.72,-4.44,30.00,0.13,0.28,0.56,BODY
92193E21D498B58A,4.22,-4.46,30.15,0.19,0.28,0.61,BODY
8A37992C649FB015,-3.15,-4.87,29.85,0.58,0.14,0.44,BODY
E486ED15BF5C8001,-1.72,-4.82,30.00,0.44,0.18,0.40,BODY
0A358B934C37D395,-0.52,-4.64,30.15,0.13,0.23,0.52,BODY
39C26295A9A7E02D,0.98,-4.61,30.00,0.16,0.19,0.50,BODY
78547DEF94D2B8CE,2.38,-4.67,30.15,0.10,0.25,0.53,BODY
D4F6B89F1D09BFD4,3.69,-4.79,29.85,0.12,0.14,0.38,BODY
DE67167FE2BD5C6F,-3.37,-4.51,30.00,0.51,0.13,0.41,BODY
906AED7D797D7628,-2.10,-4.59,29.85,0.29,0.05,0.20,BODY
56A4AE700059F4FC,-0.62,-4.49,30.00,0.13,0.25,0.54,BODY
3991730D4ADDAEEA,0.99,-4.75,30.15,0.14,0.19,0.47,BODY
67C4B0FF253A998D,2.19,-4.55,29.85,0.13,0.27,0.55,BODY
7F2465F7DEB6F866,3.63,-4.42,30.00,0.12,0.15,0.40,BODY
59CAE91D4C689656,-3.82,-4.52,29.85,0.47,0.12,0.37,BODY
D443679F66F06E6A,-2.10,-4.65,30.00,0.18,0.05,0.15,BODY
F0DB84387CB939D4,-0.83,-4.61,30.15,0.15,0.21,0.51,BODY
6AC7D696E04642AC,0.78,-4.82,29.85,0.15,0.19,0.47,BODY
15E1D941E282EFF6,1.94,-4.51,30.00,0.14,0.21,0.51,BODY
9009AEEF6D48444C,3.58,-4.43,29.85,0.09,0.11,0.33,BODY
CF941B04A6764B10,-3.76,-4.72,30.00,0.44,0.10,0.34,BODY
7925297FEE325349,-2.53,-4.79,30.15,0.27,0.04,0.20,BODY
87A921436329591E,-1.07,-4.42,29.85,0.15,0.21,0.51,BODY
4C3C3E455C6605A0,0.29,-4.79,30.15,0.14,0.20,0.49,BODY
5469775206CFE7EF,1.81,-4.46,29.85,0.15,0.20,0.49,BODY
8068254EB6910900,3.22,-4.60,30.00,0.16,0.22,0.53,BODY
F942FAC19F430187,-3.88,-4.43,30.15,0.43,0.15,0.35,BODY
7B65BD9B28FF0859,-2.59,-4.74,29.85,0.33,0.03,0.24,BODY
8FD8D5B52E44A59A,-1.16,-4.39,30.15,0.17,0.19,0.50,BODY
1D8BB9857DC67971,-0.06,-4.55,29.85,0.14,0.20,0.50,BODY
D0E7DB5BDA9DDCFB,1.68,-4.33,30.00,0.15,0.19,0.48,BODY
89105A659CB69371,3.05,-4.72,30.15,0.11,0.24,0.56,BODY
C58C3680A1CA9968,4.43,-4.65,30.00,0.26,0.34,0.62,BODY
3038D62DD86C0542,-2.85,-4.40,30.15,0.51,0.14,0.40,BODY
8E4A8B2296BF0EC8,-1.30,-4.62,29.85,0.13,0.19,0.49,BODY
DC1D3792EEC63CD4,0.00,-4.65,30.00,0.15,0.20,0.51,BODY
45A62FDA5904E181,1.47,-4.69,30.15,0.15,0.19,0.47,BODY
889BB19891D0B4AE,2.80,-4.49,30.00,0.14,0.22,0.55,BODY
6152FB12D9511512,4.37,-4.71,30.15,0.20,0.27,0.60,BODY
298D1C7974FFA355,-2.75,-4.48,29.85,0.59,0.14,0.44,BODY
979B9DEF646D6C45,-1.73,-4.55,30.00,0.29,0.15,0.41,BODY
1FD1CE8D2C32EFC0,-0.01,-4.67,30.15,0.17,0.24,0.54,BODY
F60403F74BB12B42,1.46,-4.26,30.00,0.12,0.18,0.45,BODY
52ECE4DCFD8DC69C,2.63,-4.26,30.15,0.16,0.27,0.58,BODY
72296FF338623C37,4.17,-4.68,29.85,0.14,0.21,0.53,BODY
7BC5F67FEAC32B79,-2.98,-4.68,30.00,0.58,0.15,0.45,BODY
D0F9ECBF6C8AC41D,-1.66,-4.24,29.85,0.25,0.06,0.24,BODY
1F64C788BB5575B0,-0.43,-4.46,30.00,0.18,0.26,0.56,BODY
F7B9B5DFC53BF523,1.30,-4.51,30.15,0.17,0.24,0.53,BODY
BC6CA9A4CCD8A35A,2.58,-4.47,29.85,0.21,0.35,0.65,BODY
FE9B40C29479FE51,3.89,-4.52,30.00,0.13,0.21,0.48,BODY
D0826C549D7CFE12,-2.95,-4.29,29.85,0.57,0.15,0.45,BODY
2A313F6E65A93382,-1.84,-4.37,30.00,0.23,0.04,0.18,BODY
7F9BB9ED91F6063A,-0.26,-4.31,30.15,0.15,0.21,0.52,BODY
36BF6EA6CBD1F97A,1.16,-4.63,29.85,0.15,0.21,0.49,BODY
8AD350C186046E36,2.30,-4.31,30.15,0.13,0.23,0.53,BODY
785BF28BF4F43693,3.65,-4.63,29.85,0.14,0.19,0.45,BODY
A74FF013BE0BBB95,-3.01,-4.25,30.00,0.57,0.15,0.45,BODY
D06E4BEB84833E72,-1.93,-4.56,30.15,0.18,0.04,0.16,BODY
C0D4458E38F4A50D,-0.18,-4.48,29.85,0.15,0.20,0.51,BODY
9653C00FF3BE7172,0.86,-4.18,30.15,0.12,0.18,0.45,BODY
BE879ABD0C143E00,2.28,-4.58,29.85,0.14,0.22,0.53,BODY
81D3292E17B30F38,3.53,-4.33,30.00,0.11,0.15,0.40,BODY
4278736C00135434,-3.17,-4.54,30.15,0.58,0.15,0.44,BODY
1897DAB416D3159A,-1.69,-4.51,30.00,0.17,0.04,0.16,BODY
71E5197B86C94A5F,-0.69,-4.34,30.15,0.15,0.21,0.51,BODY
6012D5B6D1425455,0.94,-4.48,29.85,0.11,0.17,0.44,BODY
8F9F4F1BEA869CB8,2.41,-4.14,30.00,0.15,0.21,0.52,BODY
423A92FD4993520E,3.63,-4.12,30.15,0.14,0.16,0.42,BODY
D5B376CA60217B9D,-3.24,-4.15,30.00,0.57,0.15,0.44,BODY
E2E8466E736DC341,-1.88,-4.28,30.15,0.19,0.03,0.15,BODY
6FEA74BB4BD7D6DF,-0.63,-4.36,29.85,0.15,0.21,0.51,BODY
A59D02FC0677E845,0.75,-4.32,30.00,0.12,0.19,0.46,BODY
EBFBFF19A63E746A,2.15,-4.41,30.15,0.15,0.21,0.52,BODY
3CB9B82472D400BE,3.62,-4.28,30.00,0.13,0.15,0.41,BODY
AFB6F6705E4E40E0,-3.24,-4.53,30.15,0.56,0.15,0.43,BODY
687114A078AB79A3,-1.76,-4.30,29.85,0.22,0.05,0.18,BODY
8C6BFA8E36921ADC,-0.32,-4.52,30.00,0.15,0.21,0.51,BODY
B893E81FB182B144,0.95,-4.23,29.85,0.15,0.25,0.52,BODY
41DCFC89470DABC8,2.47,-4.05,30.00,0.15,0.21,0.52,BODY
619E20CBAC0C5F07,3.61,-4.18,30.15,0.11,0.15,0.40,BODY
67A8C921963D27F8,-3.16,-4.49,29.85,0.57,0.15,0.44,BODY
60814317FE90A82B,-1.87,-4.27,30.00,0.26,0.05,0.19,BODY
202C5A1B02267417,-0.51,-4.44,29.85,0.15,0.21,0.51,BODY
9591A712AAF51162,0.73,-4.39,30.00,0.15,0.26,0.53,BODY
7005F9FB7B6B0E92,2.22,-4.30,30.15,0.15,0.22,0.53,BODY
E6E502F467417C58,3.83,-4.44,29.85,0.13,0.17,0.45,BODY
A6057C7D88A1057D,-3.04,-4.34,30.15,0.58,0.15,0.45,BODY
6BBB6AEE70C122CD,-1.62,-4.33,29.85,0.35,0.07,0.21,BODY
A0E776F2496CF7FD,-0.29,-4.43,30.00,0.15,0.21,0.51,BODY
09F9A91067F266FC,1.02,-4.22,30.15,0.11,0.22,0.49,BODY
9171CB8C930F1065,2.30,-4.03,29.85,0.15,0.22,0.53,BODY
35A864930AFBACF7,3.99,-4.18,30.15,0.15,0.17,0.48,BODY
17425FAF9A11B057,-2.91,-4.15,29.85,0.58,0.15,0.45,BODY
51835CAA2C86FCF0,-1.61,-4.31,30.00,0.37,0.06,0.18,BODY
F7609DD3568FCCE0,-0.12,-4.03,30.15,0.15,0.21,0.51,BODY
A467140B5B4F34B1,0.92,-4.27,29.85,0.12,0.23,0.50,BODY
CCDE395A4CD956A5,2.59,-4.35,30.15,0.15,0.22,0.53,BODY
130DC1875A980267,4.09,-4.26,29.85,0.16,0.20,0.47,BODY
75757B769DF55951,-2.91,-4.09,30.00,0.55,0.16,0.44,BODY
C0409479CBA4B22A,-1.85,-4.23,30.15,0.25,0.04,0.10,BODY
7C956AA285F96E3B,-0.02,-4.26,30.00,0.15,0.21,0.52,BODY
D26C3FDEBDCAF42B,1.28,-4.07,30.15,0.13,0.22,0.50,BODY
F497F50FF9B84E78,2.51,-4.01,29.85,0.14,0.22,0.54,BODY
640741FCC392A8F8,3.79,-4.29,30.00,0.13,0.22,0.52,BODY
2CEA83B55FD974EC,-2.85,-4.11,30.15,0.33,0.03,0.25,BODY
4A2975D9BEF3D1B0,-1.64,-3.98,30.00,0.18,0.13,0.28,BODY
CE8C1B8FC4EC32D6,-0.15,-4.06,30.15,0.15,0.21,0.52,BODY
CFD39FE9537D8104,1.27,-4.11,29.85,0.11,0.21,0.49,BODY
04406B678931088F,2.48,-4.06,30.00,0.15,0.22,0.53,BODY
D05A526C2077FD1B,4.04,-4.04,29.85,0.15,0.27,0.55,BODY
A5F53FFBE0F9A387,-2.93,-3.98,30.00,0.28,0.04,0.21,BODY
7F3C7D8B61B45651,-1.27,-4.16,30.15,0.12,0.21,0.45,BODY
A7B33D0B61B61D34,-0.19,-4.26,29.85,0.15,0.21,0.51,BODY
C3D9EDEE567DF40E,1.35,-4.22,30.00,0.11,0.20,0.48,BODY
8438924B66B3E61B,2.69,-4.26,29.85,0.15,0.22,0.56,BODY
4B353C5F2793DB5B,-4.00,-3.83,30.00,0.42,0.15,0.31,BODY
BB12AE47080571D9,-2.45,-4.27,30.15,0.27,0.04,0.21,BODY
855BE10DF276315D,-1.15,-4.15,29.85,0.15,0.23,0.53,BODY
A1DF919DAA044453,0.19,-4.31,30.00,0.15,0.20,0.51,BODY
32440941892EE1CE,1.37,-3.96,29.85,0.13,0.20,0.49,BODY
7B589DF07B9BCF93,2.86,-3.97,30.00,0.15,0.21,0.48,BODY
33E522A5095E3237,-3.62,-3.83,30.15,0.47,0.11,0.36,BODY
210325F8DE027DD1,-2.34,-4.06,29.85,0.26,0.04,0.20,BODY
43C419F81D4C8C86,-0.91,-3.91,30.15,0.15,0.23,0.52,BODY
C5EE875715D231D2,0.42,-3.81,29.85,0.15,0.20,0.50,BODY
86A7DCB79048FA9E,1.54,-4.08,30.00,0.15,0.20,0.50,BODY
91506E1A08A549C0,3.35,-4.06,30.15,0.07,0.10,0.33,BODY
F0F7B5DDA12AC059,-3.69,-3.97,29.85,0.49,0.14,0.39,BODY
BAF9B9D19CDF8EEE,-2.26,-3.94,30.15,0.29,0.05,0.20,BODY
109D4224969F6572,-0.62,-3.93,29.85,0.15,0.22,0.54,BODY
F8BD9B8A004F6D64,0.55,-4.01,30.00,0.15,0.19,0.47,BODY
09D0A25EC0910505,1.86,-4.17,30.15,0.16,0.20,0.51,BODY
58F8E8AC71105BE7,3.22,-4.03,30.00,0.14,0.16,0.42,BODY
844B8D9464525BBC,-3.45,-4.23,30.15,0.56,0.14,0.42,BODY
142645BDB96A2C4A,-2.06,-3.79,29.85,0.35,0.02,0.14,BODY
CAE612869A61DEC4,-0.59,-4.06,30.00,0.14,0.20,0.53,BODY
59D7DF8809928CB5,0.52,-3.89,30.15,0.14,0.20,0.49,BODY
7EE15AAA24030E1F,1.96,-4.19,30.00,0.16,0.20,0.53,BODY
9BEE1346D0E9CC0D,3.77,-3.77,30.15,0.12,0.17,0.43,BODY
F235D1A017D42BB2,-2.95,-4.15,29.85,0.58,0.15,0.44,BODY
DA370BA6517C53AC,-1.75,-4.18,30.00,0.34,0.03,0.13,BODY
E0F0ACD7F8119CCF,-0.34,-3.77,29.85,0.15,0.21,0.52,BODY
6641173C57DF70CF,0.97,-4.16,30.00,0.11,0.23,0.49,BODY
93B93CDA4EE734A2,2.36,-3.87,30.15,0.15,0.21,0.53,BODY
4F0A4B1674547B00,3.83,-4.15,29.85,0.14,0.23,0.53,BODY
FA51D9FC3428056B,-2.94,-4.14,30.00,0.27,0.03,0.20,BODY
0AD06D3AC0F67CD2,-1.42,-3.98,29.85,0.16,0.08,0.25,BODY
E6F3EBCAC1818993,0.01,-3.92,30.00,0.15,0.20,0.52,BODY
072F4C5C68EEC5E1,1.31,-4.12,30.15,0.13,0.20,0.48,BODY
2449030339E3AC9B,2.67,-4.08,29.85,0.15,0.21,0.54,BODY
CCE9D19434E7D38E,4.03,-4.00,30.00,0.19,0.33,0.58,BODY
6D38C9E55112E993,-2.62,-3.82,29.85,0.24,0.04,0.18,BODY
EEB98E44BA179045,-1.08,-4.06,30.00,0.12,0.24,0.51,BODY
C112D8CC53375112,0.15,-3.98,30.15,0.15,0.22,0.53,BODY
33A51BF0794E548C,1.45,-4.07,29.85,0.16,0.18,0.49,BODY
29E982B0E60B501B,2.71,-3.85,30.15,0.15,0.19,0.47,BODY
D6F715B07CDA128A,-3.99,-3.67,29.85,0.49,0.11,0.37,BODY
3F6A204A840ECE03,-2.28,-3.81,30.00,0.27,0.04,0.13,BODY
AA83982A6C09623C,-0.96,-3.64,30.15,0.16,0.21,0.53,BODY
48D101461F68DEC7,0.57,-4.05,29.85,0.14,0.20,0.50,BODY
1E379D9DF10181A3,1.64,-4.07,30.15,0.14,0.21,0.51,BODY
472F99F86C5827A4,3.27,-3.88,29.85,0.13,0.16,0.42,BODY
F09CD3A4FFAB5C63,-3.24,-4.05,30.00,0.55,0.14,0.43,BODY
7D2A2F80C051AB54,-2.15,-3.77,30.15,0.32,0.03,0.13,BODY
E1A79F9EA57D3CBB,-0.71,-3.95,30.00,0.15,0.22,0.54,BODY
C379959571FF7149,0.60,-3.62,30.15,0.15,0.20,0.49,BODY
E4E74F9B19DE769B,2.27,-3.66,29.85,0.15,0.21,0.54,BODY
F0CE7A98BD14864B,3.52,-3.62,30.00,0.14,0.18,0.45,BODY
8B983E9DB59FB60C,-2.93,-3.65,30.15,0.46,0.10,0.35,BODY
47F002D4DAA40E2C,-1.60,-3.63,30.00,0.28,0.05,0.12,BODY
E59155EA05AF8ED5,-0.46,-3.60,30.15,0.15,0.21,0.53,BODY
FAFF336EEB9C5103,1.08,-3.72,29.85,0.09,0.21,0.47,BODY
D163C25F4A6BFEAA,2.35,-3.99,30.00,0.16,0.22,0.55,BODY
E78D72884A6E7C9E,3.84,-4.01,30.15,0.16,0.31,0.61,BODY
0C3C3A7570748748,-2.83,-3.78,30.00,0.25,0.04,0.16,BODY
603FB86B31B8F6DF,-1.46,-4.00,30.15,0.13,0.20,0.48,BODY
FC885D873753B864,-0.10,-3.81,29.85,0.15,0.21,0.53,BODY
9C423B4F0A6CA711,1.49,-3.81,30.00,0.13,0.21,0.48,BODY
B7B95007CCFFCB6B,2.59,-3.86,29.85,0.16,0.23,0.53,BODY
362887AFB525BABC,-3.81,-3.51,30.00,0.49,0.13,0.38,BODY
CBC8E2D516976148,-2.44,-3.85,30.15,0.27,0.05,0.11,BODY
46D4E11A936FA9E4,-1.07,-3.54,29.85,0.12,0.23,0.52,BODY
9C666C2164AEF5E8,0.36,-3.67,30.00,0.15,0.21,0.51,BODY
51BB9FE381963E63,2.02,-3.93,29.85,0.14,0.21,0.51,BODY
F3DA08FCE023AD7D,3.39,-3.52,30.00,0.13,0.16,0.42,BODY
AB91A2DB1415B1DB,-3.27,-3.85,30.15,0.58,0.13,0.44,BODY
EFC149E0DE537C8D,-2.07,-3.91,29.85,0.37,0.02,0.14,BODY
3F819850F9D36E73,-0.59,-3.72,30.15,0.15,0.22,0.54,BODY
6D63019242E84F23,0.82,-3.63,29.85,0.13,0.20,0.47,BODY
64459E0F4775343B,1.98,-3.62,30.00,0.15,0.22,0.54,BODY
18FD60925E9AFBD4,3.43,-3.85,30.15,0.15,0.22,0.51,BODY
EC614727CBE8DC21,-2.70,-3.61,29.85,0.25,0.05,0.16,BODY
39225E54369A47CC,-1.39,-3.60,30.15,0.14,0.06,0.20,BODY
F4637270A8402FF1,-0.37,-3.88,29.85,0.14,0.20,0.53,BODY
62BFD317EF060AB1,1.22,-3.67,30.00,0.13,0.20,0.48,BODY
C37295C9841D81F6,2.75,-3.44,30.15,0.15,0.23,0.56,BODY
B17012EA72C49972,-3.90,-3.88,29.85,0.44,0.12,0.36,BODY
9CB70377F4A89B3B,-2.61,-3.84,30.15,0.26,0.05,0.10,BODY
AF044624C9C02C78,-0.97,-3.75,29.85,0.13,0.25,0.54,BODY
5AC659E2EB7FC482,0.23,-3.87,30.00,0.16,0.22,0.53,BODY
1A3AC5FFFCF8D132,1.79,-3.83,30.15,0.15,0.21,0.51,BODY
C7252C935625CD37,3.15,-3.86,30.00,0.15,0.18,0.44,BODY
304143C5A766CB6F,-3.20,-3.52,30.15,0.53,0.15,0.42,BODY
7C38BF3A5B493488,-1.86,-3.49,29.85,0.36,0.02,0.14,BODY
915987F338A375CD,-0.60,-3.42,30.00,0.15,0.22,0.54,BODY
6B9AE3B6BD849C8B,0.89,-3.42,30.15,0.13,0.22,0.49,BODY
C4757D87CF565D0D,2.04,-3.79,30.00,0.16,0.22,0.55,BODY
A1A2BD4CD8E8F948,3.78,-3.44,30.15,0.14,0.22,0.51,BODY
59EEE854EA4BD44E,-3.14,-3.72,29.85,0.33,0.03,0.14,BODY
1F00FB289A9C2B0B,-1.78,-3.63,30.00,0.11,0.09,0.26,BODY
0025613F0621C763,-0.25,-3.74,29.85,0.15,0.22,0.54,BODY
AD244FEA8E6B7881,1.07,-3.53,30.00,0.12,0.20,0.48,BODY
BC061CD32BE407E1,2.61,-3.77,30.15,0.15,0.23,0.56,BODY
345CC4EAC79C79B1,-3.66,-3.66,29.85,0.43,0.10,0.33,BODY
2F653CE181C23B1D,-2.36,-3.43,30.00,0.28,0.05,0.11,BODY
6D709F15AEEE85FF,-0.85,-3.43,29.85,0.13,0.28,0.55,BODY
67E90D81EA821312,0.41,-3.69,30.00,0.14,0.22,0.51,BODY
A09D852CCB332315,1.85,-3.67,30.15,0.16,0.21,0.52,BODY
695BD3B24AC0F02C,3.03,-3.47,29.85,0.11,0.14,0.40,BODY
D3113A0AC2634147,-3.48,-3.40,30.15,0.25,0.05,0.18,BODY
00B6294362A0F10A,-1.84,-3.49,29.85,0.36,0.03,0.14,BODY
9697906CB1D7E224,-0.39,-3.34,30.00,0.17,0.22,0.55,BODY
A5F2D560B9843797,1.12,-3.51,30.15,0.12,0.28,0.53,BODY
D365801C603BD603,2.12,-3.71,29.85,0.15,0.22,0.56,BODY
AF8FBE9D8D4EA9A0,3.87,-3.54,30.15,0.15,0.28,0.59,BODY
9FFB67E046BDF019,-2.76,-3.69,29.85,0.27,0.05,0.11,BODY
CCA2225DCE387DFC,-1.54,-3.42,30.00,0.13,0.19,0.46,BODY
B2A193DF96F8D4E0,0.16,-3.33,30.15,0.15,0.22,0.53,BODY
872CF78FF8121872,1.50,-3.42,29.85,0.10,0.25,0.50,BODY
0F817650390ECB68,3.05,-3.42,30.15,0.05,0.09,0.34,BODY
0220993862E49EFD,-3.68,-3.52,29.85,0.34,0.05,0.27,BODY
BDD2F03A00DA2EC8,-1.95,-3.26,30.00,0.32,0.04,0.11,BODY
0A28A319499CA9EB,-1.00,-3.59,30.15,0.11,0.26,0.54,BODY
E281DEFA73AA5815,0.76,-3.24,30.00,0.14,0.21,0.50,BODY
8871E48A2D9224CC,2.09,-3.61,30.15,0.15,0.21,0.55,BODY
2216220151AAEF1C,3.41,-3.31,29.85,0.11,0.21,0.46,BODY
6F002E2AC91FEED7,-2.87,-3.61,30.00,0.35,0.04,0.15,BODY
1E1D17CE57D2237B,-1.72,-3.44,30.15,0.11,0.07,0.18,BODY
C1CC1D3E9935BB6E,0.05,-3.66,30.00,0.15,0.22,0.54,BODY
0136F3ADDBDA8CD8,1.40,-3.26,30.15,0.14,0.21,0.49,BODY
E1E38DD35E0F81B5,2.70,-3.67,29.85,0.15,0.22,0.55,BODY
120B5B274BD81BFF,-3.68,-3.32,30.00,0.38,0.08,0.30,BODY
3CABE39FC5503513,-2.48,-3.60,29.85,0.29,0.05,0.11,BODY
C1D80F00E7CF0950,-0.84,-3.31,30.00,0.12,0.23,0.51,BODY
FB2E9BD43FEF14DB,0.38,-3.45,30.15,0.15,0.21,0.51,BODY
B20127E6CDF4EFE0,1.82,-3.26,29.85,0.15,0.22,0.54,BODY
1D147A74387D7780,3.12,-3.32,30.00,0.13,0.18,0.45,BODY
4954E145CBE705B1,-2.93,-3.25,29.85,0.36,0.02,0.14,BODY
EED7F4FDF9087263,-1.90,-3.29,30.00,0.21,0.05,0.13,BODY
B6E7171F1940E885,-0.13,-3.64,30.15,0.16,0.22,0.55,BODY
BF6FCF961EEC88CA,1.11,-3.34,29.85,0.11,0.22,0.49,BODY
384A7382AD37B241,2.50,-3.20,30.00,0.15,0.23,0.57,BODY
F7E6D8258D05083E,-3.79,-3.45,29.85,0.43,0.10,0.33,BODY
E973F274562DBA7C,-2.66,-3.31,30.00,0.26,0.05,0.11,BODY
8D8C181158E1020A,-1.26,-3.43,30.15,0.15,0.20,0.49,BODY
E11099D04D8BBE0D,0.30,-3.18,29.85,0.16,0.20,0.53,BODY
8BD4271946CB8E17,1.92,-3.18,30.15,0.13,0.24,0.53,BODY
FA03B9CCA5A6B583,3.12,-3.45,29.85,0.13,0.16,0.43,BODY
4D17F8A8CF67309C,-3.05,-3.32,30.00,0.26,0.04,0.13,BODY
CE274E05A3B4D4DC,-2.02,-3.47,30.15,0.34,0.03,0.13,BODY
5E7C95F6A5AD40FA,-0.58,-3.41,29.85,0.15,0.23,0.55,BODY
FFF2CE4C8B972AD4,1.18,-3.15,30.15,0.16,0.18,0.48,BODY
53CC7EF40867653B,2.29,-3.26,29.85,0.14,0.22,0.56,BODY
2080CCDF321F6FC7,3.50,-3.45,30.00,0.09,0.07,0.21,BODY
B53D55F77E7B8D15,-2.62,-3.40,30.15,0.26,0.05,0.11,BODY
D50A3C07C09B5EAB,-1.35,-3.22,30.00,0.15,0.17,0.47,BODY
0DFC8B86FA16C3FA,-0.04,-3.47,30.15,0.15,0.22,0.54,BODY
8DF7DA93AF9C1D0C,1.53,-3.44,29.85,0.11,0.24,0.51,BODY
F581063273AA80B5,2.75,-3.39,30.00,0.14,0.17,0.42,BODY
384582ACC3181F67,-3.36,-3.44,30.15,0.32,0.04,0.25,BODY
EA8C25E0E80DEF0A,-2.24,-3.23,30.00,0.35,0.03,0.13,BODY
0E1EE8EDE23EE82C,-0.72,-3.49,30.15,0.11,0.26,0.56,BODY
7FEF518488552327,0.82,-3.16,29.85,0.11,0.22,0.51,BODY
696CCEFE270A78A1,1.97,-3.45,30.00,0.15,0.22,0.56,BODY
E0FF1317736D2CFC,3.43,-3.29,29.85,0.14,0.24,0.57,BODY
3105D8C006E29DEB,-2.96,-3.30,30.00,0.35,0.03,0.14,BODY
28F5A8A404BD2B84,-1.70,-3.44,30.15,0.07,0.08,0.19,BODY
8A834ED8218CB294,-0.41,-3.39,29.85,0.15,0.22,0.55,BODY
1FE861EEFE882957,1.25,-3.33,30.00,0.12,0.22,0.48,BODY
436D70FE61AE5E15,2.70,-3.22,29.85,0.15,0.24,0.55,BODY
F8A98487A7BBFF2C,-3.88,-3.27,30.00,0.47,0.17,0.38,BODY
3D6893BE73C7BA4D,-2.66,-3.10,30.15,0.25,0.05,0.10,BODY
3C6654B5BDB3ACC5,-1.14,-3.37,29.85,0.15,0.20,0.51,BODY
EE563CC4252565AC,0.23,-3.25,30.00,0.15,0.22,0.53,BODY
1087716E557E3E88,1.90,-3.26,29.85,0.11,0.27,0.55,BODY
3B8DAEC4D9FC6C69,2.87,-3.00,30.00,0.13,0.27,0.50,BODY
BBAC25FA5D4C0DD7,-3.36,-2.95,30.15,0.25,0.04,0.15,BODY
7A66197C46B29F36,-2.03,-3.19,29.85,0.39,0.03,0.15,BODY
E01FF11FB4995B14,-0.55,-3.39,30.15,0.15,0.24,0.56,BODY
BAE1189D5370587D,0.90,-3.20,29.85,0.16,0.19,0.50,BODY
DB1DB19A274CEF02,2.11,-3.41,30.00,0.15,0.23,0.57,BODY
6A420713FBAE6D33,3.53,-3.20,30.15,0.18,0.22,0.45,BODY
83A884D3C08407A3,-2.91,-3.05,29.85,0.33,0.03,0.13,BODY
C958D4EEA3AFAF98,-1.68,-2.95,30.15,0.05,0.09,0.24,BODY
EECCDC7645F2BBB9,-0.05,-3.34,29.85,0.15,0.22,0.55,BODY
2117829267B5E98F,1.50,-3.10,30.00,0.14,0.20,0.48,BODY
D32FED7C6D92B53C,2.67,-3.07,30.15,0.10,0.16,0.44,BODY
67E74F004942B04F,-3.89,-3.02,30.00,0.42,0.16,0.35,BODY
88244C3A36DD5D33,-2.37,-3.22,30.15,0.25,0.05,0.10,BODY
C745E11BFB97FACF,-1.27,-2.98,29.85,0.15,0.23,0.53,BODY
4A3AA4B1F155936D,0.55,-3.17,30.00,0.15,0.22,0.53,BODY
B09ADFBBAB8794DA,1.76,-3.10,30.15,0.17,0.21,0.53,BODY
65BE54D3947AFB67,3.14,-3.33,30.00,0.14,0.19,0.47,BODY
330CCBB554C81FB7,-3.57,-3.21,30.15,0.33,0.07,0.22,BODY
3736677D8C2417B0,-1.90,-2.84,29.85,0.36,0.02,0.13,BODY
F8C5323CD16F47B4,-0.67,-2.97,30.00,0.15,0.23,0.56,BODY
7996370E5168AE2C,0.51,-3.14,30.15,0.15,0.21,0.51,BODY
E5CB8F1A4D8EC7C5,2.07,-3.14,30.00,0.16,0.23,0.57,BODY
855C65B8CDC36F0F,3.35,-3.15,30.15,0.17,0.25,0.53,BODY
BAC88DB17ABD1554,-3.10,-3.15,29.85,0.31,0.04,0.12,BODY
CFE0DFC52CB0EAA6,-1.73,-3.13,30.00,0.19,0.06,0.11,BODY
D69B0A9D5248368E,-0.30,-2.88,29.85,0.15,0.22,0.56,BODY
4E314FB2E0DD046D,1.04,-3.03,30.00,0.14,0.20,0.48,BODY
B251796DA3A4BD06,2.27,-3.29,30.15,0.15,0.23,0.56,BODY
97674B46DF25A223,3.65,-3.02,29.85,0.20,0.05,0.09,BODY
3B92977CDFEB3B47,-2.51,-3.16,30.00,0.28,0.05,0.12,BODY
7841079868EBEC9A,-1.14,-2.78,29.85,0.13,0.15,0.40,BODY
4DE53A441CD32B07,0.14,-2.88,30.00,0.15,0.22,0.55,BODY
F4A66F7F280EA0FC,1.29,-3.12,30.15,0.15,0.20,0.51,BODY
92A4D3DD062F4BA5,2.75,-3.15,29.85,0.12,0.14,0.39,BODY
981684B3868E7C2B,-4.01,-2.90,30.15,0.42,0.11,0.34,BODY
5D51C7E3210FA8BC,-2.48,-3.02,29.85,0.27,0.05,0.11,BODY
73F34E4B27C9A86D,-1.14,-2.86,30.00,0.14,0.20,0.49,BODY
8C931CB113418624,0.45,-3.00,30.15,0.15,0.21,0.53,BODY
20C9403F331BD253,1.57,-2.85,29.85,0.15,0.22,0.54,BODY
C0229BCE1C76B13B,3.40,-3.20,30.15,0.17,0.20,0.53,BODY
634B212190AD1C90,-3.41,-2.95,29.85,0.29,0.07,0.18,BODY
E4443D53F9E9393A,-1.87,-2.92,30.00,0.37,0.02,0.14,BODY
479A5E3631F002DD,-0.62,-3.00,30.15,0.18,0.22,0.57,BODY
76176C575FCFFFB1,0.61,-2.74,29.85,0.16,0.20,0.49,BODY
8F85F082B5BD448C,2.33,-3.13,30.15,0.15,0.22,0.56,BODY
69641641FB6C83DB,3.75,-3.00,29.85,0.15,0.05,0.13,BODY
FD373149196EAD1A,-3.34,-2.91,30.00,0.30,0.04,0.12,BODY
F8EC2D18217DA8F4,-1.86,-2.91,30.15,0.15,0.06,0.13,BODY
8BAEE063AA00FBA5,-0.10,-2.94,30.00,0.16,0.23,0.56,BODY
53B7EC8BDD8B12D0,1.06,-3.17,30.15,0.12,0.23,0.50,BODY
69784A3259462A59,2.50,-3.00,29.85,0.15,0.22,0.55,BODY
99520BD5C49E3B66,3.78,-2.77,30.00,0.22,0.05,0.10,BODY
EADEB0434FFF4BEC,-2.88,-2.69,30.15,0.30,0.04,0.12,BODY
53E98457CF023277,-1.33,-2.81,30.00,0.09,0.12,0.33,BODY
4434A670D2D709F9,0.06,-2.92,30.15,0.16,0.23,0.56,BODY
695E56ACCED884A4,1.48,-2.80,29.85,0.13,0.22,0.51,BODY
3226AB5B2E7F22A6,2.76,-3.03,30.00,0.12,0.15,0.40,BODY
BF9D915D7C5A055D,-3.75,-3.07,29.85,0.40,0.15,0.33,BODY
750719D49F07327E,-2.43,-2.76,30.00,0.26,0.05,0.11,BODY
0F2D456677BF0A0F,-0.84,-2.96,30.15,0.15,0.22,0.49,BODY
DC883039D60E4821,0.11,-2.97,29.85,0.16,0.23,0.56,BODY
2D46C63C7BFBE927,1.93,-2.68,30.00,0.16,0.21,0.54,BODY
E8BDBB518ED999C9,3.15,-2.89,29.85,0.16,0.22,0.55,BODY
AABA361439BA1922,-3.62,-2.65,30.00,0.32,0.05,0.26,BODY
04AA8540D0506F17,-2.15,-2.60,30.15,0.33,0.03,0.13,BODY
4CB4E4FE2AD8F99E,-0.58,-2.95,29.85,0.08,0.24,0.53,BODY
7925A2AF53D609EF,0.37,-2.89,30.15,0.15,0.22,0.52,BODY
A56A1E1AF5DDB422,2.24,-2.71,29.85,0.15,0.23,0.57,BODY
DFF6C1680ADBB1B2,3.43,-2.88,30.00,0.20,0.24,0.44,BODY
8724896E84C5EEE1,-3.39,-2.92,30.15,0.21,0.05,0.11,BODY
B0FA63558FE89D03,-1.88,-3.04,29.85,0.34,0.02,0.13,BODY
B99C5D00F4A93CFD,-0.51,-2.86,30.15,0.16,0.22,0.56,BODY
3B9ED318F03E162A,1.07,-2.77,29.85,0.17,0.31,0.58,BODY
1E6DD38DCBB58D95,2.16,-2.64,30.00,0.15,0.22,0.58,BODY
EFD276AF35B11025,3.58,-2.60,30.15,0.19,0.05,0.11,BODY
AA3006F42930BF91,-3.17,-3.01,29.85,0.31,0.04,0.12,BODY
72EC7FB35FBCD697,-1.61,-2.89,30.15,0.07,0.05,0.14,BODY
E4B60D712C0F58A3,-0.43,-2.82,29.85,0.15,0.22,0.56,BODY
DFB3C4A103B5114C,1.32,-2.79,30.00,0.34,0.18,0.44,BODY
32A58D68D6275401,2.30,-2.69,30.15,0.14,0.20,0.51,BODY
B967C0D433615E80,3.87,-2.96,30.00,0.26,0.04,0.11,BODY
C67402EBB9502D17,-2.90,-2.79,30.15,0.32,0.04,0.12,BODY
6DAFCB73F964262A,-1.21,-2.55,29.85,0.08,0.08,0.25,BODY
C3B64DDEFE526DE3,0.15,-2.85,30.00,0.15,0.22,0.56,BODY
10AE3802E9E68C3D,1.58,-2.70,30.15,0.16,0.21,0.49,BODY
ED04A22714B57603,2.55,-2.65,30.00,0.11,0.14,0.39,BODY
E9754B6A45525374,4.02,-2.54,30.15,0.31,0.04,0.13,BODY
BE7059B9E5B0D71D,-2.57,-2.95,29.85,0.25,0.06,0.11,BODY
18F26E0933A7989A,-1.40,-2.79,30.00,0.21,0.16,0.44,BODY
7AB766C033053345,0.35,-2.51,29.85,0.16,0.23,0.56,BODY
E6F43F35E7D7F82B,1.63,-2.96,30.00,0.15,0.22,0.53,BODY
EEB1983CF37CE811,2.75,-2.48,30.15,0.13,0.25,0.56,BODY
8AF18BB4FADB9E4A,-3.94,-2.56,29.85,0.44,0.10,0.33,BODY
08CE86885B7BC224,-2.38,-2.88,30.00,0.29,0.05,0.11,BODY
4227F78F784B7891,-1.21,-2.63,29.85,0.26,0.19,0.47,BODY
0EAFF76B086EE32A,0.48,-2.68,30.00,0.13,0.20,0.52,BODY
C1D223F9B4F4487F,1.95,-2.73,30.15,0.16,0.22,0.56,BODY
BC8C34C9D088B22A,3.22,-2.53,29.85,0.27,0.18,0.50,BODY
8CFAA959AA723923,-3.74,-2.54,30.00,0.35,0.05,0.27,BODY
4CC51E03C649846F,-2.26,-2.50,29.85,0.36,0.02,0.13,BODY
32FC53C00BA8BDC2,-0.75,-2.76,30.00,0.16,0.20,0.54,BODY
347A469B64411A52,0.81,-2.80,30.15,0.15,0.22,0.52,BODY
B06DB0099E4EF2DE,1.82,-2.86,29.85,0.15,0.23,0.56,BODY
2B535EAE3ACD7D06,3.33,-2.63,30.15,0.16,0.06,0.11,BODY
EA641633E4E95747,-3.58,-2.59,29.85,0.39,0.14,0.31,BODY
4BF2F506678DF64A,-1.76,-2.65,30.00,0.37,0.03,0.14,BODY
E103D34F5A3BA05D,-0.66,-2.57,30.15,0.16,0.22,0.56,BODY
61BFAB71DF6E6B17,0.86,-2.65,29.85,0.15,0.20,0.51,BODY
56FCC12DAD68130E,1.91,-2.65,30.15,0.15,0.24,0.58,BODY
C7E996C290919110,3.69,-2.40,29.85,0.19,0.05,0.10,BODY
3844CF24748C5E12,-3.13,-2.59,30.00,0.26,0.02,0.13,BODY
38D58B7B16537265,-1.89,-2.58,30.15,0.27,0.04,0.12,BODY
F53882A99CAF07B8,-0.21,-2.45,30.00,0.16,0.22,0.56,BODY
8E0348DB90571929,1.11,-2.81,30.15,0.15,0.21,0.49,BODY
84E75C315FF5E5B0,2.58,-2.40,29.85,0.15,0.23,0.57,BODY
B477F7ACD8B61C3F,3.90,-2.75,30.00,0.26,0.04,0.09,BODY
C91B8F51F0BAB0BD,-3.31,-2.79,30.15,0.25,0.04,0.09,BODY
BE7993635C01D175,-1.82,-2.46,30.00,0.09,0.07,0.17,BODY
935E4951A66872EE,-0.18,-2.62,30.15,0.16,0.23,0.57,BODY
0B616E27A3D0D3AF,1.21,-2.35,29.85,0.18,0.20,0.49,BODY
F298BA0C16CA42ED,2.35,-2.63,30.00,0.10,0.15,0.42,BODY
119ADB60152E7D74,3.78,-2.45,30.15,0.28,0.04,0.11,BODY
1DFA6DFB4D9FCFE2,-3.00,-2.64,30.00,0.33,0.04,0.11,BODY
763BE3F3A306DEEA,-1.47,-2.34,30.15,0.04,0.08,0.18,BODY
2D1435AEEFEDCDBB,-0.40,-2.39,29.85,0.16,0.22,0.57,BODY
089BD11C8A574C5A,1.22,-2.59,30.00,0.14,0.20,0.49,BODY
9B995256E72829C1,2.69,-2.44,29.85,0.13,0.15,0.40,BODY
11389EC71A742973,3.81,-2.50,30.00,0.33,0.03,0.12,BODY
2B47D123BB4D9F92,-2.70,-2.54,30.15,0.33,0.04,0.12,BODY
36228EC040904836,-1.23,-2.74,29.85,0.04,0.09,0.23,BODY
EDAFB55EA1F1A291,-0.18,-2.57,30.00,0.16,0.23,0.58,BODY
FF31FB5E18E06A64,1.30,-2.31,29.85,0.14,0.22,0.50,BODY
CDB8955624684602,2.65,-2.30,30.00,0.13,0.16,0.44,BODY
4881F9423E75310F,4.19,-2.46,30.15,0.37,0.02,0.14,BODY
AD31432F5671E9C8,-2.89,-2.71,29.85,0.28,0.04,0.11,BODY
FBC1A24FDF776140,-1.50,-2.30,30.15,0.04,0.08,0.28,BODY
598B3340D28F1B47,-0.17,-2.73,29.85,0.15,0.22,0.56,BODY
590CC16383D96FFD,1.37,-2.24,30.00,0.15,0.22,0.52,BODY
46F34D96F0E0D2D6,2.65,-2.30,30.15,0.15,0.22,0.53,BODY
3AD9CCAFED6046D0,4.14,-2.52,29.85,0.40,0.02,0.15,BODY
04507D36920A5FE5,-2.86,-2.55,30.15,0.26,0.05,0.10,BODY
E9D94B47A050CB97,-1.01,-2.61,29.85,0.11,0.13,0.40,BODY
EB3EB109E639F0D6,0.04,-2.37,30.00,0.16,0.22,0.57,BODY
6EF8D1B22939E6E3,1.75,-2.31,30.15,0.14,0.22,0.53,BODY
B3D2F5DB758AB055,2.79,-2.41,30.00,0.16,0.24,0.59,BODY
777DD8B7471154B9,4.09,-2.45,30.15,0.39,0.03,0.16,BODY
8431189E69C1A810,-2.38,-2.61,29.85,0.25,0.05,0.10,BODY
FAD7444A2827C70C,-0.95,-2.54,30.00,0.13,0.15,0.43,BODY
C2DDFC8A1B87EB06,0.00,-2.35,30.15,0.16,0.22,0.57,BODY
0FB76E774E47971F,1.71,-2.46,30.00,0.14,0.23,0.54,BODY
157EDFCF7F106C3C,2.83,-2.56,30.15,0.15,0.22,0.58,BODY
82D2A1E58FF7BC00,4.55,-2.25,29.85,0.40,0.09,0.21,BODY
A0EEA24E92F254C7,-2.38,-2.31,30.00,0.26,0.05,0.10,BODY
208D4EFD05DD1A6A,-1.34,-2.30,30.15,0.15,0.18,0.46,BODY
4882CFEB67B3E45B,0.44,-2.20,30.00,0.15,0.22,0.56,BODY
0225F3221AA1A400,1.83,-2.64,30.15,0.13,0.23,0.55,BODY
80CB2334C4E616F6,3.22,-2.19,29.85,0.20,0.25,0.57,BODY
7C1EA42EF750A756,4.63,-2.25,30.00,0.53,0.29,0.36,BODY
2059435376DF32BD,-2.38,-2.52,29.85,0.27,0.05,0.11,BODY
980F4DBAC89D462F,-1.22,-2.54,30.00,0.15,0.18,0.47,BODY
65DB4CFD468E1100,0.45,-2.38,30.15,0.15,0.22,0.55,BODY
4756BA6B3D399D85,1.74,-2.59,29.85,0.14,0.24,0.57,BODY
F7B783A4E1E6FA78,2.93,-2.24,30.00,0.18,0.16,0.38,BODY
3B0CEBAD0D055D7D,-3.69,-2.09,29.85,0.74,0.59,0.70,BODY
507948FED6707A10,-2.55,-2.48,30.00,0.27,0.05,0.11,BODY
F515A004CC72CF10,-0.80,-2.43,30.15,0.16,0.18,0.47,BODY
713575CC0E63DC91,0.54,-2.46,29.85,0.15,0.22,0.55,BODY
00370ACCA39EEBEE,1.63,-2.20,30.15,0.15,0.24,0.57,BODY
09B42DF10E426998,3.10,-2.41,29.85,0.15,0.07,0.17,BODY
80EE5AD553E8E7BA,-4.01,-2.41,30.00,0.58,0.38,0.52,BODY
04100CE66F64A7D2,-2.45,-2.35,30.15,0.29,0.05,0.11,BODY
1EFA0B09D6AA5D16,-0.80,-2.47,29.85,0.15,0.19,0.49,BODY
0D05EE2204969560,0.32,-2.26,30.15,0.15,0.22,0.55,BODY
E39BF9EB4D285E8E,1.61,-2.10,29.85,0.15,0.25,0.58,BODY
55717A473D7A80AB,3.02,-2.19,30.00,0.15,0.05,0.10,BODY
2DD399555C262E72,-3.53,-2.32,30.15,0.40,0.13,0.32,BODY
FD872949BD4FE0A3,-2.56,-2.18,29.85,0.31,0.04,0.12,BODY
2A422723B2BC5509,-1.17,-2.30,30.15,0.15,0.19,0.49,BODY
C0BA2B241059C17B,0.60,-2.16,29.85,0.15,0.22,0.54,BODY
9C97E908DDA97EF2,1.64,-2.13,30.00,0.15,0.25,0.59,BODY
2E3AA4412444E7CB,3.22,-2.27,30.15,0.16,0.05,0.09,BODY
8E36F44DB127DF57,-3.64,-2.36,30.00,0.40,0.11,0.32,BODY
78DFC0DDE9CC3ED2,-2.48,-2.20,30.15,0.31,0.04,0.12,BODY
62F84DA54703246E,-1.17,-2.25,29.85,0.15,0.20,0.51,BODY
16096805D82B2360,0.44,-2.43,30.00,0.15,0.22,0.53,BODY
F3D7B66AD11894E9,1.70,-2.47,30.15,0.14,0.24,0.58,BODY
6B9ADAE7C2DC7EC7,3.04,-2.36,30.00,0.18,0.06,0.08,BODY
FA94C5ED7958F35E,-3.91,-2.09,30.15,0.43,0.13,0.34,BODY
C817642D18170286,-2.30,-2.12,29.85,0.32,0.04,0.12,BODY
4ED34D1405233155,-0.93,-2.05,30.00,0.15,0.20,0.50,BODY
99DBD387718147C8,0.37,-2.06,29.85,0.15,0.22,0.54,BODY
45FA8AFB66FA8916,1.81,-2.17,30.00,0.14,0.24,0.58,BODY
8979A40404E1C76B,3.11,-2.46,30.15,0.18,0.05,0.08,BODY
EB8FDEA0830D83FA,-3.91,-1.98,29.85,0.45,0.15,0.35,BODY
D0BFB687AC601AFE,-2.56,-2.01,30.00,0.31,0.04,0.12,BODY
0CD623837AA11CD2,-0.85,-2.02,29.85,0.15,0.20,0.49,BODY
A8CFFECC1676A98A,0.40,-2.16,30.00,0.15,0.22,0.54,BODY
273998F348E49A40,1.89,-2.14,30.15,0.14,0.24,0.58,BODY
9D68E716D2408F8F,3.35,-2.30,29.85,0.17,0.05,0.07,BODY
1B08D68FD6F1BE93,-3.70,-2.14,30.15,0.55,0.29,0.47,BODY
2098D3F5997D1F6D,-2.12,-2.26,29.85,0.31,0.04,0.12,BODY
110CFCB626A2325B,-1.10,-2.36,30.00,0.15,0.20,0.48,BODY
96CCC5609303C8B7,0.26,-2.26,30.15,0.14,0.22,0.55,BODY
B598DCD30758E770,1.99,-1.95,29.85,0.14,0.24,0.58,BODY
2639677DEB86393C,3.22,-2.11,30.15,0.17,0.05,0.07,BODY
8302EEBB97EB8866,-3.71,-2.21,29.85,0.63,0.42,0.56,BODY
C51C14CADFCDF28F,-2.27,-2.17,30.00,0.30,0.04,0.13,BODY
78B2B5139DFB5241,-1.11,-2.16,30.15,0.15,0.18,0.45,BODY
86A1DD345CC69DFC,0.29,-2.00,29.85,0.14,0.22,0.55,BODY
7EC23642820E21F4,1.69,-2.21,30.15,0.14,0.24,0.57,BODY
FF1D4C24B589C626,3.00,-2.02,29.85,0.17,0.05,0.07,BODY
C8DCD14422514854,4.40,-2.13,30.00,0.36,0.09,0.20,BODY
C2FA537468E360C0,-2.45,-1.88,30.15,0.30,0.04,0.13,BODY
402DEA3C978D9F9C,-1.26,-1.93,30.00,0.14,0.18,0.45,BODY
12119DBD92E04EA0,0.47,-1.86,30.15,0.15,0.22,0.56,BODY
15F5C96F34537F8E,1.81,-2.02,29.85,0.14,0.24,0.57,BODY
C944BCE153C35E4A,2.94,-1.94,30.00,0.18,0.05,0.07,BODY
D8933006FAE28D92,4.28,-1.87,30.15,0.36,0.04,0.16,BODY
C8AD154A23D9F8BE,-2.33,-2.00,30.00,0.29,0.04,0.13,BODY
6262202C8B713F57,-1.21,-2.14,30.15,0.13,0.16,0.42,BODY
C4F1EC0079BDA9FD,0.37,-2.00,29.85,0.15,0.23,0.57,BODY
D4691574DEACCD6B,1.62,-1.85,30.00,0.15,0.24,0.58,BODY
C958024E051AF64E,3.08,-2.01,29.85,0.18,0.05,0.07,BODY
E70634F69A1A2EC7,4.37,-2.26,30.00,0.37,0.04,0.16,BODY
B5A00D947663F7AB,-2.63,-1.96,30.15,0.27,0.04,0.13,BODY
BEC4468116016C2A,-1.16,-2.06,29.85,0.13,0.15,0.40,BODY
2488DF20D036AACA,0.09,-2.06,30.00,0.15,0.24,0.58,BODY
0D628628C9D4895C,1.51,-1.88,29.85,0.15,0.24,0.58,BODY
6D13DBA8C7FB2B5D,3.30,-2.07,30.00,0.18,0.05,0.09,BODY
61D670F147D1902E,4.46,-2.13,30.15,0.40,0.04,0.17,BODY
0149DA1C61581E8B,-2.50,-2.24,29.85,0.24,0.05,0.11,BODY
1B7806093497D2AB,-1.17,-2.05,30.00,0.13,0.15,0.40,BODY
63B4A363803A5350,0.41,-2.21,29.85,0.15,0.23,0.58,BODY
B82515AFB3602F41,1.43,-1.80,30.00,0.15,0.24,0.57,BODY
05336A14C3F889FB,2.93,-1.78,30.15,0.13,0.07,0.11,BODY
5E3A8E8E6B1C2E7A,4.54,-1.78,29.85,0.40,0.03,0.16,BODY
98354CF98000ACA6,-2.72,-2.01,30.15,0.21,0.06,0.08,ARM
2CACBFD094745319,-1.09,-2.05,29.85,0.11,0.13,0.37,BODY
6E55222975908D5A,0.06,-1.85,30.00,0.15,0.23,0.57,BODY
3206F2576D8B6316,1.80,-1.75,30.15,0.15,0.24,0.57,BODY
1A424A7EB4087837,3.16,-1.84,29.85,0.11,0.07,0.16,BODY
D0AE698EDD82A485,4.40,-2.23,30.15,0.41,0.04,0.17,BODY
F4453CC43DA66A5D,-2.60,-2.12,29.85,0.20,0.06,0.08,ARM
5725722EE6577953,-1.14,-1.90,30.00,0.07,0.09,0.31,BODY
A0487CED79FC1443,0.21,-1.75,30.15,0.15,0.24,0.57,BODY
F386ACDB4C6FC68A,1.56,-1.74,30.00,0.15,0.23,0.57,BODY
59CD8E86048A31AE,2.80,-1.94,30.15,0.13,0.14,0.33,BODY
18A5067D2E0ECA63,4.22,-1.89,29.85,0.41,0.04,0.17,BODY
73F94DC3B2111AB7,-2.86,-1.84,30.00,0.25,0.04,0.13,ARM
CB4AA4395019D128,-1.28,-2.02,30.15,0.07,0.09,0.30,BODY
74ADD08177F5E1E0,0.13,-2.03,30.00,0.15,0.24,0.58,BODY
A81484F983390984,1.49,-2.05,30.15,0.15,0.23,0.56,BODY
F899351612169E3C,3.14,-1.96,29.85,0.15,0.19,0.41,BODY
BFF49D04DE2F88EE,4.22,-1.84,30.00,0.41,0.04,0.17,BODY
294AF539EDBF6C26,-2.66,-1.87,30.15,0.48,0.16,0.34,ARM
4E0D091C799FF5D9,-1.08,-1.81,30.00,0.06,0.09,0.28,BODY
E6392095E523FDA5,0.05,-1.89,30.15,0.15,0.24,0.58,BODY
BC5EB5DC7D6D60C4,1.36,-1.65,29.85,0.15,0.23,0.55,BODY
02C0B7C0A69502DD,3.08,-1.96,30.00,0.18,0.26,0.55,BODY
E99B3A04A3C9864E,4.29,-1.70,29.85,0.41,0.04,0.17,BODY
AD9F79703378CD10,-2.99,-1.95,30.00,0.52,0.15,0.38,ARM
E451AAD477859194,-1.54,-1.89,30.15,0.05,0.09,0.27,BODY
8A4E7BBD571EDB70,0.10,-2.06,29.85,0.15,0.24,0.58,BODY
AF824428D3CDB0CB,1.54,-2.04,30.00,0.14,0.22,0.55,BODY
77665DC8A82231DA,2.57,-2.01,29.85,0.18,0.27,0.57,BODY
F3B1FFEC653F5003,4.31,-1.88,30.00,0.40,0.04,0.17,BODY
FA4B694224F704F5,-2.70,-1.90,30.15,0.52,0.13,0.40,ARM
5EBA596A08EA5CF1,-1.62,-1.89,29.85,0.09,0.13,0.32,BODY
981C33204418A82F,0.03,-1.77,30.15,0.15,0.23,0.58,BODY
CDA9A8330030744C,1.28,-2.03,29.85,0.15,0.22,0.54,BODY
49A1CF6C28BB6444,2.92,-1.59,30.00,0.15,0.25,0.61,BODY
7F5315D2B2A72975,4.33,-1.97,30.15,0.40,0.04,0.17,BODY
72BD042CEB65755A,-2.67,-1.88,29.85,0.46,0.08,0.35,ARM
8E2624F8FD9C9EFF,-1.26,-1.56,30.15,0.06,0.09,0.31,BODY
C0C3AF79F1FD6A2D,-0.07,-2.05,29.85,0.15,0.23,0.58,BODY
3414AADDE81214C5,1.21,-1.78,30.00,0.15,0.23,0.53,BODY
BA6C54D9ED9C9237,2.71,-1.87,30.15,0.15,0.26,0.61,BODY
CC38DAF4A8033530,4.21,-1.58,30.00,0.40,0.03,0.16,BODY
3322B76C9A69E02E,-2.98,-1.66,30.15,0.48,0.13,0.38,ARM
291AD202F16EB996,-1.33,-1.59,29.85,0.04,0.07,0.30,BODY
440240656408783C,0.09,-1.58,30.00,0.15,0.23,0.59,BODY
F353193A469AF8EC,1.29,-1.70,30.15,0.15,0.22,0.52,BODY
C3454F0E4FDF9DB8,2.79,-1.91,30.00,0.16,0.26,0.61,BODY
3D81292977C2D34D,4.17,-1.88,30.15,0.40,0.03,0.16,BODY
D449C15C7F1C5F5A,-2.78,-1.67,29.85,0.39,0.05,0.29,ARM
F9E437586E0022A1,-1.40,-1.58,30.00,0.12,0.15,0.41,BODY
F60FEC843DAC3926,-0.03,-1.71,30.15,0.16,0.23,0.59,BODY
03FE530FC00E30BA,1.03,-1.66,30.00,0.14,0.21,0.51,BODY
80FB613AD060CF76,2.61,-1.91,30.15,0.15,0.25,0.60,BODY
F6D701C28E06F285,4.26,-1.83,29.85,0.40,0.04,0.17,BODY
D912FC8DECE8ECE6,-3.23,-1.94,30.00,0.33,0.03,0.25,ARM
155FEAE6D81ACC71,-1.41,-1.50,29.85,0.15,0.17,0.45,BODY
F12A33E804AC2D6E,-0.35,-1.73,30.00,0.15,0.24,0.59,BODY
EEF463FD9A303CCC,1.04,-1.70,30.15,0.14,0.21,0.51,BODY
787EA5F672B87B97,2.68,-1.87,29.85,0.15,0.25,0.60,BODY
CBBA137A7F2A8CEF,4.02,-1.78,30.00,0.41,0.04,0.17,BODY
C8A197BC78B57681,-3.09,-1.57,29.85,0.33,0.03,0.25,ARM
FF3EA5AB02A9450C,-1.64,-1.75,30.00,0.13,0.16,0.45,BODY
07D3478E3435D41B,-0.41,-1.80,30.15,0.15,0.24,0.59,BODY
38BC735BD78DB223,1.07,-1.67,29.85,0.15,0.22,0.51,BODY
64824B023D5F2C12,2.37,-1.54,30.15,0.15,0.26,0.60,BODY
75FFA9A60DBF741F,4.07,-1.86,29.85,0.41,0.04,0.17,BODY
507DA3F81CC01343,-3.07,-1.56,30.00,0.35,0.05,0.27,ARM
99AC32FF9EBE0CF8,-1.74,-1.86,30.15,0.13,0.15,0.45,BODY
8F770B52C868E292,-0.04,-1.70,29.85,0.15,0.24,0.59,BODY
166FC529C66AE775,1.30,-1.64,30.15,0.14,0.21,0.51,BODY
DF1EEC2237F38BAF,2.66,-1.73,29.85,0.15,0.26,0.60,BODY
AFA9DB67519D695C,4.06,-1.48,30.00,0.40,0.04,0.17,BODY
B6D2D7C783D86D9A,-3.07,-1.51,30.15,0.38,0.08,0.30,ARM
B0BAA6037B7B49C1,-1.70,-1.67,29.85,0.13,0.15,0.45,BODY
36F33AD7D90E3C8E,-0.50,-1.59,30.15,0.15,0.24,0.59,BODY
0BBCAD41CB3B6EA5,1.26,-1.38,29.85,0.13,0.20,0.50,BODY
22396B0EFF6A4C3A,2.45,-1.87,30.00,0.14,0.26,0.59,BODY
34247EA06506C463,3.99,-1.53,30.15,0.40,0.04,0.17,BODY
FEE08973C53F6AB5,-3.20,-1.36,30.00,0.36,0.06,0.29,ARM
F33017BE53A8EFEE,-1.93,-1.50,30.15,0.13,0.14,0.42,BODY
85F885A386C073DE,-0.34,-1.57,29.85,0.15,0.24,0.59,BODY
D60149F61BC5A83D,1.12,-1.83,30.00,0.14,0.21,0.50,BODY
1C46A62807F0FFAE,2.60,-1.37,30.15,0.14,0.25,0.59,BODY
42AED721EFB82184,3.97,-1.68,30.00,0.40,0.04,0.17,BODY
02F8662C3AE585A8,-3.28,-1.63,30.15,0.45,0.13,0.36,ARM
C75C128EF22E4238,-1.91,-1.40,29.85,0.13,0.14,0.42,BODY
E84C8CF3EB6C7154,-0.35,-1.68,30.00,0.14,0.24,0.59,BODY
84CA1BDD2217CBD0,0.92,-1.38,29.85,0.15,0.21,0.50,BODY
4E26EF5681125121,2.59,-1.55,30.00,0.13,0.25,0.59,BODY
886FC56D4156A0FD,4.01,-1.32,30.15,0.41,0.04,0.17,BODY
5330E9254EE5B7F0,-3.20,-1.56,29.85,0.46,0.13,0.36,ARM
064F6834E5FB36E2,-1.56,-1.63,30.00,0.12,0.14,0.40,BODY
0516CCDBD678CD3E,-0.05,-1.44,29.85,0.14,0.24,0.59,BODY
CA6AF65FA7243E57,1.20,-1.45,30.00,0.15,0.21,0.49,BODY
05B363BF6C180C51,2.64,-1.69,30.15,0.14,0.25,0.59,BODY
E518792F38A26075,3.77,-1.45,29.85,0.40,0.05,0.18,BODY
9144E66499476BC2,-3.09,-1.30,30.00,0.45,0.13,0.35,ARM
EE5C9B1C6C956E01,-1.72,-1.27,29.85,0.11,0.13,0.40,BODY
B5E8151F95C527C6,-0.37,-1.48,30.00,0.15,0.24,0.59,BODY
C397BA72EF560FC4,0.81,-1.50,30.15,0.15,0.21,0.49,BODY
DEC18F38A9953028,2.42,-1.73,29.85,0.15,0.25,0.60,BODY
15C4FE8329201121,3.84,-1.63,30.15,0.40,0.05,0.18,BODY
791186CC5563BA67,-3.22,-1.58,29.85,0.43,0.09,0.32,ARM
CC0DFA73E30D3CA4,-1.69,-1.23,30.00,0.11,0.13,0.40,BODY
E41E44A439FD5DDD,-0.11,-1.45,30.15,0.15,0.24,0.60,BODY
7D76AA9763963AB5,0.92,-1.32,29.85,0.15,0.21,0.49,BODY
CA4C9B5C56A9FEAB,2.61,-1.52,30.15,0.15,0.25,0.60,BODY
C1F3ADA9D1F0204E,4.00,-1.25,29.85,0.40,0.05,0.18,BODY
389EEC262FCEB282,-3.00,-1.63,30.00,0.43,0.08,0.32,ARM
6B462C4B213E0987,-1.67,-1.35,30.15,0.12,0.14,0.40,BODY
01F1F3B52129DEB8,-0.24,-1.31,30.00,0.15,0.24,0.60,BODY
E900D790987FEE34,1.20,-1.42,30.15,0.15,0.22,0.50,BODY
3432C9AFE91D2F53,2.62,-1.22,29.85,0.14,0.26,0.61,BODY
8B306AA2ED34A2A5,3.76,-1.55,30.00,0.40,0.05,0.18,BODY
4028F6BD50F31B0C,-2.93,-1.66,30.15,0.45,0.10,0.34,ARM
9C301A3AF1458E25,-1.83,-1.60,30.00,0.13,0.15,0.42,BODY
54D589A8D0089CB0,-0.05,-1.21,30.15,0.14,0.24,0.59,BODY
286F938D11F5598C,1.11,-1.53,29.85,0.15,0.22,0.51,BODY
C76E69135247E1A4,2.41,-1.31,30.00,0.14,0.27,0.61,BODY
72D29F0D5345AE35,4.11,-1.56,29.85,0.40,0.05,0.17,BODY
58C9D93FFC27BB5E,-3.16,-1.24,30.00,0.45,0.09,0.33,ARM
926F46C0EFA9D353,-1.56,-1.51,30.15,0.13,0.15,0.42,BODY
B3F3AE6F801DE823,-0.11,-1.42,29.85,0.14,0.24,0.59,BODY
3E4B4603F2B60E9A,1.20,-1.24,30.00,0.15,0.22,0.51,BODY
1F058310B12276C6,2.59,-1.46,29.85,0.15,0.26,0.61,BODY
BAACECEB176849EF,3.91,-1.22,30.00,0.40,0.05,0.17,BODY
078592DFBD0696DF,-3.27,-1.14,30.15,0.47,0.10,0.35,ARM
1B72EC4BA15E5302,-1.53,-1.48,29.85,0.13,0.15,0.43,BODY
EBC955E87FF0EA3F,-0.43,-1.43,30.00,0.14,0.24,0.59,BODY
04476371C147C718,0.95,-1.15,29.85,0.15,0.22,0.51,BODY
D3E2048491456EC3,2.44,-1.24,30.00,0.15,0.25,0.60,BODY
D7C65CCC0AB8FE9B,4.02,-1.17,30.15,0.40,0.04,0.17,BODY
D27FE79C0D9D79FB,-3.26,-1.40,29.85,0.44,0.07,0.31,ARM
88D52102D0A26F6C,-1.58,-1.42,30.15,0.13,0.14,0.42,BODY
5E48B112452F422E,-0.44,-1.39,29.85,0.13,0.24,0.58,BODY
B7DC21777B788581,1.15,-1.36,30.00,0.15,0.22,0.51,BODY
4188FE8DAAB07D12,2.53,-1.13,30.15,0.17,0.26,0.59,BODY
E6AEB55CFBF9881E,4.12,-1.28,29.85,0.40,0.04,0.17,BODY
B5DEAA253E2420BC,-2.91,-1.12,30.15,0.45,0.09,0.33,ARM
9727B0C4E24857AB,-1.49,-1.45,29.85,0.14,0.16,0.44,BODY
1CDD1633B826C0C6,-0.15,-1.08,30.00,0.13,0.24,0.59,BODY
94E195EDB0669969,1.33,-1.40,30.15,0.15,0.22,0.52,BODY
5151D9B883D29123,2.54,-1.29,30.00,0.20,0.20,0.45,BODY
961FE3B8EE364CEA,3.83,-1.37,30.15,0.40,0.03,0.16,BODY
685E2F359D27EE9F,-2.90,-1.44,29.85,0.45,0.11,0.34,ARM
42F42E4DD43D2B08,-1.42,-1.05,30.00,0.15,0.16,0.44,BODY
486BE1C8FBCADBF6,-0.43,-1.33,30.15,0.14,0.25,0.60,BODY
3D01AD0C0CD7591A,1.16,-1.45,30.00,0.15,0.22,0.54,BODY
14437092F309EE62,2.55,-1.35,30.15,0.13,0.10,0.25,BODY
6949D0B48829BA2F,3.78,-1.45,29.85,0.40,0.03,0.16,BODY
6EE73ABA0B3A159A,-3.16,-1.33,30.00,0.36,0.04,0.26,ARM
C55F63D25736A2B5,-1.77,-1.24,30.15,0.14,0.16,0.43,BODY
7D61B9EDDDC63144,-0.25,-1.35,30.00,0.14,0.25,0.60,BODY
12271695D11E2847,1.34,-1.16,30.15,0.16,0.22,0.56,BODY
B2E83DF281C7A6E3,2.90,-1.34,29.85,0.14,0.06,0.11,BODY
5762BD26079A5C7E,3.92,-1.32,30.00,0.40,0.03,0.16,BODY
EE834017140C69C9,-2.69,-0.99,29.85,0.36,0.04,0.27,ARM
FE8A876C62CF0BB4,-1.72,-1.19,30.00,0.16,0.18,0.43,BODY
22C1A2D7509C449F,0.11,-1.20,30.15,0.14,0.25,0.60,BODY
35A7363DC52A7AAE,1.12,-1.35,29.85,0.16,0.22,0.57,BODY
090E087F21A6483B,2.93,-1.26,30.00,0.16,0.05,0.10,BODY
8D6354EC7945EB6D,4.35,-1.30,29.85,0.40,0.02,0.16,BODY
DF03510588F84D23,-2.78,-1.13,30.00,0.37,0.05,0.27,ARM
5519823A0C26261F,-1.40,-0.92,30.15,0.13,0.16,0.40,BODY
A834D1757C32DB0B,-0.19,-1.14,29.85,0.14,0.25,0.60,BODY
956846C2483A16A6,1.40,-1.34,30.15,0.15,0.23,0.58,BODY
C996404F93948CD9,2.57,-1.07,29.85,0.17,0.05,0.09,BODY
F3859A651BF7CCFB,4.33,-1.27,30.00,0.40,0.02,0.16,BODY
0CEB8A62EA1EB281,-2.78,-1.01,30.15,0.36,0.05,0.26,ARM
7D9B8F4F3C02F543,-1.13,-1.04,29.85,0.06,0.10,0.31,BODY
54087BD04C1366B4,-0.07,-1.32,30.15,0.14,0.24,0.59,BODY
2FACF943943A61CB,1.41,-1.26,29.85,0.14,0.24,0.60,BODY
4AC30229509C037F,2.64,-0.97,30.00,0.17,0.05,0.07,BODY
01ABA4913ED32241,4.24,-1.00,30.15,0.40,0.03,0.16,BODY
5380B510F3CCAFD5,-2.50,-1.29,30.00,0.36,0.05,0.26,ARM
C3DCD428D4E2B458,-1.37,-1.21,30.15,0.05,0.09,0.29,BODY
9A6015081B9FBAB2,0.28,-1.02,29.85,0.14,0.24,0.59,BODY
59C10094B46935A8,1.55,-0.95,30.00,0.14,0.24,0.60,BODY
E913E80147095192,2.80,-1.28,30.15,0.17,0.06,0.07,BODY
0A43633EAB7F169B,4.48,-1.10,30.00,0.40,0.03,0.16,BODY
AD8A5AD35E836701,-2.90,-0.98,30.15,0.38,0.07,0.28,ARM
BAB81D69E4B60237,-1.04,-1.21,29.85,0.05,0.10,0.27,BODY
87F2214F8A94C9BE,-0.01,-1.17,30.00,0.14,0.24,0.59,BODY
E320DE17F2F0AA27,1.64,-1.10,30.15,0.14,0.24,0.60,BODY
5879CB494F1E377E,3.06,-1.09,30.00,0.20,0.05,0.08,BODY
E48CA4D77F0127F8,4.38,-1.20,30.15,0.40,0.03,0.16,BODY
0F79D6A9C3A71D82,-2.61,-1.00,29.85,0.42,0.08,0.32,ARM
B8136ED347148704,-1.17,-1.28,30.00,0.07,0.10,0.29,BODY
43D662B2C338E037,0.41,-1.13,29.85,0.14,0.24,0.58,BODY
3387F88C430A31F8,1.62,-0.99,30.00,0.14,0.24,0.60,BODY
66A4270BD8B1F0A3,3.00,-1.14,30.15,0.21,0.04,0.08,BODY
E8651E0A6E7D9E2B,4.32,-1.30,29.85,0.39,0.03,0.15,BODY
D031A6CE9ED46511,-2.41,-1.04,30.00,0.51,0.14,0.40,ARM
94ED4211A977D6F7,-0.95,-1.22,29.85,0.06,0.09,0.31,BODY
B6A74D4636F4770E,0.46,-0.94,30.00,0.15,0.24,0.58,BODY
76D71E1EA5FBEE72,1.88,-1.21,30.15,0.14,0.25,0.60,BODY
5AC6E970F57EE27D,2.87,-0.98,29.85,0.24,0.04,0.10,BODY
F7787FD43D5C7B99,4.32,-0.89,30.15,0.38,0.02,0.15,BODY
CF8D0D5D1AD136AF,-2.53,-1.17,29.85,0.53,0.13,0.41,ARM
DA825CE2D6276C5E,-1.29,-0.86,30.00,0.07,0.10,0.35,BODY
D577492B91BC9C78,0.32,-0.87,30.15,0.15,0.24,0.58,BODY
D83C8653C08FD7E6,1.62,-0.90,29.85,0.17,0.27,0.60,BODY
209310E3BA730170,3.09,-1.09,30.15,0.27,0.05,0.12,BODY
77BF4A9DEB065A18,4.76,-1.22,29.85,0.36,0.02,0.17,BODY
6C9BBDFA379C5BD4,-2.59,-0.99,30.00,0.49,0.09,0.37,ARM
497DA65A1B481B74,-1.21,-0.89,30.15,0.11,0.13,0.38,BODY
A32E15532B1AB65C,0.58,-0.72,29.85,0.15,0.23,0.57,BODY
B8A22401E043950B,1.79,-1.21,30.15,0.14,0.22,0.52,BODY
1C0AA39D508CF71D,3.24,-1.11,29.85,0.30,0.04,0.12,BODY
FD9511141B083DE8,4.50,-0.85,30.00,0.37,0.07,0.19,BODY
46E279F505972CC0,-2.47,-1.16,30.15,0.51,0.12,0.40,ARM
0865AE85B5A27BB2,-0.79,-0.92,30.00,0.11,0.12,0.37,BODY
2DF2BDA3893C95BF,0.33,-0.93,30.15,0.15,0.23,0.57,BODY
F29E4BBE47F818C6,1.71,-0.95,29.85,0.12,0.16,0.43,BODY
6CD47A6DF6BB176D,3.22,-1.07,30.00,0.32,0.03,0.12,BODY
CEFDC898AD418DA1,-3.49,-1.13,30.15,0.49,0.26,0.44,ARM
927557E35C24833F,-1.99,-0.84,30.00,0.50,0.16,0.38,ARM
D3424B1207919C3D,-0.61,-0.87,30.15,0.15,0.17,0.44,BODY
F57769F1B1F89CBF,0.48,-0.81,29.85,0.15,0.22,0.56,BODY
23A7303676840811,1.94,-0.84,30.00,0.13,0.20,0.50,BODY
F1B7C7F5A40B086C,3.19,-0.70,29.85,0.36,0.02,0.13,BODY
E98E3180A44AC6AD,-3.63,-0.72,30.00,0.54,0.14,0.44,ARM
9195499DF2A73C56,-2.22,-1.02,30.15,0.21,0.03,0.14,ARM
85637FAC20B09BC9,-0.92,-0.83,29.85,0.15,0.22,0.53,BODY
2016011F82FE65CB,0.63,-0.88,30.00,0.15,0.22,0.55,BODY
E54D692B2FD029EA,2.21,-0.68,29.85,0.14,0.25,0.58,BODY
867F1143C9A9090B,3.53,-1.03,30.00,0.39,0.03,0.15,BODY
CAD6C7D745B98C58,-3.58,-0.78,30.15,0.54,0.14,0.44,ARM
7885EE61BDD0A1CF,-1.90,-0.89,29.85,0.07,0.08,0.18,BODY
5132E67F14310342,-0.53,-0.79,30.00,0.14,0.22,0.55,BODY
A84F16E0BDA98A56,0.62,-0.95,29.85,0.14,0.22,0.52,BODY
9727E7040047A804,2.19,-0.64,30.00,0.16,0.27,0.61,BODY
4129F3104BAB27B4,3.46,-0.73,30.15,0.41,0.04,0.16,BODY
E9768E576D85B9E6,-3.40,-0.71,29.85,0.31,0.04,0.23,ARM
DD9F824BC02DB605,-1.82,-0.82,30.15,0.07,0.11,0.35,BODY
9AD9A97F6B6577F6,-0.33,-0.82,29.85,0.14,0.24,0.58,BODY
CE9A1EA63F13CA84,1.11,-0.82,30.00,0.14,0.21,0.51,BODY
A3B41C79340FA323,2.24,-0.65,30.15,0.17,0.27,0.64,BODY
DDEBA895F9320B5C,3.89,-0.94,29.85,0.41,0.04,0.17,BODY
9C7696CFEA935AA4,-3.02,-0.85,30.15,0.40,0.09,0.31,ARM
FC0A436C2DA6D18F,-1.84,-0.61,29.85,0.13,0.14,0.42,BODY
14494347974D7764,-0.14,-0.58,30.00,0.14,0.24,0.59,BODY
97580DF4887D6456,1.13,-0.77,30.15,0.16,0.24,0.53,BODY
18CB7F420CBF6028,2.68,-0.82,30.00,0.15,0.04,0.09,BODY
538582727C73C3FA,3.78,-1.03,30.15,0.41,0.04,0.17,BODY
4EA0F2A38349847A,-3.04,-0.78,29.85,0.46,0.11,0.37,ARM
7FAAE49F7EFEF9EF,-1.44,-0.71,30.00,0.13,0.16,0.45,BODY
0A3D419C36401622,-0.19,-0.79,30.15,0.15,0.25,0.60,BODY
EFD5C2A5EF6D0E72,1.31,-0.90,30.00,0.14,0.23,0.56,BODY
5D82448F8CDEE62A,2.50,-0.98,30.15,0.18,0.06,0.08,BODY
E0FA05EADF44D5FF,4.00,-0.77,29.85,0.41,0.04,0.17,BODY
A18AF1F699A5770A,-2.63,-0.76,30.00,0.48,0.11,0.35,ARM
57768F142D063BBB,-1.36,-0.47,29.85,0.08,0.12,0.35,BODY
DC821AEFA7130025,-0.17,-0.51,30.00,0.14,0.24,0.59,BODY
F72B661A0D977424,1.44,-0.67,30.15,0.14,0.25,0.59,BODY
46D0036F8C4B0AA3,3.02,-0.51,29.85,0.19,0.06,0.08,BODY
69E959777E6C2556,4.01,-0.91,30.00,0.40,0.04,0.17,BODY
A560FCEE1C4A6F66,-2.81,-0.70,29.85,0.36,0.05,0.27,ARM
766C67414722999F,-1.39,-0.54,30.00,0.05,0.08,0.27,BODY
ADF61659EB1D3701,0.11,-0.73,30.15,0.15,0.23,0.60,BODY
D550C153BCB02E2A,1.40,-0.86,29.85,0.16,0.26,0.63,BODY
B054B163116AD8BA,2.79,-0.64,30.00,0.24,0.05,0.11,BODY
36474D2287206CD1,4.47,-0.50,29.85,0.39,0.04,0.16,BODY
BD967EBE1B77E37C,-2.49,-0.66,30.00,0.56,0.16,0.44,ARM
5113080F76B987AB,-1.11,-0.83,30.15,0.08,0.09,0.32,BODY
A5D2B610A36F834C,0.61,-0.62,29.85,0.15,0.22,0.57,BODY
ACFA93A858EEA6BF,1.86,-0.65,30.15,0.11,0.17,0.43,BODY
7C833C6FD06353E4,2.96,-0.47,29.85,0.31,0.03,0.13,BODY
3D1551B1CC8EBB1C,4.52,-0.64,30.00,0.56,0.31,0.40,BODY
517E16BEE29B88C1,-2.36,-0.71,30.15,0.51,0.11,0.40,ARM
3F6FB7777539BDBC,-0.90,-0.59,29.85,0.12,0.15,0.42,BODY
A815AF2EFFCFB239,0.48,-0.43,30.15,0.16,0.24,0.57,BODY
36744E9706F2CA5F,2.01,-0.57,29.85,0.16,0.24,0.58,BODY
B2C5D05FD2A9F739,3.18,-0.50,30.00,0.36,0.02,0.14,BODY
5D37A1F1406A4D17,-3.28,-0.64,30.15,0.56,0.13,0.43,ARM
F02E61FBEB2B0464,-2.06,-0.55,30.00,0.10,0.02,0.09,ARM
4C25E939019683C5,-0.39,-0.84,30.15,0.15,0.22,0.53,BODY
0F1A8A4C904CB897,0.99,-0.75,29.85,0.14,0.22,0.52,BODY
C6322392936D5827,2.20,-0.58,30.00,0.14,0.28,0.63,BODY
7FB06EE5937F118F,3.32,-0.39,30.15,0.41,0.04,0.17,BODY
1F828250C255B080,-3.05,-0.46,30.00,0.30,0.02,0.22,ARM
C7C07081A31E3996,-1.59,-0.81,30.15,0.07,0.09,0.31,BODY
DF4C76DFAE55FD69,-0.15,-0.60,29.85,0.15,0.23,0.58,BODY
4AA504D5B6D8A4A1,0.85,-0.63,30.00,0.15,0.22,0.51,BODY
3C0E1350C30E5F95,2.41,-0.76,30.15,0.08,0.07,0.18,BODY
C9660AB4102030D6,3.64,-0.71,30.00,0.41,0.04,0.17,BODY
14B3FDE05975A9C2,-3.02,-0.79,30.15,0.47,0.13,0.37,ARM
05A5E7944EE9791F,-1.67,-0.55,29.85,0.13,0.14,0.42,BODY
12F703FCC3EDCA4E,-0.25,-0.29,30.00,0.15,0.24,0.58,BODY
3C3F6FEC9D8905C3,1.30,-0.45,29.85,0.15,0.24,0.59,BODY
A7A246EA6312545D,2.71,-0.56,30.00,0.18,0.06,0.09,BODY
E18634D4FA2C6E89,4.18,-0.39,30.15,0.41,0.04,0.17,BODY
85BBE29BDCBF3E16,-2.69,-0.62,29.85,0.48,0.13,0.37,ARM
D1B8684C0295B516,-1.30,-0.54,30.00,0.13,0.16,0.42,BODY
082AE38282062DC6,0.09,-0.37,29.85,0.16,0.24,0.59,BODY
B862009ED463DF9F,1.56,-0.29,30.00,0.13,0.27,0.60,BODY
2FE00ECD3DC32BE6,3.03,-0.58,30.15,0.22,0.05,0.09,BODY
1B9B147A4C49CA8B,4.42,-0.27,29.85,0.40,0.03,0.16,BODY
F20E93201F4ABCA0,-2.65,-0.48,30.15,0.38,0.04,0.28,ARM
CC127D68734D3C18,-0.89,-0.34,29.85,0.06,0.08,0.30,BODY
4EA655F54951B758,0.51,-0.50,30.00,0.15,0.23,0.58,BODY
E8322A3B8A626754,1.88,-0.68,30.15,0.16,0.21,0.53,BODY
BEFBA27BFB7ABD60,3.04,-0.56,29.85,0.30,0.04,0.12,BODY
2098894CC09FBD2E,4.67,-0.69,30.15,0.48,0.20,0.32,BODY
C58484E149170E58,-1.99,-0.65,29.85,0.51,0.10,0.40,ARM
5D3112848AD87572,-0.74,-0.37,30.00,0.10,0.13,0.39,BODY
51AF313A299FD030,0.37,-0.66,30.15,0.16,0.23,0.56,BODY
0DE23CE1B4ABD49D,1.75,-0.65,30.00,0.15,0.25,0.60,BODY
E8201648F0733397,3.53,-0.60,30.15,0.38,0.03,0.15,BODY
B92C8C3AFE793654,-3.12,-0.31,29.85,0.58,0.15,0.44,ARM
972C0FED1501F799,-1.97,-0.42,30.00,0.08,0.04,0.10,BODY
BF44313029A1928E,-0.70,-0.52,30.15,0.15,0.23,0.57,BODY
586AD14723BAB17A,0.63,-0.50,30.00,0.14,0.21,0.52,BODY
49743D1A49C7AF9E,2.29,-0.29,30.15,0.20,0.22,0.47,BODY
00F3B4880FEE782B,3.64,-0.59,29.85,0.41,0.04,0.18,BODY
9E418DECFE4702EA,-3.01,-0.60,30.00,0.45,0.12,0.35,ARM
837F9144117F4333,-1.68,-0.39,30.15,0.12,0.12,0.38,BODY
0915EE41133D552F,-0.27,-0.53,30.00,0.16,0.24,0.59,BODY
9A2D604B5C0591CE,1.26,-0.55,30.15,0.15,0.23,0.57,BODY
4579E3A1FA6D4650,2.74,-0.32,29.85,0.17,0.06,0.09,BODY
57A221B1CBFC2098,3.87,-0.18,30.00,0.41,0.04,0.17,BODY
6ABEB9206B817213,-2.92,-0.46,29.85,0.46,0.14,0.37,ARM
D8575EDDF0B020B9,-1.46,-0.41,30.00,0.13,0.15,0.40,BODY
2506725CD189EA74,0.28,-0.23,30.15,0.16,0.23,0.59,BODY
C5D6EB27E711293E,1.41,-0.12,29.85,0.15,0.28,0.61,BODY
740C74689701986B,3.02,-0.31,30.00,0.24,0.05,0.09,BODY
20FC92FEC8803C3B,4.26,-0.48,29.85,0.40,0.04,0.17,BODY
1FDA9CC93E7EEEB9,-2.36,-0.27,30.00,0.56,0.14,0.43,ARM
33AD844F616F62DB,-0.92,-0.27,30.15,0.07,0.09,0.32,BODY
8FEC93E4B948E689,0.24,-0.19,29.85,0.15,0.23,0.56,BODY
0237A8CF74B03EC6,1.78,-0.29,30.15,0.14,0.22,0.53,BODY
1BFFBA2B3C3BD14E,3.20,-0.24,29.85,0.36,0.02,0.15,BODY
3E56B0A7220613C6,-3.45,-0.17,30.00,0.56,0.14,0.44,ARM
2C17EFE50D814780,-1.88,-0.06,30.15,0.21,0.02,0.14,ARM
A0BFDADF97023151,-0.63,-0.52,29.85,0.15,0.22,0.54,BODY
09FD4B2D3C7F725E,0.88,-0.30,30.15,0.14,0.23,0.53,BODY
52959ABE5311F812,2.05,-0.27,29.85,0.18,0.25,0.54,BODY
539587A419A4EF36,3.81,-0.45,30.00,0.42,0.04,0.18,BODY
2F3EF57DA07A8088,-3.18,-0.37,30.15,0.31,0.03,0.22,ARM
3A1E15A6769FE543,-1.88,-0.41,29.85,0.08,0.09,0.31,BODY
90603A790935D22E,-0.04,-0.34,30.15,0.15,0.24,0.58,BODY
D006EA5E0B1FFA0D,1.10,-0.25,29.85,0.15,0.23,0.56,BODY
8F12BF10E4DCEAC8,2.32,-0.44,30.00,0.18,0.06,0.09,BODY
7292FAE65430C271,3.74,-0.42,30.15,0.40,0.04,0.17,BODY
9C3BE91A5EEBDA97,-2.94,-0.49,30.00,0.41,0.06,0.30,ARM
DDD873404AA4820F,-1.48,-0.26,30.15,0.14,0.15,0.43,BODY
2CEF57EE85AFF411,-0.08,-0.04,29.85,0.15,0.24,0.59,BODY
FEB601D0AFBC09F6,1.38,-0.15,30.00,0.15,0.27,0.61,BODY
CE04B8E5D1276057,2.71,-0.32,30.15,0.24,0.05,0.10,BODY
CCBF0661E7842C00,4.44,-0.25,30.00,0.40,0.03,0.16,BODY
7DCB03068F7D63A4,-2.45,-0.27,30.15,0.58,0.14,0.44,ARM
575D3124019C1C89,-0.75,-0.21,29.85,0.09,0.11,0.35,BODY
C89FBA459CA2E324,0.49,-0.29,30.00,0.15,0.23,0.56,BODY
D8FB33D175C68CCB,1.79,-0.33,29.85,0.15,0.27,0.61,BODY
84F8CFA01D18C712,3.13,-0.18,30.00,0.38,0.03,0.16,BODY
821647C37C9E16D8,-3.17,-0.16,30.15,0.59,0.15,0.44,ARM
AC3A8C8C7CE2DB4C,-1.68,-0.20,29.85,0.11,0.03,0.04,BODY
70EBDFD780D036F3,-0.51,-0.11,30.00,0.15,0.23,0.57,BODY
06312DADE713C060,1.10,-0.23,29.85,0.15,0.23,0.54,BODY
C6136C691C784F61,2.43,-0.33,30.00,0.12,0.05,0.12,BODY
7C3DE63D250D6A2C,3.72,-0.27,30.15,0.42,0.05,0.18,BODY
2586869D0623EE4C,-3.01,0.03,29.85,0.48,0.13,0.37,ARM
11239E9FF5FFE883,-1.71,-0.10,30.00,0.11,0.13,0.40,BODY
5E38F6187F7DD4AD,-0.09,-0.40,29.85,0.15,0.24,0.60,BODY
A9804E4F8AD32B27,1.08,0.07,30.00,0.16,0.28,0.62,BODY
2C847EAA4EB7621A,2.55,-0.37,30.15,0.21,0.05,0.09,BODY
BA255074CE8D96C6,4.14,-0.13,29.85,0.40,0.03,0.16,BODY
FFE9DB0DE1A080D1,-2.34,0.07,30.15,0.38,0.05,0.29,ARM
2688916B8461C165,-1.24,0.05,29.85,0.08,0.11,0.35,BODY
8DE88782FE0E3363,0.25,-0.04,30.00,0.15,0.24,0.58,BODY
CA273E988A1F50EB,1.50,-0.26,30.15,0.14,0.22,0.51,BODY
93A78E4A19E23B8F,3.15,-0.34,29.85,0.36,0.03,0.15,BODY
AF073355F5BC02C7,-3.27,0.12,30.15,0.53,0.13,0.40,ARM
5460E247A553F0E5,-2.07,-0.28,29.85,0.17,0.02,0.10,BODY
E173D3933D91A3C3,-0.77,0.13,30.00,0.15,0.22,0.54,BODY
6E9C06E87C23CCFA,0.81,0.00,30.15,0.14,0.22,0.53,BODY
F83CA54607447495,2.28,-0.15,30.00,0.13,0.11,0.22,BODY
CAD4C99F7B2C6D02,3.79,0.03,30.15,0.42,0.05,0.18,BODY
6DCD226F44F5D0B0,-2.89,-0.24,29.85,0.48,0.13,0.37,ARM
0E80F04778469832,-1.58,-0.11,30.00,0.10,0.11,0.34,BODY
C09DDD93BEB7B36E,-0.25,0.18,30.15,0.16,0.25,0.61,BODY
626D70FE05021A15,1.05,-0.28,30.00,0.15,0.27,0.62,BODY
584D744D95D81432,2.62,0.06,30.15,0.21,0.05,0.10,BODY
9FBB76E72BC72A9B,3.88,-0.13,29.85,0.41,0.04,0.17,BODY
A6AE4686DC0F20B2,-2.49,-0.08,30.00,0.40,0.06,0.30,ARM
204C1B2D6EE6CE54,-0.80,-0.03,29.85,0.09,0.11,0.35,BODY
CC445C98A45421B0,0.46,-0.24,30.00,0.15,0.24,0.59,BODY
C08ED7D52BC25E04,1.99,0.06,30.15,0.15,0.26,0.57,BODY
AF7614DFBD03479D,3.03,0.01,29.85,0.37,0.03,0.15,BODY
DC2065613E5BBAF7,-3.47,-0.04,30.00,0.60,0.13,0.44,ARM
F7135ECFA153BCBA,-2.04,0.00,29.85,0.15,0.04,0.06,BODY
BC7C1DE2A8932443,-0.64,0.24,30.00,0.15,0.24,0.58,BODY
F98BF14674841F94,0.99,0.25,30.15,0.15,0.22,0.55,BODY
08813ACA94579CB8,2.35,0.17,29.85,0.16,0.05,0.05,BODY
D767074DCE628DF1,3.77,-0.15,30.00,0.42,0.04,0.18,BODY
F98EABC84AE366CA,-2.76,-0.05,29.85,0.43,0.06,0.31,ARM
D689BBA25F382B2C,-1.16,0.20,30.00,0.13,0.14,0.40,BODY
D1BCC47D7A1F81F8,0.20,-0.19,30.15,0.14,0.25,0.60,BODY
101B74CCC32F3304,1.68,0.24,29.85,0.15,0.27,0.61,BODY
0795F02EC7F9D43F,2.86,0.01,30.15,0.25,0.05,0.10,BODY
57F3AE7CF6EF6667,4.33,0.14,29.85,0.38,0.04,0.17,BODY
D21309D7E497E5B7,-2.33,-0.16,30.00,0.53,0.13,0.42,ARM
53C42B7C75F43E09,-0.96,0.24,30.15,0.11,0.13,0.38,BODY
90E4F4AE209A76F5,0.70,0.19,29.85,0.15,0.24,0.57,BODY
D3D914A07E393FF7,1.96,-0.01,30.15,0.16,0.28,0.62,BODY
04CB1B30D4ECCEA5,3.57,0.06,29.85,0.40,0.04,0.17,BODY
EBD781A1256D28F2,-3.26,0.19,30.00,0.33,0.03,0.24,ARM
D4CEB2B9A1EE9036,-1.54,0.17,30.15,0.14,0.05,0.07,BODY
C9DE6B9558A1CE99,-0.48,0.27,30.00,0.14,0.25,0.60,BODY
6508BF1450A38A3B,0.96,0.14,30.15,0.15,0.24,0.58,BODY
512D95E429052057,2.76,0.21,29.85,0.16,0.07,0.08,BODY
A406869144977D3E,4.09,-0.06,30.00,0.41,0.04,0.17,BODY
A1253718FBFECF66,-2.59,0.28,30.15,0.35,0.06,0.26,ARM
BB1CA8F541006984,-1.10,-0.01,30.00,0.15,0.16,0.42,BODY
121661516A3AF309,0.25,-0.11,30.15,0.14,0.24,0.58,BODY
5F3B86E494BF0F11,1.92,0.17,29.85,0.14,0.25,0.57,BODY
13B92236CA35DA9E,3.13,0.29,30.00,0.36,0.02,0.15,BODY
CFC367CA331D56F3,-3.16,-0.06,30.15,0.59,0.14,0.45,ARM
7453771ED4FF343E,-1.95,0.07,30.00,0.15,0.04,0.05,BODY
4EDFD67B6956AF52,-0.57,-0.06,30.15,0.14,0.25,0.59,BODY
BA7BE482A25B3590,0.69,0.19,29.85,0.15,0.23,0.56,BODY
48CF23513373F21D,2.38,-0.02,30.00,0.15,0.04,0.08,BODY
B397B6FACA087ED4,3.56,0.26,29.85,0.41,0.04,0.17,BODY
3C43A84F89AF5113,-2.89,0.11,30.00,0.49,0.15,0.38,ARM
719605F92696070B,-1.34,-0.04,30.15,0.12,0.14,0.38,BODY
F2A0B178152845B1,0.07,0.29,29.85,0.15,0.25,0.59,BODY
41A9D85616945056,1.40,0.01,30.00,0.16,0.24,0.55,BODY
72A56052326CF6ED,3.08,0.27,29.85,0.30,0.04,0.12,BODY
DDD8E840FF50DAE5,-3.34,0.31,30.00,0.48,0.21,0.40,ARM
D73B0E02933E5386,-2.01,0.44,30.15,0.43,0.14,0.31,ARM
C2A63AD0889690B0,-0.77,0.06,29.85,0.14,0.18,0.47,BODY
ACB229013A2963C9,0.54,0.00,30.15,0.15,0.24,0.57,BODY
1FA8694E0D756AA4,1.94,0.12,29.85,0.11,0.05,0.12,BODY
3C48FC247AC8F3C6,3.43,0.42,30.00,0.41,0.04,0.17,BODY
FED6EC196445AE21,-2.53,0.40,30.15,0.46,0.13,0.37,ARM
06C4855DB94EB7EB,-1.55,0.06,29.85,0.08,0.09,0.32,BODY
6CC3F3493E167701,-0.09,0.25,30.15,0.14,0.25,0.60,BODY
E4459A5B736D6F58,1.23,0.12,29.85,0.16,0.27,0.62,BODY
C06671412856371B,3.01,0.31,30.00,0.27,0.04,0.11,BODY
82403A5D92CC3F96,4.16,0.11,30.15,0.55,0.30,0.41,BODY
F591152A7760D7F7,-2.27,0.41,29.85,0.52,0.16,0.38,ARM
44B83641CF3D88EE,-0.84,0.06,30.15,0.11,0.14,0.39,BODY
3EB8A3C577AF3BAD,0.77,0.50,29.85,0.15,0.23,0.57,BODY
B715B082BE82AA88,2.22,0.42,30.00,0.11,0.09,0.24,BODY
CC82B63ECC948B31,3.41,0.36,30.15,0.42,0.04,0.18,BODY
D2871108D8DCDAE3,-2.93,0.16,30.00,0.47,0.13,0.38,ARM
0D29D86F578C6D10,-1.60,0.13,30.15,0.07,0.05,0.20,BODY
4816D7734F016E00,0.04,0.08,29.85,0.14,0.24,0.59,BODY
B04F7C19546B5D42,1.30,0.11,30.00,0.15,0.27,0.61,BODY
588812EB07B9F451,2.71,0.23,30.15,0.27,0.04,0.11,BODY
E9C9E8A2D25A9CD4,4.38,0.28,30.00,0.58,0.35,0.46,BODY
49A1C0367C44D87F,-2.18,0.36,30.15,0.51,0.16,0.37,ARM
F5DB77BD2A44A019,-0.65,0.16,29.85,0.11,0.14,0.40,BODY
59D689D058477A4F,0.81,0.20,30.00,0.15,0.23,0.57,BODY
80052565D34637E1,2.02,0.42,29.85,0.12,0.05,0.12,BODY
ACA1678ADF63591E,3.46,0.46,30.00,0.42,0.04,0.18,BODY
EA3B7D494E6DD7EA,-2.74,0.41,30.15,0.51,0.16,0.42,ARM
B384A7F7C5E9314A,-1.13,0.48,29.85,0.09,0.09,0.23,BODY
93077C4E93FCC50C,0.27,0.58,30.00,0.13,0.25,0.60,BODY
388A7C5E568F9B49,1.45,0.57,29.85,0.16,0.26,0.61,BODY
8A7790E100A8DDAA,2.96,0.12,30.00,0.30,0.04,0.13,BODY
0E1408BE08F1B311,-3.16,0.62,30.15,0.45,0.15,0.38,ARM
6E38A60AE3E04546,-2.07,0.62,29.85,0.17,0.04,0.11,BODY
0B48CF0C29A58C5A,-0.51,0.36,30.15,0.16,0.22,0.52,BODY
E6C6E4F250597F7F,1.07,0.30,29.85,0.14,0.24,0.58,BODY
99826B87DEC14D1F,2.22,0.15,30.00,0.16,0.04,0.04,BODY
EFBDDEAF263F1467,3.47,0.29,30.15,0.42,0.05,0.18,BODY
B8706AAC2DB1BBA9,-2.43,0.32,29.85,0.44,0.11,0.34,ARM
8E2C8D9B31466CA7,-1.23,0.56,30.15,0.08,0.11,0.36,BODY
96FD11491FE6FF58,0.42,0.24,29.85,0.14,0.25,0.59,BODY
281317A1C71DBC5E,1.51,0.62,30.00,0.12,0.22,0.52,BODY
5129AD2DDA5E8C9B,2.94,0.25,30.15,0.34,0.02,0.13,BODY
4268DE29AD3287D7,-3.39,0.29,29.85,0.59,0.14,0.47,ARM
1DE081C89F75A5B9,-1.99,0.37,30.15,0.14,0.06,0.06,BODY
E39405C877940445,-0.37,0.37,29.85,0.14,0.25,0.60,BODY
2CF3E0799A0E7570,1.03,0.69,30.00,0.15,0.23,0.59,BODY
9634790BEE83DF0C,2.59,0.65,30.15,0.15,0.04,0.07,BODY
C74F408EA762FD3D,3.68,0.33,30.00,0.42,0.05,0.18,BODY
CA18C31C456914EB,-2.32,0.49,30.15,0.36,0.06,0.29,ARM
B02B01E5C74304F5,-1.17,0.54,29.85,0.14,0.16,0.46,BODY
F688527C87092DC3,0.60,0.54,30.00,0.14,0.24,0.58,BODY
B9BCBFD457FB748C,1.85,0.36,30.15,0.15,0.28,0.62,BODY
1E0B2B8E598E681F,3.26,0.41,30.00,0.40,0.03,0.16,BODY
5F72F474AEC52478,-2.93,0.72,30.15,0.33,0.05,0.24,ARM
C44B45AAEA657B56,-1.55,0.44,29.85,0.18,0.06,0.09,BODY
E419A00B2907E935,-0.24,0.32,30.00,0.13,0.25,0.60,BODY
4B1A847C01655ACA,1.15,0.57,29.85,0.14,0.27,0.61,BODY
540D3A16384CF9B8,2.56,0.67,30.00,0.19,0.05,0.08,BODY
79A9A2860EB03423,4.18,0.62,30.15,0.44,0.04,0.18,BODY
50B715EA77C1E324,-1.93,0.62,29.85,0.46,0.10,0.35,ARM
6A1FE3154067E061,-0.57,0.70,30.00,0.06,0.09,0.32,BODY
94A6E16FD33D0196,0.50,0.63,29.85,0.14,0.24,0.58,BODY
AA6A14E76F016978,1.87,0.70,30.00,0.16,0.15,0.35,BODY
A407A0EA36B97098,3.47,0.70,30.15,0.41,0.04,0.18,BODY
98E3F41B7916D989,-2.51,0.72,29.85,0.45,0.10,0.35,ARM
CEBCAEE4BFF5D33F,-1.31,0.76,30.00,0.09,0.04,0.10,BODY
6D35D2D19C761FFC,-0.04,0.64,29.85,0.14,0.25,0.60,BODY
A0501539CF1D3B44,1.52,0.46,30.00,0.08,0.18,0.51,BODY
C22A5E115B504195,3.08,0.48,30.15,0.32,0.03,0.13,BODY
D4347FA318A23C8A,-3.23,0.82,29.85,0.58,0.15,0.46,ARM
A03ED7A23249465A,-1.64,0.36,30.15,0.16,0.06,0.07,BODY
F79067FA4EE88D0F,-0.44,0.66,29.85,0.14,0.24,0.58,BODY
D50CD3FFDD24446C,1.15,0.70,30.00,0.15,0.24,0.58,BODY
BD57894AD6789F5A,2.15,0.72,30.15,0.15,0.04,0.06,BODY
016447CED964A2A3,3.65,0.62,29.85,0.42,0.05,0.18,BODY
4B1783152450B6F8,-2.26,0.50,30.15,0.48,0.12,0.38,ARM
147E947FC87550C9,-0.72,0.77,29.85,0.05,0.08,0.29,BODY
84CD6422AAE85384,0.52,0.73,30.00,0.14,0.24,0.58,BODY
FACC4F2C1DB695D5,1.73,0.83,30.15,0.16,0.28,0.64,BODY
96C4B9E489584192,3.46,0.71,30.00,0.41,0.04,0.18,BODY
467AEDE6662A00AF,-2.96,0.62,30.15,0.45,0.12,0.35,ARM
1F4DD11943817317,-1.39,0.76,29.85,0.20,0.04,0.09,BODY
F9DF2FB7227B5BE4,-0.17,0.45,30.00,0.13,0.25,0.60,BODY
088CB5E0C16F0BC6,1.50,0.51,30.15,0.16,0.28,0.62,BODY
7857039F98EDE169,2.51,0.54,30.00,0.26,0.05,0.12,BODY
165C02A938D2DCAC,-3.37,0.46,30.15,0.46,0.17,0.38,ARM
9D38737CA2BCDF49,-1.98,0.63,29.85,0.18,0.05,0.08,BODY
BBA99EBDF847C219,-0.46,0.73,30.00,0.12,0.16,0.45,BODY
774C32F277C4F31B,1.02,0.56,30.15,0.15,0.24,0.58,BODY
F2FBE63711F69F0C,2.43,0.81,30.00,0.14,0.04,0.05,BODY
05EBE869E989118C,3.84,0.55,30.15,0.42,0.05,0.17,BODY
7372CEA70011EB74,-2.14,0.51,29.85,0.49,0.13,0.38,ARM
7E84716EED391E4B,-1.21,0.74,30.00,0.04,0.07,0.25,BODY
95304D4CDECC47FB,0.46,0.72,29.85,0.14,0.25,0.59,BODY
66C3FAE9A98A0191,1.65,0.48,30.00,0.16,0.27,0.63,BODY
83D502F26C699918,3.16,0.74,30.15,0.40,0.04,0.18,BODY
83658194AEE8B5B0,-2.85,0.89,29.85,0.45,0.12,0.35,ARM
DA033BBE04DA8E18,-1.38,0.55,30.00,0.19,0.05,0.09,BODY
C4D8F460603A8356,0.10,0.61,29.85,0.13,0.25,0.60,BODY
AEEF9523D685C4E7,1.29,0.77,30.00,0.13,0.25,0.58,BODY
BDFC0860ED61A773,2.71,0.55,30.15,0.28,0.05,0.13,BODY
8D504D3F317834AB,-3.10,0.61,29.85,0.56,0.13,0.46,ARM
80731BB823E8BA2A,-1.87,0.88,30.15,0.17,0.06,0.07,BODY
7C3EDB8E9D9D9860,-0.38,0.79,29.85,0.13,0.23,0.57,BODY
0842AE334FCA34B0,1.13,0.85,30.00,0.14,0.23,0.58,BODY
A6C53EB9AC905984,2.47,0.90,30.15,0.15,0.04,0.07,BODY
ACCC368C2920CA2B,3.51,0.72,29.85,0.42,0.04,0.17,BODY
7A3720B3A1478BDF,-2.14,0.87,30.15,0.54,0.15,0.42,ARM
618B97AAFDA64B06,-0.75,0.60,29.85,0.04,0.08,0.26,BODY
B6DB4B267CC18524,0.72,0.79,30.00,0.15,0.25,0.60,BODY
57D09B8D936DE295,1.97,0.75,30.15,0.17,0.25,0.58,BODY
464D6ED2EB441530,3.29,0.67,30.00,0.41,0.04,0.18,BODY
8C83B8F663C6627E,-2.55,0.97,30.15,0.46,0.14,0.37,ARM
F7FB692063756148,-1.20,1.03,29.85,0.16,0.05,0.08,BODY
F1EBA456235E8092,0.20,0.81,30.00,0.13,0.24,0.60,BODY
45DF082D944FB6A4,1.61,0.90,30.15,0.14,0.27,0.61,BODY
AFA392E677891915,2.90,1.06,30.00,0.35,0.02,0.15,BODY
9A4FA5A8D8F63E8A,-2.78,1.04,30.15,0.38,0.07,0.29,ARM
05C554C4CD82CCAA,-1.55,0.73,29.85,0.18,0.05,0.08,BODY
DBAEAD956151F274,-0.32,1.00,30.00,0.11,0.25,0.60,BODY
0C7C9C490D827B2E,1.25,1.09,30.15,0.15,0.28,0.62,BODY
33F9E47470198FD6,2.59,0.78,30.00,0.24,0.05,0.11,BODY
7A8A3BBD910ABAB8,4.04,0.76,30.15,0.33,0.10,0.19,BODY
C088375E762D7DA9,-1.67,1.12,29.85,0.18,0.05,0.10,BODY
AA8A493F961AA2D9,-0.37,0.80,30.00,0.12,0.14,0.40,BODY
78D77BB47A6B17A0,0.97,1.08,29.85,0.15,0.24,0.60,BODY
C52AEDB842F7CE65,2.32,0.71,30.00,0.14,0.05,0.06,BODY
5496FF20FD10056C,3.74,0.71,30.15,0.42,0.05,0.19,BODY
10DA09C234C0CFD7,-1.98,0.81,29.85,0.51,0.13,0.40,ARM
710E28E089F91C04,-0.83,1.10,30.00,0.04,0.09,0.26,BODY
288A2DBAEDE63A5C,0.36,1.02,29.85,0.13,0.25,0.58,BODY
A52B227F5DAABD76,1.93,0.80,30.00,0.22,0.23,0.47,BODY
291249B825686219,3.38,1.08,30.15,0.41,0.04,0.19,BODY
CAE8F3F5BA42E797,-2.45,1.03,29.85,0.36,0.06,0.27,ARM
BC5D7FC2A0787363,-1.33,0.90,30.15,0.18,0.05,0.08,BODY
B16B2CE3ECAE35C9,0.42,1.16,29.85,0.15,0.24,0.59,BODY
4F1999C9F849564A,1.87,0.96,30.00,0.15,0.28,0.61,BODY
90508467A5A66D73,3.12,1.07,30.15,0.37,0.02,0.16,BODY
A33583BC2829E912,-2.96,0.99,29.85,0.45,0.12,0.34,ARM
54B42DED864A18A0,-1.59,0.96,30.15,0.24,0.05,0.10,BODY
FEA89F9875596E6C,0.04,1.14,29.85,0.14,0.24,0.60,BODY
283BAD305F001DA6,1.55,1.14,30.00,0.15,0.27,0.62,BODY
DCC835E2ABD12FC5,2.87,1.23,30.15,0.29,0.05,0.12,BODY
8B810C35C9EA9AE5,-3.17,1.05,29.85,0.60,0.14,0.46,BODY
A093F4E1DDF51C62,-1.92,1.01,30.15,0.18,0.05,0.09,BODY
80E59CB95366E018,-0.16,0.98,29.85,0.14,0.20,0.49,BODY
1B8FF462C777ADE8,1.20,0.99,30.00,0.17,0.27,0.62,BODY
F24CCC44C4743DDA,2.60,0.97,30.15,0.19,0.05,0.09,BODY
F3D8591AE6A402BA,3.71,1.15,30.00,0.64,0.42,0.54,BODY
680E54A541F9A0C1,-2.01,1.01,30.15,0.18,0.05,0.11,BODY
27535D23129EB5FC,-0.73,1.10,29.85,0.14,0.13,0.42,BODY
3D8478D496B6BA03,1.05,0.82,30.00,0.16,0.25,0.59,BODY
B64FA8AAEE9D461B,2.08,1.24,30.15,0.14,0.06,0.07,BODY
841029642282DB72,3.54,1.01,30.00,0.42,0.04,0.18,BODY
D5F0E79403C1E6D7,-1.93,0.99,30.15,0.50,0.11,0.38,BODY
1EE83F4355B0032C,-0.55,0.95,29.85,0.05,0.08,0.29,BODY
F7CA409EA54AF0E6,0.74,0.99,30.00,0.13,0.27,0.60,BODY
23265758DB272EE1,1.87,1.02,29.85,0.15,0.05,0.07,BODY
279A5E43A490F40D,3.47,1.04,30.00,0.41,0.04,0.18,BODY
803312B62FB7767C,-2.11,1.27,30.15,0.53,0.13,0.41,BODY
E83D595A3D0D74F0,-0.81,0.89,29.85,0.11,0.05,0.15,BODY
79D62EBD50CAFD58,0.71,0.86,30.00,0.13,0.26,0.61,BODY
44B6197F2453557D,1.72,1.19,29.85,0.19,0.25,0.50,BODY
A46E4F5B393C0778,3.45,0.99,30.00,0.41,0.04,0.18,BODY
54DE8BFB9ED8147B,-2.68,1.21,30.15,0.35,0.06,0.26,BODY
FE7B20194D86BC20,-1.29,1.32,29.85,0.18,0.05,0.07,BODY
6DEF8E31A1E4E61D,0.10,1.06,30.15,0.17,0.19,0.42,BODY
0A14E5DB36F714C7,1.66,0.96,29.85,0.18,0.28,0.56,BODY
6B78AF6D5FDE57A5,3.08,1.06,30.00,0.39,0.03,0.16,BODY
4EDC264EFA4D6F8F,-2.55,1.32,30.15,0.44,0.10,0.33,BODY
FBA474D708BA4666,-1.14,1.24,29.85,0.23,0.04,0.09,BODY
71FD3147F0EEDE00,0.07,1.16,30.15,0.45,0.34,0.38,BODY
8BD3B4A7FA7ACD90,1.58,1.41,29.85,0.15,0.28,0.64,BODY
7DDF9A236766A8C6,3.07,1.39,30.00,0.36,0.02,0.15,BODY
5A2363D8E16ADDE5,-2.56,1.30,30.15,0.36,0.07,0.27,BODY
4A55C25E9035FD4E,-1.52,1.12,29.85,0.24,0.05,0.10,BODY
3FE0E17613B3AA6E,0.16,1.07,30.15,0.71,0.50,0.42,BODY
BD0AF10429F1D8E4,1.22,1.43,29.85,0.13,0.28,0.62,BODY
8AA5C1CA6764B5C5,2.63,1.35,30.00,0.31,0.04,0.14,BODY
A791940F2CADA629,-2.75,1.40,30.15,0.40,0.09,0.31,BODY
3BC683A82C875E08,-1.30,1.17,30.00,0.20,0.05,0.08,BODY
C82F2922C381B865,-0.10,1.34,30.15,0.86,0.60,0.47,BODY
4B90D39C63AF906C,1.52,1.08,29.85,0.13,0.27,0.64,BODY
0370634D783668FB,2.70,1.28,30.00,0.26,0.05,0.11,BODY
B2F637DFC06D5DD8,-2.90,1.19,30.15,0.56,0.15,0.47,BODY
DF8FB5BE8072F5A6,-1.73,1.26,30.00,0.20,0.05,0.09,BODY
C4E7355665567FB6,-0.31,1.05,30.15,0.92,0.67,0.54,BODY
1FD26FA79D4B10A4,1.11,1.37,29.85,0.15,0.27,0.62,BODY
96370BFD3AAA6D46,2.51,1.20,30.00,0.23,0.05,0.10,BODY
840CB08270EF6912,-3.21,1.05,29.85,0.57,0.14,0.47,BODY
5BCE5A59CEAAA792,-1.63,1.43,30.00,0.20,0.05,0.11,BODY
B370995A0E89D27C,-0.44,1.46,30.15,0.74,0.69,0.67,BODY
BE47CBFDE4D8F6A6,1.25,1.50,29.85,0.20,0.25,0.54,BODY
2FBBD04388DE417C,2.56,1.41,30.00,0.19,0.05,0.08,BODY
23834FF73A6E2F2B,-3.07,1.40,29.85,0.53,0.15,0.43,BODY
1F2E5D0274506072,-1.81,1.13,30.00,0.22,0.05,0.11,BODY
47C64F41A91D3766,-0.33,1.13,30.15,0.56,0.72,0.73,BODY
F829FBEB04CC9B4B,1.00,1.13,29.85,0.20,0.23,0.43,BODY
1E3623DD793A7FAC,2.36,1.53,30.00,0.16,0.05,0.07,BODY
883D9D1241BD8197,-3.24,1.25,29.85,0.47,0.16,0.39,BODY
1E4437F9AF955AFE,-1.93,1.36,30.00,0.23,0.05,0.10,BODY
01F0AE741CF75930,-0.46,1.34,30.15,0.60,0.79,0.80,BODY
F4FCB2038C47B4CB,1.03,1.59,29.85,0.30,0.20,0.31,BODY
72E8F04D90C17390,2.53,1.14,30.15,0.15,0.04,0.06,BODY
D6CD1844FF12E927,-3.10,1.60,29.85,0.48,0.20,0.41,BODY
50188ABB36ED8401,-1.80,1.28,30.00,0.23,0.05,0.10,BODY
5341E3B8073D2368,-0.52,1.43,30.15,0.60,0.82,0.83,BODY
DFFCB7E622152495,1.27,1.36,29.85,0.69,0.49,0.49,BODY
341EDD1A148C472B,2.28,1.22,30.15,0.15,0.04,0.06,BODY
5CB123BC13F9A604,-3.19,1.52,29.85,0.53,0.25,0.47,BODY
DBF06AF63577FF04,-1.98,1.26,30.00,0.24,0.04,0.10,BODY
97F48CA45171FF5D,-0.16,1.17,30.15,0.61,0.84,0.85,BODY
914CEF4B036CB7B6,0.92,1.36,30.00,0.89,0.67,0.58,BODY
D2F839767DCC71DE,2.39,1.35,30.15,0.15,0.04,0.06,BODY
B66F6C03927BEF17,-2.92,1.67,29.85,0.56,0.31,0.51,BODY
11100E62A5A87AA9,-1.72,1.34,30.00,0.24,0.05,0.10,BODY
845DEF0A54503401,-0.47,1.27,30.15,0.63,0.86,0.85,BODY
F3EC761FC5551547,0.83,1.33,30.00,0.97,0.73,0.62,BODY
3CF833320CADF2A1,2.28,1.54,30.15,0.14,0.04,0.06,BODY
FA82A9B9798CF04C,-3.10,1.41,29.85,0.53,0.16,0.43,BODY
B08F9D4E00D22B1A,-1.73,1.50,30.00,0.24,0.05,0.11,BODY
0AD8D8131DD5E090,-0.18,1.55,30.15,0.60,0.76,0.73,BODY
AC3A6DE3C3CB0C07,1.02,1.55,30.00,0.82,0.52,0.41,BODY
7E893DD16C8BC9D3,2.42,1.26,30.15,0.17,0.05,0.08,BODY
66019B31B0277925,-3.26,1.39,29.85,0.58,0.15,0.45,BODY
BBA050427AB3141A,-1.58,1.28,30.00,0.21,0.05,0.10,BODY
4E73BF406A0F8C79,0.00,1.75,29.85,0.90,0.80,0.76,BODY
946C90B36B0AB23B,1.26,1.36,30.00,0.95,0.67,0.67,BODY
395C4291648BD1A8,2.39,1.50,30.15,0.19,0.05,0.10,BODY
2E7B70C00C62AE15,-2.73,1.65,29.85,0.58,0.16,0.45,BODY
C8F87C7BECD33EC7,-1.40,1.40,30.00,0.20,0.04,0.10,BODY
A46A2C8F9CEF4F4D,-0.22,1.42,29.85,0.91,0.75,0.71,BODY
BE153D4341C17766,1.34,1.44,30.00,0.34,0.31,0.49,BODY
34959A660CE4D14B,2.65,1.65,30.15,0.23,0.05,0.10,BODY
0592C2DDBD4E1D41,-3.10,1.62,29.85,0.40,0.10,0.31,BODY
31327E8B0D528D4C,-1.34,1.74,30.15,0.13,0.06,0.11,BODY
0F368C9033149164,0.19,1.75,29.85,0.92,0.77,0.73,BODY
FBF818D4189D77DC,1.28,1.56,30.00,0.20,0.23,0.33,BODY
439FC392CD63C657,2.86,1.49,30.15,0.28,0.05,0.12,BODY
F07020BFF375FE22,-2.50,1.35,29.85,0.39,0.09,0.31,BODY
2CD78158F8C8D512,-1.18,1.43,30.15,0.16,0.30,0.32,BODY
C9C73C06F7A8BBCF,0.08,1.65,29.85,0.95,0.78,0.69,BODY
56F0FD06E84CC74A,1.42,1.81,30.00,0.22,0.20,0.13,BODY
AA34EE077F4D3232,3.03,1.43,30.15,0.35,0.03,0.14,BODY
3BEC1D7B4EFA927F,-2.65,1.60,30.00,0.45,0.15,0.36,BODY
C41791D07FE25CCE,-1.23,1.58,30.15,0.42,0.58,0.60,BODY
A3161BA7D24FB970,0.32,1.79,29.85,0.96,0.76,0.70,BODY
83F95B62FF77723E,1.72,1.40,30.00,0.04,0.02,0.05,BODY
0C33DE137F3CC785,3.10,1.55,30.15,0.38,0.03,0.16,BODY
63B06B7258A8059A,-2.17,1.56,30.00,0.50,0.13,0.38,BODY
5350793B3C696144,-1.05,1.88,30.15,0.64,0.83,0.84,BODY
D16F7DDFDEC03842,0.32,1.62,29.85,0.96,0.79,0.70,BODY
3C033F4AFFB46633,1.63,1.48,30.00,0.09,0.05,0.05,BODY
FCFC1F9E324A5E02,2.95,1.62,30.15,0.38,0.03,0.16,BODY
FAA751A43FF34D6C,-2.24,1.70,30.00,0.47,0.09,0.37,BODY
045CEF1BE12E78FF,-0.63,1.72,30.15,0.62,0.82,0.84,BODY
2F5FB0CF109839EF,0.85,1.60,29.85,0.95,0.78,0.70,BODY
AB32CAC44B495662,2.12,1.90,30.00,0.16,0.05,0.07,BODY
1127066DAAD9F255,3.32,1.63,29.85,0.40,0.04,0.18,BODY
5468FB99E404409A,-1.75,1.93,30.00,0.21,0.04,0.09,BODY
E7CBA3F66645366A,-0.56,1.62,30.15,0.17,0.07,0.12,BODY
371442AC349CB5A7,0.88,1.94,29.85,0.95,0.76,0.63,BODY
A47636CF5AE2C468,2.49,1.95,30.00,0.13,0.05,0.06,BODY
C0C60699914F2DE1,-3.13,1.56,29.85,0.64,0.33,0.53,BODY
8293EECCEEFE0EA2,-1.70,1.75,30.00,0.22,0.24,0.25,BODY
45B3B24472B84051,-0.50,1.52,30.15,0.11,0.04,0.12,BODY
6642AC2D3F6EAC58,1.08,1.75,29.85,0.45,0.36,0.27,BODY
28221EA1BF373321,2.29,1.56,30.15,0.17,0.05,0.08,BODY
E25E05FD089E62BA,-2.57,1.75,29.85,0.33,0.04,0.24,BODY
9F530B8F74DCF094,-1.25,1.84,30.00,0.34,0.53,0.55,BODY
8C999A946AA43C5E,-0.24,1.73,30.15,0.16,0.16,0.42,BODY
C15A430A3E8B2305,1.17,1.75,29.85,0.02,0.03,0.03,BODY
BB5B96FBFC638053,2.68,1.98,30.15,0.31,0.04,0.13,BODY
3523B59A2260D262,-2.48,1.69,29.85,0.35,0.05,0.26,BODY
D5DBE247E576506B,-1.12,1.78,30.00,0.60,0.83,0.84,BODY
D9CAAA417A91963C,0.28,1.75,30.15,0.18,0.16,0.29,BODY
93E623F3225F0877,1.88,1.83,29.85,0.02,0.03,0.04,BODY
D79A9AE7A01CA451,3.03,1.95,30.15,0.38,0.02,0.16,BODY
9E7ABC9610CE0827,-2.06,1.92,29.85,0.44,0.08,0.35,BODY
E66CF8609DDA1364,-0.71,1.79,30.00,0.51,0.60,0.62,BODY
0F59517478C98328,0.47,2.04,30.15,0.36,0.28,0.19,BODY
0F32F88B1FF8385D,2.18,1.68,30.00,0.15,0.05,0.07,BODY
CD4B01369E79807C,3.28,1.78,30.15,0.38,0.02,0.17,BODY
A7BC13655ABA8396,-1.83,2.02,29.85,0.17,0.16,0.21,BODY
C69A1A5A64A40BC4,-0.26,2.07,30.00,0.22,0.06,0.09,BODY
8B2EADF184D39735,1.03,1.74,30.15,0.10,0.06,0.02,BODY
83841E3FD209C53D,2.32,1.81,30.00,0.12,0.04,0.05,BODY
1F87D4F8E3FA3EBE,-3.02,2.06,30.15,0.58,0.15,0.43,BODY
AA48B38DCF19CA81,-1.62,1.78,29.85,0.39,0.59,0.60,BODY
5FF00A20446C2220,-0.24,1.80,30.00,0.09,0.03,0.04,BODY
9837C0DE8568D6A8,1.31,1.70,29.85,0.02,0.04,0.04,BODY
6692C298B2420EFB,2.49,2.05,30.00,0.22,0.05,0.09,BODY
433509E74BC6C10D,-2.57,2.13,30.15,0.41,0.10,0.33,BODY
CA3435CE8F535305,-1.13,1.92,29.85,0.64,0.84,0.86,BODY
DA21740FDA8075C2,0.17,1.82,30.00,0.24,0.20,0.12,BODY
1182C51BB7DBEA8B,1.69,1.76,29.85,0.02,0.02,0.03,BODY
011B2DB78B2C0D1C,2.87,1.68,30.00,0.36,0.02,0.14,BODY
3EED752491E107CD,-2.42,2.00,30.15,0.44,0.11,0.36,BODY
77C74828BF17EB85,-0.74,2.06,29.85,0.17,0.06,0.10,BODY
4CDBFEAD34F3D1E4,0.70,2.14,30.00,0.04,0.02,0.04,BODY
97FFB2BABB76DB04,2.04,2.18,29.85,0.15,0.04,0.06,BODY
592451489308C657,3.18,1.71,30.00,0.37,0.03,0.16,BODY
5E8CE74D290D73F8,-1.95,2.17,30.15,0.16,0.32,0.34,BODY
B0D72B63A65DFBCE,-0.46,2.00,29.85,0.20,0.05,0.10,BODY
50BADF795B2BB270,1.14,1.76,30.15,0.04,0.05,0.06,BODY
BF9351E688C8BA70,2.51,2.00,29.85,0.11,0.04,0.04,BODY
54ACDFDA2F762635,-2.86,2.12,30.00,0.47,0.13,0.37,BODY
57698FAF9A0B52E8,-1.50,2.25,30.15,0.58,0.78,0.79,BODY
5886BFC479E7E794,0.14,2.11,29.85,0.11,0.09,0.11,BODY
ED4D2E3C2EC6D16E,1.38,1.98,30.15,0.02,0.03,0.04,BODY
F4595E661938A6CD,2.66,2.05,29.85,0.29,0.04,0.12,BODY
FB5D101EC9FA75AB,-2.53,2.23,30.00,0.50,0.14,0.39,BODY
515D66785162294A,-1.16,2.07,30.15,0.18,0.09,0.14,BODY
0D9CFA7DDB412F43,0.52,1.93,30.00,0.03,0.03,0.03,BODY
6BC08C780F20CA01,1.75,2.12,30.15,0.11,0.06,0.09,BODY
555E1D08573D3A97,3.22,2.05,29.85,0.36,0.02,0.16,BODY
E857263E5C08F837,-1.68,1.98,30.00,0.24,0.39,0.40,BODY
CF48C7302E56E0E9,-0.73,2.03,30.15,0.21,0.05,0.09,BODY
1C3A923971E0A68D,0.94,2.20,30.00,0.03,0.03,0.04,BODY
E7B744157E32FF59,2.25,1.98,30.15,0.11,0.03,0.05,BODY
DCF78E7F97CE6CE7,-2.70,2.04,29.85,0.50,0.14,0.40,BODY
6E51AED369C8F759,-1.22,2.28,30.00,0.62,0.82,0.83,BODY
C57737C8426960A7,-0.09,1.92,29.85,0.10,0.07,0.10,BODY
5DEED3C2485DC081,1.43,2.22,30.00,0.03,0.03,0.04,BODY
4037597E9E83E445,2.68,2.07,30.15,0.24,0.04,0.10,BODY
589BB4F21EB4B90C,-2.49,1.88,29.85,0.46,0.12,0.36,BODY
35D106EAEDBE8D4D,-0.67,2.17,30.00,0.26,0.05,0.13,BODY
A0578ED6F0DD235A,0.29,2.08,29.85,0.02,0.03,0.04,BODY
4CF1CB65D00D846E,1.82,2.01,30.00,0.13,0.06,0.08,BODY
49103CFDC6754A18,3.17,2.31,30.15,0.36,0.02,0.16,BODY
9E3EA6B560CF69B6,-1.70,2.09,29.85,0.50,0.69,0.70,BODY
0C3CD9DD04576311,-0.50,2.39,30.00,0.20,0.05,0.09,BODY
76AB32C03E418923,1.15,2.23,29.85,0.02,0.03,0.04,BODY
29E6AF5B79846563,2.43,2.08,30.00,0.11,0.03,0.05,BODY
0126BB5B8619489A,-2.67,2.06,30.15,0.37,0.07,0.27,BODY
4E392EA81038C47C,-1.44,2.33,29.85,0.69,0.82,0.82,BODY
35D965B325E85069,0.21,2.04,30.15,0.02,0.03,0.04,BODY
BC9D6600BC84D92E,1.72,2.02,29.85,0.04,0.09,0.06,BODY
1EF71BA4B0F270C1,3.15,2.33,30.00,0.28,0.05,0.12,BODY
96B017C83E837F24,-1.85,2.35,30.15,0.27,0.34,0.39,BODY
EEF82EC2FDE55770,-0.80,2.33,29.85,0.19,0.05,0.09,BODY
D0823D8A49B1D66E,0.89,2.26,30.15,0.02,0.03,0.04,BODY
DB7BBBA7391D50AA,2.04,2.08,29.85,0.13,0.04,0.05,BODY
2C172E5325C271A7,-3.03,2.01,30.00,0.56,0.16,0.45,BODY
BC9B52A37497B2AA,-1.17,2.47,30.15,0.63,0.85,0.85,BODY
281A78256EDBF852,-0.02,2.17,30.00,0.06,0.04,0.06,BODY
39FBB0C888C9D783,1.14,2.04,30.15,0.04,0.03,0.03,BODY
B51762B78B3D8617,2.94,2.37,29.85,0.21,0.05,0.09,BODY
4DF9184283E260A5,-2.34,2.39,30.00,0.45,0.11,0.35,BODY
558A2F094157F513,-1.00,2.39,30.15,0.24,0.05,0.11,BODY
9821B036621BA521,0.65,2.41,30.00,0.02,0.03,0.04,BODY
BFB28C9C1EB3EADC,1.98,2.07,30.15,0.12,0.04,0.06,BODY
483389A51FD1C72D,-2.98,2.41,29.85,0.58,0.36,0.51,BODY
F40612B652D006BF,-1.42,2.24,30.00,0.63,0.84,0.85,BODY
BB54B3104FE9AC3F,-0.09,2.27,30.15,0.10,0.04,0.05,BODY
B035667791A7AECB,1.18,2.51,30.00,0.02,0.03,0.04,BODY
8D98DB4CD064B1C0,2.74,2.11,30.15,0.36,0.49,0.50,BODY
7BF30BB606BEE634,-2.13,2.38,29.85,0.47,0.12,0.38,BODY
1F3E15C7EE63E657,-0.68,2.22,30.00,0.26,0.05,0.12,BODY
6DAE07106587CA47,0.43,2.40,29.85,0.02,0.03,0.04,BODY
83F731137769DED3,1.81,2.32,30.00,0.11,0.05,0.07,BODY
5C1C0994A654B107,3.49,2.20,30.15,0.35,0.14,0.22,BODY
94540DC73A8DE452,-1.52,2.15,29.85,0.66,0.84,0.86,BODY
8419C6ADFB69ED06,-0.09,2.19,30.00,0.11,0.05,0.06,BODY
4B9BF377AB2078C7,1.13,2.54,29.85,0.02,0.03,0.04,BODY
E8CD4CC7C439BA22,2.61,2.56,30.00,0.32,0.51,0.53,BODY
83024904369B39DF,-2.43,2.21,30.15,0.49,0.12,0.38,BODY
B815428DE8122638,-0.77,2.41,29.85,0.26,0.05,0.11,BODY
6422DB533287CD12,0.45,2.60,30.15,0.02,0.03,0.04,BODY
7BCB4E0DAB6E153D,1.85,2.20,29.85,0.11,0.05,0.07,BODY
5224E984DB2D37D1,-2.76,2.64,30.00,0.75,0.60,0.70,BODY
C7F3DB0489B150B4,-1.47,2.50,30.15,0.70,0.86,0.89,BODY
3817F4CB1872D542,-0.21,2.23,29.85,0.04,0.02,0.02,BODY
853E575FF996C7BA,1.38,2.51,30.15,0.02,0.03,0.04,BODY
3914E97D2F359A98,2.70,2.27,29.85,0.36,0.58,0.59,BODY
4D68004ADBFFFA1F,-1.88,2.48,30.00,0.55,0.16,0.45,BODY
AD80D7D67B02AD10,-0.84,2.64,30.15,0.21,0.04,0.09,BODY
AA59A12F810A4C13,0.78,2.62,30.00,0.03,0.03,0.03,BODY
3E63C5D73656B7A4,1.86,2.46,30.15,0.11,0.04,0.07,BODY
E6D0FF06F0610B7D,-2.68,2.43,29.85,0.53,0.15,0.43,BODY
241494E59CD49B83,-1.54,2.72,30.00,0.13,0.12,0.13,BODY
4A796BAF7DCF05A4,0.09,2.41,30.15,0.02,0.03,0.04,BODY
D81117DE0FED36D1,1.34,2.70,30.00,0.03,0.05,0.04,BODY
3BAE62794ADA323C,3.07,2.37,30.15,0.45,0.65,0.65,BODY
A0A39BBB9C36F6FB,-2.02,2.65,29.85,0.39,0.45,0.51,BODY
3A24F94656FC4D1F,-0.67,2.45,30.00,0.16,0.05,0.07,BODY
FFC23C6876E31486,0.94,2.50,30.15,0.02,0.03,0.04,BODY
C5DB4566B24630D4,2.48,2.49,30.00,0.22,0.39,0.40,BODY
7D9F71476A3DDE41,-2.26,2.34,30.15,0.40,0.07,0.29,BODY
A52EACB49896C12B,-0.83,2.66,29.85,0.19,0.05,0.10,BODY
5F5929240E5C4A0A,0.09,2.64,30.00,0.02,0.03,0.04,BODY
BEB2150478AE75C7,1.83,2.53,29.85,0.01,0.05,0.03,BODY
5AFE7E6762C1120E,3.36,2.74,30.00,0.23,0.04,0.12,BODY
8073EE58AB515764,-1.74,2.80,30.15,0.69,0.89,0.88,BODY
9E9D7E5FA5DF4C83,-0.38,2.34,29.85,0.03,0.02,0.02,BODY
590CBFBA849A3BB1,1.14,2.47,30.00,0.03,0.04,0.04,BODY
BDED8750E6781893,2.54,2.43,29.85,0.35,0.57,0.58,BODY
7D16A9478BF46787,-2.07,2.44,30.00,0.60,0.14,0.45,BODY
94B885729ABE6666,-0.92,2.43,30.15,0.18,0.05,0.09,BODY
E6E64F06B790C9F8,0.54,2.83,29.85,0.01,0.04,0.04,BODY
FF184C07F61103A4,2.07,2.45,30.15,0.18,0.24,0.26,BODY
656CF745B4B64F42,-2.67,2.46,29.85,0.56,0.13,0.42,BODY
FE8FD5961C9897BC,-1.39,2.68,30.00,0.15,0.07,0.08,BODY
9C420C8AE08BB9FE,0.00,2.56,30.15,0.03,0.03,0.04,BODY
234BC8B7B5DEB4B2,1.58,2.85,29.85,0.05,0.08,0.05,BODY
F9CF1274349C9528,2.97,2.56,30.15,0.43,0.67,0.66,BODY
6F10605C8254DD12,-1.49,2.47,29.85,0.33,0.27,0.38,BODY
4072D199EBF8F148,-0.29,2.46,30.00,0.03,0.02,0.02,BODY
394576F64B352980,1.00,2.76,30.15,0.03,0.03,0.04,BODY
BC39BEABA959548F,2.77,2.59,29.85,0.28,0.47,0.49,BODY
A0C8504589BA87C2,-2.16,2.47,30.15,0.51,0.11,0.40,BODY
EED39A3DDBD9AE8E,-0.62,2.76,29.85,0.14,0.04,0.06,BODY
0BFFE0577C758D7F,0.91,2.56,30.00,0.02,0.03,0.04,BODY
F12ECA079ED271C0,1.88,2.46,30.15,0.16,0.25,0.27,BODY
4DAAF9AD4CE5969A,-2.56,2.80,30.00,0.56,0.11,0.42,BODY
95052B15BC354FA6,-1.28,2.51,30.15,0.18,0.05,0.07,BODY
77B3F0EDEE7ED997,0.08,2.49,29.85,0.02,0.03,0.03,BODY
749ADAE7DB484D14,1.91,2.58,30.00,0.02,0.05,0.02,BODY
58849B603B5BE91F,3.03,2.76,30.15,0.46,0.66,0.67,BODY
24D62F4E2EF9C078,-1.33,2.74,30.00,0.36,0.19,0.36,BODY
A079E3D0E5EF26C3,-0.14,2.92,30.15,0.01,0.03,0.03,BODY
54A75D1E3C073672,1.18,2.73,29.85,0.03,0.05,0.03,BODY
FE08FCD4601251F7,2.76,2.75,30.00,0.35,0.54,0.56,BODY
5C7AA06851E1BD5D,-1.87,2.60,29.85,0.61,0.16,0.50,BODY
7BAF77339D00AE6A,-0.73,2.98,30.00,0.12,0.03,0.06,BODY
040761C17405C6DF,0.92,2.81,30.15,0.02,0.02,0.03,BODY
6D3CF95B2CDF54EE,2.48,2.93,29.85,0.21,0.35,0.37,BODY
78C142203B625680,-2.50,2.58,30.00,0.43,0.07,0.36,BODY
F779631499A7987D,-0.97,2.87,29.85,0.18,0.06,0.09,BODY
A112A23AD63DFB63,0.33,2.60,30.00,0.03,0.02,0.01,BODY
5733D8D2B914E07F,1.79,2.96,30.15,0.04,0.08,0.06,BODY
B3133A8685C8A35B,-2.77,3.03,29.85,0.51,0.36,0.46,BODY
3B5FAAD9FABF6CF1,-1.49,2.77,30.00,0.25,0.09,0.20,BODY
F13730A10BCF1538,0.15,2.95,29.85,0.02,0.02,0.02,BODY
98DC60E1515C91D1,1.69,2.72,30.00,0.06,0.09,0.06,BODY
B1832462A55B595C,2.69,2.88,30.15,0.39,0.59,0.61,BODY
8573251D27F574B6,-2.04,2.82,29.85,0.36,0.10,0.27,BODY
43D9AEC3516DD46C,-0.22,2.96,30.15,0.18,0.07,0.13,BODY
DC0EFC45C48E2186,0.81,2.83,29.85,0.01,0.04,0.03,BODY
3909DC8EA8568A5B,2.61,3.03,30.00,0.22,0.38,0.40,BODY
8E4867BFDCC27EFA,-2.27,2.96,30.15,0.63,0.15,0.50,BODY
E569AD192DA73A6E,-0.82,2.75,29.85,0.23,0.06,0.15,BODY
75616B2BC3095CFD,0.48,2.70,30.15,0.18,0.10,0.06,BODY
C8674C949BBF32FF,1.95,3.11,29.85,0.00,0.03,0.01,BODY
0929AAB4E981A257,3.37,2.70,30.00,0.48,0.62,0.64,BODY
72C147D2B7F67821,-1.64,3.16,30.15,0.31,0.07,0.22,BODY
2895998BAA5901B5,-0.09,2.90,30.00,0.16,0.07,0.15,BODY
FC8C24DFA95E64BF,1.54,2.88,30.15,0.04,0.06,0.04,BODY
97BF558EDE85F7F9,2.95,3.11,29.85,0.36,0.54,0.56,BODY
38EFA282A41D0FC5,-1.99,2.81,30.00,0.24,0.04,0.18,BODY
5828AB205EC0F26B,-0.75,3.11,30.15,0.22,0.08,0.17,BODY
9E04610C8FA65F92,0.64,2.80,30.00,0.02,0.02,0.04,BODY
82D9232DCA3045A5,2.41,3.00,30.15,0.14,0.24,0.25,BODY
41D0E05B33CAC57A,-2.64,2.79,29.85,0.40,0.18,0.35,BODY
5B725F6C4EFE9023,-1.15,3.02,30.00,0.25,0.08,0.20,BODY
7E2BBD3DBEB7C25B,0.20,3.20,29.85,0.09,0.02,0.07,BODY
B257F3D38DDC67EF,1.66,3.15,30.00,0.01,0.04,0.02,BODY
2C3DE77AB98B55BE,2.97,2.79,30.15,0.44,0.65,0.67,BODY
0B51CD51068860B7,-1.65,2.96,29.85,0.23,0.09,0.19,BODY
900A5F4470885D58,-0.56,2.94,30.00,0.22,0.03,0.16,BODY
A9872D244AE50519,1.02,3.23,29.85,0.05,0.04,0.06,BODY
D2C5390320F2F5CF,2.41,2.81,30.00,0.16,0.31,0.31,BODY
AE0879CAD50C493B,-2.36,3.12,30.15,0.25,0.04,0.18,BODY
85091CA86D6159DA,-0.86,2.89,29.85,0.38,0.11,0.32,BODY
40390638F55FF6B1,0.66,2.87,30.00,0.31,0.23,0.15,BODY
9AA3DCC245785367,1.63,2.91,29.85,0.10,0.15,0.09,BODY
D6664A4F75F510C1,3.23,2.86,30.00,0.52,0.71,0.73,BODY
537A7ACF88C880CA,-1.60,3.09,30.15,0.24,0.04,0.19,BODY
EF706E04580843A9,-0.07,3.32,29.85,0.28,0.07,0.22,BODY
B5420574FF1D9FBC,1.09,2.85,30.15,0.01,0.05,0.04,BODY
B0ABBA9ADDCC5145,2.81,3.11,29.85,0.29,0.45,0.47,BODY
6F748B12274A074C,-1.85,3.26,30.00,0.37,0.13,0.29,BODY
A2DE88F2D1D5A815,-0.67,3.30,30.15,0.56,0.17,0.44,BODY
A589C532CEEAA8AB,0.81,3.24,29.85,0.02,0.02,0.04,BODY
0E397AA7861086CC,2.24,3.09,30.15,0.17,0.20,0.22,BODY
BC01560A6EBBD845,-2.09,3.31,29.85,0.29,0.07,0.21,BODY
0213B975041BDD2D,-0.85,3.33,30.00,0.42,0.05,0.30,BODY
CCB20B50D3DE9F6F,0.71,3.18,30.15,0.58,0.38,0.26,BODY
2EBC1524BA153BA6,2.06,3.29,30.00,0.03,0.04,0.03,BODY
56639A8A0CD5C49B,3.22,3.39,30.15,0.56,0.72,0.72,BODY
F78EA447ED2349BD,-1.10,3.02,29.85,0.38,0.02,0.28,BODY
487D5D2D66435102,0.06,3.34,30.00,0.26,0.05,0.22,BODY
8147BC96212E1502,1.72,3.07,30.15,0.02,0.02,0.04,BODY
F5FC7B9327E495EB,2.89,2.95,30.00,0.45,0.65,0.68,BODY
7B04EC0751EC2628,-1.35,3.03,30.15,0.44,0.08,0.32,BODY
DFB65F5664E43574,-0.21,3.41,29.85,0.55,0.16,0.42,BODY
239C1D004676CECB,1.30,3.21,30.00,0.06,0.06,0.08,BODY
8117910BDA3C8BAD,2.88,2.97,30.15,0.36,0.47,0.49,BODY
24FA0C3E7468A34F,-1.52,3.24,30.00,0.43,0.09,0.33,BODY
9D4E331AE0A81FBF,-0.48,3.35,30.15,0.36,0.08,0.27,BODY
636A12954A20DA0B,1.15,3.33,29.85,0.04,0.12,0.07,BODY
4377F71FF629FEA4,2.19,3.30,30.00,0.25,0.05,0.16,BODY
1378D7554DB23ECB,-2.12,3.20,29.85,0.41,0.07,0.30,BODY
3C5A6BA7B87A14C0,-0.80,3.06,30.00,0.36,0.07,0.27,BODY
3F64C14F5D5818BC,0.91,3.34,30.15,0.53,0.40,0.31,BODY
13585828F72336AB,2.10,3.29,29.85,0.10,0.15,0.11,BODY
37F9C553721CDA74,-2.25,3.42,30.00,0.35,0.09,0.25,BODY
7EAEC9FC42CB027F,-1.08,3.22,29.85,0.40,0.06,0.29,BODY
91F0445058526DE8,0.68,3.27,30.00,0.76,0.57,0.45,BODY
9B04A4897D27BF07,1.96,3.31,30.15,0.05,0.04,0.04,BODY
CE65D9C24998D3DA,3.13,3.14,29.85,0.49,0.78,0.76,BODY
DACF31FB7D7363DB,-1.14,3.12,30.15,0.48,0.11,0.37,BODY
007BA7693565E2B4,0.21,3.37,29.85,0.48,0.13,0.35,BODY
13ABD439E75066B2,1.47,3.57,30.00,0.04,0.02,0.02,BODY
13280F0DAE397606,3.20,3.53,30.15,0.42,0.60,0.62,BODY
686E618F8915236A,-1.53,3.59,29.85,0.57,0.17,0.45,BODY
625B57FEAEBF0A7E,0.25,3.33,30.15,0.37,0.06,0.29,BODY
75B705C09D8A7447,1.46,3.16,29.85,0.07,0.04,0.03,BODY
91BD8DC313A7BAA3,2.65,3.60,30.00,0.33,0.48,0.53,BODY
AB423438DE89E3AC,-1.74,3.57,30.15,0.47,0.06,0.35,BODY
D9C48FB6308BF8B6,-0.31,3.44,29.85,0.37,0.06,0.28,BODY
2C94F1FD66A390D0,1.45,3.51,30.15,0.11,0.13,0.13,BODY
2930591176DEF917,2.51,3.62,29.85,0.48,0.20,0.40,BODY
DEF29D38C44523D8,-1.81,3.18,30.00,0.55,0.13,0.43,BODY
90F4304C5E2C516F,-0.10,3.33,30.15,0.51,0.14,0.39,BODY
15A786899B434235,1.06,3.55,30.00,0.05,0.10,0.06,BODY
784527A272703778,2.64,3.44,30.15,0.51,0.13,0.38,BODY
070B4EE239CCF283,-1.63,3.60,29.85,0.59,0.15,0.48,BODY
4909219822841828,-0.57,3.30,30.00,0.52,0.11,0.39,BODY
22DFEBD9C0E5434C,1.02,3.27,30.15,0.07,0.10,0.06,BODY
9FFB0D20F149AE01,2.58,3.31,30.00,0.51,0.15,0.40,BODY
C483BEBBC1892651,-1.62,3.32,30.15,0.61,0.15,0.44,BODY
9E8126DC16B95044,-0.40,3.63,29.85,0.58,0.15,0.45,BODY
910B699C4549933F,1.05,3.59,30.00,0.09,0.05,0.09,BODY
58F1DE46982DE7B2,2.58,3.47,29.85,0.42,0.05,0.29,BODY
2E03ADCE4BF2C7D6,-1.97,3.37,30.00,0.61,0.14,0.45,BODY
F8722B720E906EEE,-0.62,3.37,30.15,0.62,0.14,0.46,BODY
1E44AE5BD2CC4A63,0.85,3.57,29.85,0.10,0.01,0.07,BODY
D8DC37737866CCB7,2.31,3.59,30.00,0.47,0.09,0.35,BODY
80D0EBB7127E6E1A,-2.11,3.71,29.85,0.62,0.13,0.45,BODY
5CE57152C9C0272B,-0.71,3.36,30.00,0.63,0.13,0.47,BODY
C76C6388862C29D3,0.65,3.69,30.15,0.15,0.05,0.10,BODY
3AB6E71C014F1BF9,2.18,3.67,29.85,0.47,0.08,0.34,BODY
9D4A59A6E0BAD8A1,-1.82,3.56,30.15,0.62,0.13,0.46,BODY
E97A00FC5A698508,-0.71,3.59,29.85,0.64,0.13,0.48,BODY
DF3FB9922B3F26B9,1.12,3.73,30.00,0.20,0.15,0.18,BODY
B3527ADC252CC02C,2.24,3.37,30.15,0.42,0.05,0.30,BODY
483831D04CDB3C85,-1.72,3.64,29.85,0.61,0.14,0.48,BODY
84BC9004A895F89E,-0.45,3.58,30.15,0.65,0.13,0.48,BODY
8FAE96E6B1462CE0,0.92,3.76,29.85,0.05,0.05,0.03,BODY
17FA72A619F01178,2.22,3.53,30.00,0.45,0.11,0.36,BODY
185357F7D81EE7BB,-1.91,3.46,30.15,0.62,0.13,0.46,BODY
FE9DC8CFB10EA494,-0.46,3.59,29.85,0.64,0.13,0.49,BODY
9534C77AE4CADB13,1.33,3.49,30.15,0.05,0.03,0.03,BODY
DD217676E5AC5B72,2.54,3.46,29.85,0.57,0.11,0.44,BODY
7DD0C79DD86C117C,-1.28,3.84,30.00,0.65,0.13,0.50,BODY
4624E7B3EC1736D8,-0.36,3.51,30.15,0.62,0.13,0.49,BODY
716D9ACA2434E584,1.16,3.48,30.00,0.29,0.27,0.16,BODY
539EBBB029F36529,2.70,3.47,30.15,0.71,0.45,0.63,BODY
E620459A604FABF1,-1.09,3.92,29.85,0.68,0.14,0.52,BODY
5655CE30A3719596,0.11,3.85,30.00,0.54,0.18,0.42,BODY
743F8ACE7ED6F45F,1.68,3.50,30.15,0.35,0.19,0.17,BODY
D4FA58CA3E0AAB7F,3.18,3.84,30.00,0.47,0.68,0.69,BODY
17F8BF3F0051EB98,-0.91,3.56,30.15,0.67,0.13,0.52,BODY
07ACA27B825FDE31,0.65,3.86,29.85,0.87,0.57,0.36,BODY
8866D2D40999F34D,1.86,3.79,30.00,0.42,0.07,0.31,BODY
529144AB51311EC0,-1.96,3.65,29.85,0.60,0.15,0.46,BODY
D20355BEFD91D0DF,-0.43,3.67,30.00,0.67,0.14,0.52,BODY
6CD050E473A29903,0.98,3.68,30.15,0.08,0.06,0.02,BODY
48ED65C7737A70EE,2.14,3.56,29.85,0.66,0.18,0.53,BODY
5D70E33C93CC7FD2,-1.23,3.89,30.00,0.65,0.14,0.51,BODY
CBDE13FBC55D6C39,0.05,3.54,29.85,0.65,0.13,0.51,BODY
9520A2DB076E09D9,1.33,3.55,30.00,0.24,0.29,0.32,BODY
EAA5069EE990EA0B,3.19,3.91,30.15,0.41,0.59,0.63,BODY
94F36B0C089CFD95,-1.10,4.06,29.85,0.67,0.14,0.53,BODY
1366FC02F88B6A16,0.27,3.66,30.00,0.84,0.57,0.39,BODY
EFAB5872659D1E0F,2.09,3.92,29.85,0.42,0.08,0.33,BODY
975B52820A3B5C4D,-1.81,3.80,30.00,0.64,0.13,0.48,BODY
944A6CE73CF548E1,-0.56,3.77,30.15,0.68,0.15,0.55,BODY
9ECA90CF059EEE02,0.77,3.99,29.85,0.43,0.51,0.47,BODY
1D7E7965AE7701F6,2.47,3.71,30.15,0.76,0.36,0.62,BODY
94CBDE419ED90764,-1.22,4.09,29.85,0.68,0.15,0.53,BODY
526D88639026237D,0.25,3.79,30.00,0.68,0.35,0.30,BODY
BD2905B4103E33C6,1.67,3.99,30.15,0.41,0.08,0.35,BODY
577270B70281CEB0,-1.76,3.68,29.85,0.74,0.56,0.70,BODY
68075B2F1634961A,-0.25,4.02,30.15,0.69,0.15,0.55,BODY
67C0175744337B81,0.87,3.82,29.85,0.48,0.68,0.65,BODY
F9E1E71120BE0DAE,2.29,4.02,30.00,0.77,0.35,0.60,BODY
BB5489C96791C5C0,-1.02,3.74,30.15,0.67,0.13,0.52,BODY
0A4631425109D1C1,0.12,3.91,30.00,0.68,0.40,0.23,BODY
EF5DA57AFDC83C47,1.75,4.16,30.15,0.47,0.11,0.36,BODY
F6DE833A52BC43CC,-1.50,4.17,29.85,0.55,0.16,0.44,BODY
BA2F1D0781A12EF1,-0.33,3.93,30.00,0.69,0.16,0.55,BODY
8BE668FDDC80F7C9,1.21,4.15,30.15,0.37,0.53,0.61,BODY
9AB856D055FEA99D,3.16,4.17,30.00,0.33,0.47,0.48,BODY
0927B472350EEB0D,-0.93,4.21,30.15,0.68,0.15,0.53,BODY
586721DBD2207316,0.77,4.16,29.85,0.43,0.13,0.25,BODY
5ADB0C2CAADEBCE9,1.93,4.07,30.00,0.76,0.26,0.59,BODY
132B47A9C64F3685,-1.24,4.03,30.15,0.69,0.15,0.53,BODY
F44F260E5C7CA27E,-0.13,3.97,30.00,0.30,0.03,0.21,BODY
A5895AD90BA9A4A3,1.51,3.79,30.15,0.42,0.08,0.31,BODY
2EA3890D0E2E5888,3.70,4.20,29.85,0.56,0.62,0.61,BODY
807C0895D9B759D0,-0.41,4.26,30.00,0.69,0.15,0.53,BODY
7A22C613665F7B6A,0.99,4.15,29.85,0.22,0.18,0.30,BODY
D3E9A6BEF7D023B3,3.45,4.07,30.00,0.56,0.44,0.40,BODY
99BD62EB120E4138,-0.91,3.94,30.15,0.71,0.16,0.55,BODY
068050C3E5FC7931,0.65,4.32,29.85,0.41,0.09,0.31,BODY
53E44E5842421101,1.74,4.19,30.00,0.71,0.23,0.58,BODY
49A5CD3A1711D14E,-1.28,4.14,29.85,0.69,0.15,0.55,BODY
ED31FA38489D1391,0.18,4.34,30.00,0.71,0.51,0.35,BODY
3DCBEFFE091056BB,1.59,4.26,30.15,0.69,0.15,0.53,BODY
13C697D26CCB3AEA,-1.56,4.23,29.85,0.69,0.14,0.53,BODY
716F00C8CBB9CAE2,-0.02,4.19,30.15,0.33,0.15,0.15,BODY
11718B7A72ACDB36,1.21,4.34,29.85,0.54,0.11,0.40,BODY
B96187B1204D0A66,3.74,4.11,30.00,0.66,0.52,0.50,BODY
E5774DE3D67D512F,-0.35,4.19,30.15,0.64,0.16,0.52,BODY
809D28D41B8D27DC,0.91,4.17,29.85,0.44,0.09,0.33,BODY
788BD453347592A4,3.19,4.33,30.15,0.82,0.60,0.51,BODY
C2AC70A157CF8707,-0.64,3.96,29.85,0.71,0.15,0.55,BODY
8A249FE285596097,1.09,4.25,30.00,0.33,0.15,0.33,BODY
D0BD4C1956DE1216,3.12,4.35,30.15,0.61,0.42,0.33,BODY
659B076AFD3D5D58,-0.63,4.19,30.00,0.71,0.17,0.56,BODY
C619A8D78F5E766F,0.65,4.37,30.15,0.42,0.06,0.30,BODY
E085D956AADC0E91,3.09,4.01,29.85,0.66,0.56,0.54,BODY
37269411F6B4CAE3,-0.67,4.32,30.00,0.68,0.17,0.55,BODY
19BBE942B1F26484,0.30,4.14,30.15,0.43,0.08,0.35,BODY
708AEE432F0FA992,2.00,4.25,30.00,0.62,0.21,0.47,BODY
3F3114270E8DBC7E,-1.23,4.24,30.15,0.72,0.19,0.57,BODY
1A5088B7FBCB2724,0.31,4.19,29.85,0.56,0.15,0.42,BODY
91AB2BDCFD73DE2B,1.89,4.42,30.00,0.80,0.33,0.64,BODY
AEAD33D5DF13421A,-1.09,4.28,30.15,0.72,0.18,0.55,BODY
9D6E997F4A3AE6E5,0.21,4.20,30.00,0.58,0.19,0.37,BODY
1FB32E634DD21EA5,1.94,4.17,30.15,0.78,0.26,0.61,BODY
F06FCCF36A6C089C,-1.23,4.49,29.85,0.71,0.19,0.56,BODY
33939C30FD1B515A,0.19,4.32,30.00,0.57,0.17,0.41,BODY
5C061E55FAD76B00,1.75,4.36,29.85,0.57,0.17,0.44,BODY
0D4C76CCB65EBB24,-1.17,4.52,30.00,0.69,0.19,0.56,BODY
4C216738E192AF4E,0.36,4.32,30.15,0.42,0.09,0.31,BODY
41BA4CE5B441082B,1.95,4.29,29.85,0.32,0.05,0.19,BODY
0FFB71AA7662FB19,-0.90,4.30,30.00,0.71,0.20,0.57,BODY
CAFDAB7CA8AD7342,0.56,4.17,29.85,0.33,0.07,0.23,BODY
24A5DF095767CC52,1.98,4.26,30.00,0.37,0.10,0.17,BODY
81D363C750E58FB9,3.88,4.61,30.15,0.71,0.61,0.54,BODY
024B395173235FB7,0.20,4.66,29.85,0.75,0.53,0.31,BODY
61B4E59E758F7968,1.56,4.61,30.15,0.64,0.17,0.47,BODY
5E0D467363754C46,3.15,4.43,29.85,0.85,0.63,0.55,BODY
2C7F759AC6854622,-0.24,4.33,30.00,0.55,0.32,0.20,BODY
AD7FB17DE7BE9CB3,0.87,4.66,30.15,0.60,0.18,0.49,BODY
188BF2CDA04D9087,2.36,4.49,29.85,0.59,0.50,0.42,BODY
B5BE02B0A029CDFC,-0.81,4.44,30.15,0.71,0.25,0.56,BODY
700A3395E90C9F63,0.69,4.46,29.85,0.42,0.37,0.50,BODY
676A9492D02FDDBD,2.21,4.46,30.00,0.60,0.40,0.18,BODY
1C7B501B63A10896,4.25,4.73,30.15,0.45,0.27,0.12,BODY
4B8FCB4CB699AD01,0.38,4.62,29.85,0.35,0.19,0.36,BODY
555E0DBB68965F25,1.61,4.68,30.15,0.45,0.27,0.11,BODY
7474496733D6BE5A,3.20,4.29,29.85,0.92,0.70,0.58,BODY
DF2C44C72691E7A6,-0.43,4.64,30.00,0.60,0.36,0.18,BODY
8FE4D76E9E2014EF,1.06,4.33,30.15,0.45,0.09,0.29,BODY
CEEC41DC41086EFD,2.67,4.71,30.00,0.43,0.25,0.11,BODY
0807E3E79649A1B6,3.92,4.55,30.15,0.62,0.50,0.36,BODY
7DCC36CC9300B246,0.56,4.83,29.85,0.36,0.16,0.33,BODY
9C999F3FA2B0131F,1.98,4.45,30.00,0.73,0.45,0.25,BODY
767D8F113754104C,3.20,4.72,30.15,0.65,0.42,0.32,BODY
BBC0B282B05D2145,-0.16,4.73,30.00,0.72,0.54,0.33,BODY
F72278B10C31F6C2,1.11,4.49,30.15,0.50,0.35,0.18,BODY
0A35031D8472B10B,2.56,4.75,29.85,0.45,0.26,0.05,BODY
5B7BAC8432871188,4.20,4.49,30.00,0.94,0.80,0.76,BODY
242418C0BC08A579,0.54,4.68,29.85,0.30,0.05,0.25,BODY
FA4A14F739FCD6D2,1.91,4.73,30.00,0.38,0.15,0.00,BODY
F4650076F2B70C7E,3.40,4.82,30.15,0.94,0.73,0.62,BODY
B92A5845EE87B576,0.18,4.86,29.85,0.42,0.30,0.18,BODY
94DBB0A2E84DD65E,1.30,4.82,30.00,0.72,0.49,0.29,BODY
1926F0DF3B686305,2.95,4.83,29.85,0.34,0.17,0.04,BODY
D143AD0A84EF4301,-0.52,4.88,30.00,0.63,0.38,0.25,BODY
8D652D014DC1B447,0.55,4.57,30.15,0.22,0.11,0.18,BODY
C8539EDE5951B9D0,2.39,4.71,29.85,0.69,0.45,0.24,BODY
BABE315D687E2218,3.85,4.92,30.15,0.73,0.47,0.34,BODY
4126EF7C30113F1F,0.06,4.63,29.85,0.06,0.03,0.06,BODY
EFCC654C617E0580,1.67,4.83,30.00,0.58,0.31,0.13,BODY
04B647C5D36C1709,3.32,4.78,30.15,0.78,0.56,0.43,BODY
334578EAEF825B78,-0.01,4.85,29.85,0.11,0.02,0.04,BODY
5DA06908FCABC13C,1.41,4.78,30.15,0.70,0.51,0.35,BODY
880F69B6736D1C71,3.25,4.77,29.85,0.96,0.77,0.61,BODY
775FAC907703EAA2,0.03,4.81,30.00,0.03,0.04,0.02,BODY
AF6891A142684E66,1.44,4.66,30.15,0.78,0.53,0.36,BODY
3C31DA7BD62AE922,3.47,5.00,29.85,0.85,0.62,0.45,BODY
42886D923F8D1CC6,0.50,4.91,30.15,0.25,0.13,0.16,BODY
C6768DB64A049E09,2.88,4.82,29.85,0.58,0.38,0.22,BODY
AF4E68E766BE2CDA,-0.28,4.92,30.00,0.74,0.51,0.34,BODY
D0268428EE3D6D2C,1.00,4.74,30.15,0.67,0.45,0.29,BODY
D7E02AE5BF4F04BD,-0.89,4.66,30.00,0.53,0.43,0.35,BODY
28E1DD7D222CF581,0.66,5.13,30.15,0.25,0.13,0.23,BODY
5345CCCB93CE0AFB,3.49,5.06,29.85,0.78,0.55,0.39,BODY
63B6EFD64CCAE7E5,0.20,4.84,30.00,0.14,0.06,0.08,BODY
F264D547568F8355,1.17,5.07,30.15,0.78,0.51,0.28,BODY
7177C009FF82D108,-0.19,4.79,30.00,0.17,0.07,0.09,BODY
8D975BBB2F296024,1.44,5.06,30.15,0.63,0.39,0.18,BODY
622DE49FF10BDFFF,-0.03,4.97,29.85,0.23,0.11,0.13,BODY
0430780385C91940,1.16,4.79,30.00,0.60,0.37,0.15,BODY
C301150CA0FFA18D,0.14,5.11,29.85,0.53,0.37,0.32,BODY
FB80352BCC3B5BD8,1.61,4.91,30.00,0.80,0.69,0.48,BODY
69E7A3ABE951EB82,0.05,5.12,30.15,0.59,0.41,0.35,BODY
78A19A35968A5207,-0.93,5.07,29.85,0.71,0.54,0.43,BODY
064B7C1829919D3F,0.48,4.88,30.00,0.74,0.55,0.46,BODY
4B806DDF6D2213F9,-0.67,4.85,29.85,0.36,0.25,0.18,BODY
BB7B527627104301,0.29,5.07,30.00,0.78,0.58,0.50,BODY
21C856558FF5A3BA,-0.58,5.30,30.15,0.20,0.09,0.04,BODY
C23565AA01A9D562,0.57,5.34,29.85,0.67,0.53,0.43,BODY
7AABD89F9C677C7B,-0.27,5.18,30.00,0.23,0.10,0.05,BODY
8D24EB48E0B1E8D9,0.80,5.40,29.85,0.30,0.16,0.09,BODY
A3DB6943C4D2AF1A,-0.11,5.21,30.00,0.59,0.44,0.36,BODY
78844A8C8379D9E7,1.28,5.43,30.15,0.30,0.15,0.04,BODY
29ABA0867DDAE9EB,0.18,5.05,29.85,0.67,0.49,0.39,BODY
BF8B8E2CA7C27918,-1.14,5.46,30.15,0.60,0.53,0.48,BODY
57BC897541FD2161,-0.05,5.36,29.85,0.64,0.40,0.36,BODY
0CADEB229B6A963F,-0.94,5.07,30.00,0.41,0.25,0.15,BODY
A84D5195723AB06B,0.52,5.42,30.15,0.51,0.21,0.20,BODY
51D53972DD8AE17B,-0.80,5.16,29.85,0.31,0.18,0.08,BODY
313818D3BE0B2FF8,0.61,5.20,30.15,0.76,0.47,0.44,BODY
AB7FF96208A726B9,-1.03,5.13,29.85,0.24,0.13,0.04,BODY
027777983AECDFEC,0.45,5.46,30.00,0.89,0.65,0.59,BODY
CD82CE5F5122B8D7,-0.75,5.44,30.15,0.24,0.11,0.03,BODY
4B55FDC5EBF2A776,0.82,5.46,30.00,0.91,0.70,0.61,BODY
59528F587F9C15A9,-0.80,5.53,30.15,0.59,0.44,0.37,BODY
F3C648F528185706,0.58,5.61,29.85,0.87,0.65,0.56,BODY
A76D96A3A14060D3,-0.42,5.60,30.00,0.61,0.43,0.38,BODY
12CB1DEC7C8F4509,0.64,5.23,30.15,0.86,0.63,0.55,BODY
1F8D2B35F71908CE,-0.83,5.39,30.00,0.61,0.41,0.37,BODY
565576602E79A50A,0.73,5.50,30.15,0.87,0.64,0.56,BODY
014969DA9D237EFF,-0.80,5.62,29.85,0.62,0.39,0.38,BODY
5453C3F987B49DC9,0.84,5.39,30.00,0.88,0.65,0.58,BODY
3BC21DD2FDED193F,-0.61,5.47,29.85,0.61,0.38,0.37,BODY
3D5E8C70A6DBE75E,0.61,5.33,30.00,0.89,0.67,0.60,BODY
85F82FE44139F552,-0.72,5.40,30.15,0.63,0.38,0.38,BODY
12D555A9007F4A48,0.66,5.75,29.85,0.91,0.69,0.62,BODY
82BC5025D436D6C1,-0.38,5.70,30.00,0.65,0.38,0.39,BODY
2CDF4427B5CB0ABF,0.77,5.72,29.85,0.94,0.72,0.64,BODY
69CD879271126ED0,-0.44,5.62,30.00,0.65,0.38,0.38,BODY
71B4379379D4D7E3,0.60,5.69,30.15,0.99,0.78,0.70,BODY
C0451D6EE87A1BB2,-0.36,5.39,29.85,0.67,0.40,0.39,BODY
F67DE46197770D8A,0.74,5.59,30.00,1.00,0.80,0.71,BODY
BE86B7498D367582,-0.65,5.80,29.85,0.69,0.43,0.40,BODY
0A73A80986F2D066,0.68,5.58,30.00,0.99,0.80,0.68,BODY
23360C5A1DAF6C63,-0.93,5.56,30.15,0.67,0.45,0.41,BODY
55AD5A96F34A676D,0.59,5.51,29.85,0.97,0.78,0.66,BODY
1BA1947470E75489,-1.11,5.93,30.15,0.60,0.44,0.36,BODY
738D10FDD1FFBB1C,0.69,5.59,29.85,0.96,0.76,0.65,BODY
EC98D8E4780B7197,-1.15,5.53,30.00,0.53,0.36,0.31,BODY
793678D86F53CD5B,0.38,5.58,30.15,0.92,0.74,0.62,BODY
76644F005AE6D968,-1.20,5.68,29.85,0.46,0.30,0.26,BODY
ADCC3671D2B6BA76,0.28,5.87,30.15,0.82,0.64,0.54,BODY
20614144A6F19616,-1.12,5.87,29.85,0.35,0.21,0.12,BODY
952198A2FB0B8BD1,-0.02,6.01,30.00,0.80,0.66,0.57,BODY
9D6BC43AF887F2A6,1.57,5.66,30.15,0.63,0.52,0.44,BODY
4EF9D58C0F6CC0C7,-0.09,5.77,30.00,0.32,0.41,0.39,BODY
720190C4083D65E5,1.36,5.67,30.15,0.47,0.30,0.17,BODY
70746CF0D09AB815,-0.47,5.79,29.85,0.38,0.47,0.42,BODY
156CC77BD96DF60A,0.98,6.04,30.00,0.95,0.91,0.81,BODY
CC6CC12DEBEB27C4,-0.45,5.85,30.15,0.51,0.38,0.31,BODY
395FFED7F56B3047,0.97,5.92,30.00,0.11,0.15,0.17,BODY
9525C5E0F0849DBE,-0.78,5.77,30.15,0.64,0.51,0.42,BODY
176F2D0E16CD71D8,0.53,5.72,29.85,0.75,0.63,0.56,BODY
FDC8CFE46843A57D,-0.77,6.08,30.00,0.38,0.24,0.16,BODY
D2A6185153DE1C84,0.45,6.06,30.15,0.82,0.65,0.56,BODY
3CBEAF53736E909A,-0.96,6.23,30.00,0.38,0.23,0.15,BODY
EE38AB8CE9294DC6,0.05,6.04,30.15,0.65,0.50,0.43,BODY
7008791BC2BC479E,-1.36,5.88,29.85,0.39,0.27,0.16,BODY
EC9BA19A7F2BD18B,0.17,6.20,30.00,0.42,0.27,0.21,BODY
4CB42DF41A6959A8,1.18,6.00,29.85,0.34,0.18,0.06,BODY
54788B9E67F9909E,-0.30,5.86,30.00,0.20,0.09,0.04,BODY
47B799EB598B6D03,1.15,5.89,30.15,0.58,0.44,0.33,BODY
508277E7F1F6B4A5,-0.44,6.03,29.85,0.45,0.33,0.24,BODY
A890483DAA7881C4,0.91,6.06,30.00,0.68,0.49,0.39,BODY
808F66FA16C45C4B,-0.54,6.29,29.85,0.60,0.47,0.39,BODY
C82391311853E0F8,0.71,6.22,30.00,0.75,0.58,0.49,BODY
AF4F7103C6E3BF7F,-1.01,6.25,30.15,0.30,0.16,0.05,BODY
AF9CE65AE9C5E637,0.19,6.02,29.85,0.86,0.69,0.61,BODY
6D68EAB2E7415306,-1.08,6.31,30.15,0.43,0.26,0.14,BODY
B1D3D06A56C1D6BE,0.18,6.01,29.85,0.39,0.25,0.18,BODY
A0A2C8700D561BCC,-1.62,6.17,30.00,0.67,0.59,0.56,BODY
3C5DDDE8B0945050,0.11,6.38,30.15,0.26,0.14,0.07,BODY
C4CF1C340226F03A,1.36,6.21,29.85,0.31,0.16,0.07,BODY
EA03DF75D1A3ED8A,-0.57,6.33,30.15,0.33,0.20,0.12,BODY
BAA74753207EDB7E,0.98,6.00,29.85,0.51,0.33,0.24,BODY
0AFD07A8FF2FD32F,-0.69,6.04,30.00,0.45,0.29,0.19,BODY
B4F7088FC4D330BB,0.91,6.37,30.15,0.94,0.73,0.64,BODY
F94883AAF688C6A5,-0.97,6.20,29.85,0.43,0.25,0.14,BODY
165BE7BD3704CB57,0.69,6.15,30.15,0.93,0.76,0.67,BODY
3C9B37EFCB638DE4,-0.77,6.43,29.85,0.45,0.28,0.15,BODY
6D2C23DEB1137903,0.21,6.36,30.00,0.60,0.43,0.34,BODY
4DA3A079A7D1741F,-1.21,6.54,30.15,0.40,0.24,0.12,BODY
E357F4583007E112,0.42,6.23,30.00,0.48,0.33,0.23,BODY
8B58AF8A72CF8BEC,-1.18,6.45,30.15,0.58,0.48,0.40,BODY
B7F9CEE6718DCA55,-0.02,6.60,29.85,0.46,0.30,0.18,BODY
CDE41A9AC54C517A,1.34,6.61,30.00,0.69,0.56,0.44,BODY
C6F8A48115BA698C,-0.16,6.28,30.15,0.44,0.27,0.16,BODY
7EC0E6D30FDAFE4F,1.24,6.35,30.00,0.68,0.45,0.27,BODY
E4470F06893EF02B,-0.23,6.30,30.15,0.44,0.27,0.15,BODY
7A47D25DA5623669,1.41,6.68,29.85,0.68,0.44,0.24,BODY
5FDD863EE71F7933,0.10,6.24,30.00,0.44,0.27,0.14,BODY
E9D79B5B78A4A62E,1.12,6.34,29.85,0.78,0.52,0.31,BODY
4B1C1B3263BAE5BD,0.02,6.40,30.00,0.44,0.26,0.13,BODY
6083080C7FA16BD1,1.18,6.71,30.15,0.80,0.55,0.34,BODY
BD30EAA3E05E8C5A,-0.13,6.45,29.85,0.45,0.26,0.15,BODY
DEE0E5F155849ADC,1.37,6.59,30.00,0.87,0.73,0.62,BODY
643DDAFA2796257C,0.07,6.61,29.85,0.58,0.38,0.23,BODY
E64E6E5BD6BE8898,-0.81,6.76,30.00,0.58,0.44,0.34,BODY
4FF47FEF2D050769,0.31,6.38,30.15,0.63,0.38,0.20,BODY
A734CB2822FC8AFF,-0.86,6.65,29.85,0.50,0.30,0.15,BODY
D21B0D3A5FCD3C42,0.30,6.43,30.15,0.92,0.60,0.37,BODY
823A11C6CE0CA392,-0.57,6.55,29.85,0.51,0.31,0.16,BODY
9288DF1398BD7FA8,1.03,6.87,30.00,0.66,0.38,0.16,BODY
032943EB7E42A154,-0.40,6.61,30.15,0.52,0.30,0.12,BODY
B1393ED5D067E0E8,1.07,6.65,29.85,0.74,0.45,0.24,BODY
AADC31C8DF351EBE,-0.17,6.64,30.15,0.75,0.48,0.28,BODY
D9B30DF3F75911E6,-0.70,6.82,29.85,0.52,0.40,0.29,BODY
6F6146B75C9337CE,0.39,6.77,30.00,0.80,0.51,0.25,BODY
A289BBD21040770F,-0.34,6.87,30.15,0.58,0.35,0.17,BODY
5BA8ACAFD444DC16,0.92,6.94,29.85,0.89,0.63,0.36,BODY
71BD2A022D77526B,0.04,6.92,30.15,0.87,0.54,0.33,BODY
27C276FBB4D1B636,-0.63,7.08,29.85,0.60,0.39,0.22,BODY
5E92868BC584DEBE,0.70,6.66,30.00,0.78,0.49,0.21,BODY
89A9971B8A6FFB46,-0.26,7.01,30.15,0.78,0.49,0.29,BODY
F7DA8CF33A94DBEC,-0.87,7.12,30.00,0.57,0.32,0.15,BODY
34E9BEB09AA5AF32,0.54,7.07,30.15,0.97,0.69,0.38,BODY
6110BA812008248F,-0.02,6.99,29.85,0.81,0.55,0.33,BODY
2A5267F63FF41133,-0.38,6.72,30.00,0.78,0.53,0.31,BODY
55498AAB6C25AAF1,-0.54,7.19,30.15,0.64,0.40,0.18,BODY
B314F92B47E9AE10,-0.61,6.78,30.00,0.78,0.59,0.40,BODY
300EED7EBE34BA29,-0.59,7.04,30.15,0.93,0.85,0.72,BODY
40221ED9FF784D32,-0.60,7.13,29.85,0.87,0.77,0.58,BODY
B440E7CF8EFF3AAA,-0.24,6.98,30.00,0.82,0.63,0.45,BODY
