ID,X,Y,Z,R,G,B,PART
175F4D218504AF85,-3.04,-11.17,30.00,0.00,0.00,0.00,BODY
4277B00BC0429784,4.21,-10.76,30.80,0.00,0.01,0.02,BODY
34FDDC9932F04975,-2.16,-10.92,31.60,0.16,0.20,0.19,BODY
AD9A79C857DC1F3B,3.07,-10.79,32.40,0.04,0.09,0.09,BODY
13CB70B82630B57B,-3.31,-10.93,30.00,0.04,0.09,0.09,BODY
D3326EC9B07F1A96,-1.91,-11.15,30.80,0.00,0.02,0.00,BODY
AC8BBD2A3E934B93,3.02,-11.23,31.60,0.04,0.09,0.09,BODY
63EF22C12C97DB3D,-3.36,-11.17,32.40,0.02,0.06,0.04,BODY
66BA212B7D0EE7FC,-2.10,-10.87,30.00,0.00,0.02,0.00,BODY
596DCE15946739EE,2.93,-11.20,30.80,0.02,0.05,0.04,BODY
5D8412B057EC9540,-3.71,-10.88,31.60,0.00,0.02,0.00,BODY
2EA7917A186031DD,-2.02,-10.95,32.40,0.00,0.02,0.00,BODY
3F0FAD4204A320B0,2.88,-10.96,30.00,0.00,0.02,0.00,BODY
18FAA624096723ED,-3.68,-10.89,30.80,0.01,0.00,0.01,BODY
CC54A5A6A5651031,-2.01,-10.51,31.60,0.00,0.00,0.00,BODY
C0EF9839A9ED8917,2.33,-10.63,32.40,0.00,0.00,0.00,BODY
21E22A21B2FF3B12,-4.02,-10.61,30.00,0.00,0.03,0.03,BODY
31C40072CBEB9A86,-2.27,-10.45,30.80,0.00,0.00,0.00,BODY
8643B96277E8DE8B,2.26,-10.66,31.60,0.00,0.00,0.00,BODY
0627BE2A9A4F1BE1,4.00,-10.76,32.40,0.02,0.07,0.06,BODY
2900ECF6CDDC96DD,-2.41,-10.69,30.00,0.00,0.00,0.00,BODY
5B5740D750497BA5,2.47,-10.72,30.80,0.00,0.00,0.00,BODY
AA2CF76EE01A9785,4.29,-10.62,31.60,0.02,0.07,0.06,BODY
0877DFD3C47DFFDB,-2.29,-10.74,32.40,0.00,0.00,0.01,BODY
0F3A223BB1452B1A,2.01,-10.86,30.00,0.00,0.00,0.00,BODY
498D54795A76A025,3.57,-10.52,30.80,0.04,0.04,0.05,BODY
E1D379468F0ADFB6,-2.50,-10.65,31.60,0.00,0.00,0.00,BODY
AD799E886DFC6586,2.19,-10.79,32.40,0.00,0.00,0.00,BODY
3C81FEBDD36D1239,4.03,-10.66,30.00,0.03,0.00,0.00,BODY
DAF8620BE50371C2,-2.74,-10.73,30.80,0.00,0.00,0.00,BODY
3A6E5E68D1030247,2.01,-10.82,31.60,0.02,0.00,0.00,BODY
C41D07CFC74B53DC,3.59,-10.40,32.40,0.00,0.00,0.00,BODY
89EEACC0C095B58F,-2.56,-10.33,30.00,0.00,0.00,0.00,BODY
DA4F1FD9DB1A7B6A,1.69,-10.74,30.80,0.01,0.00,0.00,BODY
A0A0FA6F8F52C6DC,3.92,-10.69,31.60,0.01,0.00,0.00,BODY
F8A6A2304AFE2EA7,-2.52,-10.17,32.40,0.00,0.00,0.00,BODY
4349EE1BF88D9C0B,1.89,-10.45,30.00,0.00,0.02,0.00,BODY
30CD58FC3B25CA56,3.50,-10.18,30.80,0.01,0.00,0.00,BODY
3B7AD91C4B4F3E20,-2.46,-10.43,31.60,0.00,0.00,0.00,BODY
AFBD9A35310FB1EF,1.90,-10.58,32.40,0.01,0.01,0.01,BODY
A61DA03C5054D133,3.62,-10.16,30.00,0.00,0.02,0.00,BODY
B5E96AE5B52D5928,-2.11,-10.17,30.80,0.01,0.01,0.01,BODY
D03971554419DB21,2.22,-10.14,31.60,0.01,0.01,0.01,BODY
7865D6DA6AA3683D,-3.75,-10.58,32.40,0.00,0.00,0.00,BODY
5DA5DEE62680EB34,-2.05,-10.27,30.00,0.00,0.02,0.00,BODY
7BBF1E318600E4A5,2.37,-10.25,30.80,0.00,0.00,0.00,BODY
83617AB673579376,-3.02,-10.04,31.60,0.02,0.00,0.00,BODY
B1467BDFBEA0933A,-1.28,-10.28,32.40,0.14,0.14,0.13,BODY
99C5C5432CEB7374,2.91,-10.23,30.00,0.00,0.00,0.00,BODY
EAE96EB84D803FC9,-2.72,-10.49,30.80,0.00,0.00,0.00,BODY
21BDAD8C8D11A827,1.36,-10.04,31.60,0.03,0.11,0.09,BODY
835BD2D88DCB2DB8,3.23,-10.23,32.40,0.00,0.00,0.00,BODY
E0BE3ADB9EB608F1,-2.27,-9.93,30.00,0.00,0.00,0.03,BODY
6DF6E8AF12E5C77A,1.68,-10.07,30.80,0.65,0.66,0.65,BODY
14936F4AFC83FD9A,3.63,-10.06,31.60,0.00,0.02,0.03,BODY
623C35CBAB871FE3,-1.58,-9.80,32.40,0.97,0.97,0.97,BODY
A2A32E4CCB4B0A91,2.34,-10.37,30.00,0.03,0.03,0.03,BODY
BC9E8941911D025F,-2.98,-10.23,30.80,0.00,0.01,0.02,BODY
4096E4B85D23E459,-1.39,-10.01,31.60,0.00,0.03,0.03,BODY
1A1E63EC43BB933D,3.09,-10.02,32.40,0.02,0.00,0.01,BODY
3096F381BA662861,-2.36,-9.82,30.00,0.98,0.99,1.00,BODY
21732DFFAAD529D9,2.24,-10.01,30.80,1.00,0.99,0.99,BODY
FEE637DB3F24F7C8,-2.56,-9.72,31.60,0.71,0.70,0.71,BODY
A9D58C11B08DED3D,-0.89,-9.90,32.40,0.00,0.05,0.03,BODY
98177CE151E41E6D,2.91,-10.00,30.00,0.00,0.03,0.03,BODY
B9138BA93DEEE758,-1.54,-10.06,30.80,1.00,0.99,0.98,BODY
D0F636179440BA23,2.68,-9.97,31.60,1.00,0.98,0.97,BODY
EA0F1B3730F4D95C,-2.27,-9.87,32.40,0.99,0.99,0.99,BODY
B3A2B26B9DFA920A,2.38,-9.88,30.00,0.98,0.99,0.98,BODY
5A705D7740CD8695,-2.47,-9.56,30.80,1.00,0.98,1.00,BODY
A94786C235097044,1.99,-9.87,31.60,0.94,0.91,0.91,BODY
623FC163E45AAE29,-2.63,-9.58,32.40,1.00,0.98,1.00,BODY
8A983411113312B9,1.28,-9.82,30.00,0.91,0.94,0.94,BODY
F35E220D1303E63E,3.37,-9.53,30.80,0.37,0.41,0.41,BODY
A4AB265338C6DFAA,-1.34,-9.99,31.60,0.97,0.92,0.94,BODY
11238613564AD962,3.13,-9.58,32.40,0.98,0.99,0.99,BODY
8D6A706C0F17EED3,-1.48,-9.36,30.00,0.29,0.08,0.06,BODY
B09CCB70941374F8,2.81,-9.87,30.80,0.84,0.81,0.78,BODY
383A70E1E0ADE9C7,-1.84,-9.80,31.60,0.26,0.06,0.03,BODY
DF523790B478AA25,1.97,-9.73,32.40,0.29,0.05,0.03,BODY
EE1009A252883718,-2.35,-9.51,30.00,0.74,0.63,0.58,BODY
BE8098AEC7BAF1EB,2.03,-9.45,30.80,0.71,0.17,0.16,BODY
1BF9F90CA417CA07,-2.67,-9.58,31.60,0.97,0.98,1.00,BODY
1310AEC1BBFEF41B,1.24,-9.32,32.40,0.71,0.20,0.19,BODY
70789BE5FF7605FB,3.16,-9.27,30.00,0.16,0.32,0.29,BODY
2118A52F649C5DDF,-1.41,-9.16,30.80,0.91,0.33,0.29,BODY
9E524A389E29E509,2.92,-9.60,31.60,0.46,0.34,0.32,BODY
BBBE4A7460BEC95F,-1.62,-9.66,32.40,0.96,0.25,0.20,BODY
BB7DCBEE2E218764,2.28,-9.63,30.00,0.73,0.16,0.13,BODY
020EAD721A57E01C,-2.12,-9.54,30.80,0.94,0.29,0.22,BODY
3D8CF9BEECD3D94F,1.35,-9.46,31.60,0.71,0.16,0.13,BODY
DFCF41253CB1AF85,-2.92,-9.40,32.40,0.62,0.60,0.59,BODY
4F4C8B6D1F1788FA,-1.19,-9.46,30.00,0.91,0.29,0.29,BODY
3E5D918326154AFE,2.47,-9.13,30.80,0.73,0.16,0.13,BODY
7ACC23CB5D7EA11B,-1.93,-9.26,31.60,0.94,0.29,0.22,BODY
B1F45A85F1918A9E,1.86,-9.15,32.40,0.72,0.16,0.15,BODY
08E7B9253DAF0B98,-2.63,-9.45,30.00,0.95,0.26,0.22,BODY
B92E115F9DEF6ED3,-0.51,-9.14,30.80,0.24,0.10,0.09,BODY
494BBB1294D5F3BE,2.49,-8.97,31.60,0.71,0.17,0.13,BODY
A6F11882818C51F6,-1.46,-8.88,32.40,0.95,0.27,0.22,BODY
4A44D72FBBECEFB6,1.25,-9.24,30.00,0.73,0.16,0.13,BODY
CCD9BE5B6CB0B2BA,-2.71,-9.02,30.80,0.81,0.35,0.32,BODY
0AD3C33F170CADDD,-1.08,-8.80,31.60,0.94,0.30,0.22,BODY
0276947F3C1D7D21,1.68,-9.28,32.40,0.74,0.16,0.16,BODY
639E36E77A2F8EB5,-2.45,-9.09,30.00,0.91,0.28,0.21,BODY
34FFB274E059E827,-1.00,-8.84,30.80,0.42,0.11,0.09,BODY
C494D7604ABC2535,1.66,-9.23,31.60,0.72,0.16,0.13,BODY
E46AB1882D8E2B71,-3.02,-9.27,32.40,0.35,0.19,0.15,BODY
E3B3AFE9E49CCA64,-1.04,-8.94,30.00,0.64,0.19,0.17,BODY
95D94FD23D987BCD,0.39,-8.92,30.80,0.53,0.23,0.19,BODY
9B197A1FD4F01559,2.38,-8.95,31.60,0.74,0.20,0.17,BODY
AA007FC1A5FFB346,-2.41,-9.22,32.40,0.97,0.25,0.22,BODY
B1F45634936CAF75,-0.94,-9.20,30.00,0.40,0.10,0.07,BODY
4CEC21EA93602BD6,0.76,-9.14,30.80,0.71,0.16,0.13,BODY
EB9570028B8F3D3A,2.56,-9.21,31.60,0.74,0.16,0.14,BODY
BC4E1076540BC4BF,-1.86,-8.81,32.40,0.95,0.26,0.22,BODY
56556E8AC6A0E3D8,-0.69,-8.74,30.00,0.71,0.16,0.13,BODY
6DF90A809122CA9A,1.63,-8.98,30.80,0.72,0.16,0.14,BODY
D39A5CCAF829369D,2.90,-9.04,31.60,0.74,0.16,0.13,BODY
6405E51728BF054C,-1.65,-9.14,32.40,0.91,0.27,0.24,BODY
9B08D21E300808EF,-0.39,-9.01,30.00,0.74,0.16,0.13,BODY
8E13B0C6E8690EAE,1.52,-8.71,30.80,0.72,0.16,0.13,BODY
4AA3A89E728A244E,3.39,-8.74,31.60,0.41,0.20,0.17,BODY
9474888FC585DD5B,-1.41,-8.82,32.40,0.57,0.15,0.13,BODY
133BDA4561B6FA9B,0.41,-8.95,30.00,0.72,0.16,0.13,BODY
80B704A3156314CD,1.94,-8.56,30.80,0.71,0.16,0.13,BODY
6755D1B3C7E12C33,-2.73,-8.46,31.60,0.51,0.21,0.18,BODY
71E5ADD0B7CF0E5B,-1.55,-8.54,32.40,0.64,0.15,0.14,BODY
3F933A2D323220EF,0.15,-9.03,30.00,0.73,0.15,0.13,BODY
B56B79059EB8DAF0,2.32,-8.85,30.80,0.75,0.20,0.20,BODY
F31FE14CE9547602,-2.67,-8.71,31.60,0.94,0.27,0.22,BODY
431F061D3D0F8ED9,-0.94,-8.60,32.40,0.76,0.20,0.18,BODY
77C3F1C458A8CE4D,0.83,-8.88,30.00,0.71,0.16,0.14,BODY
BC797CCC0DA08824,2.41,-8.54,30.80,0.71,0.17,0.16,BODY
598C8B5D0F62356D,-2.41,-8.48,31.60,0.95,0.27,0.20,BODY
E50CA87A10FF118E,-0.63,-8.89,32.40,0.73,0.17,0.15,BODY
A06AD46223228651,0.65,-8.58,30.00,0.71,0.16,0.15,BODY
30BFAC4E902DA70C,2.82,-8.60,30.80,0.72,0.16,0.14,BODY
DC96C0C8F1E3C7DD,-2.66,-8.65,31.60,0.91,0.27,0.22,BODY
4B66CFB0670730F7,-0.86,-8.50,32.40,0.73,0.17,0.17,BODY
D603B5BCC2E4BB9C,0.82,-8.78,30.00,0.74,0.16,0.16,BODY
6BA4255BDEF45C43,2.38,-8.57,30.80,0.74,0.20,0.19,BODY
8035AFE4946FAABD,-2.70,-8.80,31.60,0.94,0.27,0.22,BODY
BDCD9D9F82775D80,-1.11,-8.66,32.40,0.72,0.16,0.15,BODY
76FE432B13FC4451,0.90,-8.77,30.00,0.73,0.16,0.14,BODY
852DBB2FF630F0BF,2.59,-8.36,30.80,0.74,0.22,0.19,BODY
8CF30A5051FE0244,-3.08,-8.29,31.60,0.94,0.29,0.22,BODY
F1051BC704CE864A,-1.29,-8.23,32.40,0.72,0.16,0.13,BODY
02F6814180593BDF,0.61,-8.50,30.00,0.73,0.16,0.14,BODY
9F80CE449E1029D3,2.35,-8.60,30.80,0.73,0.16,0.15,BODY
3B981DC75CE611B3,-5.49,-8.62,31.60,0.52,0.62,0.61,BODY
B2B8F2FD878FD493,-1.40,-8.26,32.40,0.74,0.16,0.13,BODY
52D76185D2014D48,0.12,-8.33,30.00,0.74,0.16,0.13,BODY
249AEA52A1DAE665,2.17,-8.17,30.80,0.72,0.16,0.13,BODY
D39322FBDDAD413A,3.84,-8.32,31.60,0.17,0.11,0.09,BODY
F34730390EA8E437,-2.12,-8.54,32.40,0.71,0.17,0.16,BODY
56B9167FEBADDE41,-0.13,-8.28,30.00,0.72,0.16,0.14,BODY
8D3EA5FD697D5662,1.67,-8.25,30.80,0.73,0.16,0.15,BODY
EEC91A3D1A8AF841,3.00,-8.67,31.60,0.74,0.14,0.13,BODY
BBCBDAC4929CDB18,-2.14,-8.49,32.40,0.71,0.17,0.16,BODY
5B9C2D47E2D185BA,-0.72,-8.13,30.00,0.73,0.16,0.15,BODY
55A5066A51B50639,1.03,-8.63,30.80,0.72,0.16,0.14,BODY
87DA52D56FA4E1E5,3.20,-8.47,31.60,0.74,0.16,0.13,BODY
36E893F7BF28E78B,-2.43,-8.59,32.40,0.77,0.22,0.18,BODY
31EE3AAC9FAA9C29,-0.90,-8.46,30.00,0.72,0.16,0.13,BODY
2FF9900463705CBD,0.84,-8.15,30.80,0.73,0.16,0.15,BODY
943A3AF7A8D687FF,2.73,-8.26,31.60,0.74,0.22,0.19,BODY
EB44330492684138,-2.86,-8.28,32.40,0.82,0.26,0.25,BODY
0D3D00D6E53E9B2E,-1.16,-8.55,30.00,0.73,0.16,0.15,BODY
377C1FD369038412,0.60,-8.46,30.80,0.73,0.16,0.15,BODY
FD714C251574237E,2.24,-8.41,31.60,0.74,0.16,0.13,BODY
0925E533ADE9FFEC,-2.92,-8.25,32.40,0.70,0.26,0.25,BODY
85FC7A485285569D,-1.51,-7.90,30.00,0.74,0.16,0.16,BODY
93B7961B9322BA88,0.22,-8.16,30.80,0.74,0.17,0.13,BODY
1328F93329FF182E,1.74,-8.28,31.60,0.70,0.16,0.13,BODY
2ACFFF951CAFBE36,3.87,-7.93,32.40,0.67,0.19,0.17,BODY
222597E76B907B88,-1.66,-7.91,30.00,0.72,0.16,0.13,BODY
700E4FBAF249AB4A,0.14,-8.19,30.80,0.74,0.16,0.13,BODY
AAB6CD3FFDBA9CCC,1.53,-8.45,31.60,0.74,0.16,0.13,BODY
D191FC669DFC9CE8,3.59,-8.38,32.40,0.71,0.16,0.14,BODY
E194A6846402F704,-1.97,-8.15,30.00,0.71,0.17,0.13,BODY
8920241B774BA116,-0.40,-8.34,30.80,0.71,0.17,0.13,BODY
C62AF12BFA9A1567,1.35,-8.15,31.60,0.72,0.15,0.14,BODY
CA97A67E8862BE76,2.91,-8.12,32.40,0.72,0.17,0.14,BODY
B361357FC50FED76,-2.52,-8.19,30.00,0.68,0.17,0.16,BODY
BE1982D22FDF352C,-0.71,-8.24,30.80,0.70,0.16,0.17,BODY
28C27BF1A8033BFA,1.04,-7.98,31.60,0.69,0.16,0.13,BODY
3D851017C0F34BB2,2.18,-8.02,32.40,0.73,0.15,0.14,BODY
ADEED8C41D97AAB3,6.50,-8.18,30.00,0.29,0.36,0.34,BODY
CF1FF4B13EA3E9FA,-1.95,-7.72,30.80,0.72,0.16,0.14,BODY
D4529C237F9CA6CE,-0.30,-7.94,31.60,0.54,0.37,0.37,BODY
3D0483E938798CFF,1.42,-7.98,32.40,0.54,0.26,0.26,BODY
76E71D06A14A11A6,3.53,-7.94,30.00,0.73,0.16,0.15,BODY
897A2B54F97D4199,-2.49,-8.10,30.80,0.72,0.16,0.13,BODY
2F2886393B69E599,-0.97,-8.01,31.60,0.32,0.05,0.03,BODY
7F98D8F3484E1EE4,0.61,-7.70,32.40,0.71,0.63,0.64,BODY
43B2A2D47200AC89,2.34,-7.84,30.00,0.71,0.17,0.16,BODY
F864FA0A242F6DD4,6.75,-7.85,30.80,0.91,0.98,0.97,BODY
563D2E94E0CDA1E7,-1.85,-7.65,31.60,0.71,0.17,0.13,BODY
28D2730D5CB9A19F,-0.34,-7.96,32.40,0.97,0.94,0.94,BODY
1ABE223846F74B42,1.78,-7.97,30.00,0.54,0.26,0.26,BODY
1B7824741AEFA5C8,3.30,-7.91,30.80,0.72,0.16,0.14,BODY
EB3447AA552295E4,-2.72,-7.92,31.60,0.74,0.16,0.13,BODY
B4B1E70128E5C19C,-1.07,-7.86,32.40,0.47,0.23,0.22,BODY
D5448807CCE5DDFC,0.79,-7.85,30.00,0.91,0.87,0.87,BODY
08E9B8006215443A,2.56,-8.08,30.80,0.32,0.08,0.06,BODY
ABCAA5850F1DEF68,-3.29,-8.04,31.60,0.06,0.05,0.06,BODY
99410585CB8A3437,-1.68,-8.03,32.40,0.29,0.06,0.06,BODY
546DA79DEF286FCE,-0.20,-7.53,30.00,0.99,0.98,0.98,BODY
D713378C9F0FD660,1.79,-7.82,30.80,0.89,0.87,0.86,BODY
6F26F1EBA51B0A59,3.23,-7.74,31.60,0.71,0.17,0.16,BODY
AE21553F7F9DB87F,-2.15,-8.04,32.40,0.71,0.16,0.16,BODY
343EF8824E06411E,-0.35,-7.49,30.00,1.00,0.98,1.00,BODY
D399072C627D3823,0.86,-7.91,30.80,1.00,0.98,1.00,BODY
694A9C748B30E6BC,2.74,-7.70,31.60,0.42,0.16,0.13,BODY
F0D4ADEF17178625,-3.02,-7.62,32.40,0.72,0.16,0.14,BODY
DDB57D0011066A30,-1.46,-7.42,30.00,0.97,0.95,0.94,BODY
38114A2F6E99560D,0.29,-7.93,30.80,1.00,1.00,1.00,BODY
D97316D77319CDEC,2.28,-7.54,31.60,0.97,0.95,0.97,BODY
669EB9D1D43B4BDC,4.12,-7.55,32.40,0.71,0.16,0.13,BODY
C02D724D0F28BCD5,-1.82,-7.57,30.00,0.97,0.89,0.87,BODY
89AC95AB26A341B6,0.03,-7.37,30.80,1.00,1.00,1.00,BODY
2D71870394BE4648,1.41,-7.92,31.60,1.00,0.98,0.97,BODY
5D31F435C2EB2AAB,3.03,-7.84,32.40,0.65,0.20,0.19,BODY
4EEE4BB12B83590C,-2.44,-7.73,30.00,0.16,0.08,0.06,BODY
EFB1738D99A8FECF,-0.92,-7.42,30.80,0.99,0.98,1.00,BODY
E4C75BBB79C8A89F,0.86,-7.39,31.60,1.00,0.99,1.00,BODY
569841950DEBDF16,2.44,-7.40,32.40,0.99,0.99,0.99,BODY
14BA8837A4C0F40E,-3.15,-7.25,30.00,0.74,0.20,0.16,BODY
EF6B863A8B70EAD8,-1.29,-7.37,30.80,0.98,1.00,1.00,BODY
9B41DF230929F0EC,0.40,-7.44,31.60,1.00,0.99,0.99,BODY
6C74F744BEFAF3D6,2.14,-7.48,32.40,1.00,0.99,0.99,BODY
49318BEB6537EAF9,3.56,-7.59,30.00,0.88,0.71,0.71,BODY
B1F4EC2F93189CFB,-2.55,-7.70,30.80,1.00,1.00,0.97,BODY
9B007A8D23DD9ACA,-0.35,-7.21,31.60,0.99,0.99,0.99,BODY
0E6D065BCE939228,0.94,-7.22,32.40,1.00,0.99,1.00,BODY
C77A7DC40C74C0AF,2.92,-7.35,30.00,1.00,0.98,1.00,BODY
0148C28CE19F4ED0,-3.33,-7.38,30.80,0.63,0.19,0.16,BODY
EAE088DA61E89FAA,-1.40,-7.17,31.60,0.98,0.99,1.00,BODY
32E321E5B19F10EF,-0.21,-7.43,32.40,1.00,0.99,1.00,BODY
C58196B988D448EE,1.85,-7.32,30.00,1.00,0.99,0.98,BODY
4601CA95319A4B18,3.72,-7.51,30.80,0.94,0.94,0.94,BODY
AA8F50736A4FD479,-2.96,-7.32,31.60,0.93,0.92,0.93,BODY
7CB941D18E417769,-1.14,-7.69,32.40,1.00,0.99,1.00,BODY
A4BD67B1AC6D6F23,0.49,-7.10,30.00,1.00,0.99,1.00,BODY
35C129BAB5A42B6A,2.10,-7.21,30.80,1.00,0.99,0.98,BODY
FC597B3720279BCA,4.45,-7.62,31.60,0.81,0.71,0.71,BODY
B9EEF9240E224048,-2.05,-7.45,32.40,1.00,1.00,0.99,BODY
D143555CA26E22C3,-0.27,-7.18,30.00,1.00,0.99,1.00,BODY
77F53FEAF119B3CB,1.31,-7.31,30.80,1.00,0.99,1.00,BODY
18FF2210194237D6,2.96,-7.26,31.60,1.00,0.99,1.00,BODY
B0BF7A244AD10D4E,-3.75,-7.44,32.40,0.09,0.14,0.13,BODY
91D20521022733DA,-1.84,-7.44,30.00,1.00,0.99,0.99,BODY
E2FA435AF8C1FFAE,-0.31,-7.55,30.80,1.00,0.99,1.00,BODY
2900019046E21393,1.30,-7.28,31.60,1.00,0.99,1.00,BODY
91E010F19DF5E49C,3.12,-7.36,32.40,0.98,1.00,1.00,BODY
E97BDBA918C7AA32,-3.44,-7.44,30.00,0.09,0.08,0.06,BODY
6C87D6C9100A393A,-1.60,-7.02,30.80,1.00,1.00,1.00,BODY
E87F4248F87FFB6D,-0.14,-7.52,31.60,1.00,0.99,1.00,BODY
C4573E24C8457BCC,1.34,-7.52,32.40,1.00,0.99,1.00,BODY
912A75B27754C33B,3.39,-7.53,30.00,0.98,1.00,1.00,BODY
36D6C89CE72199E4,-3.82,-7.35,30.80,0.64,0.69,0.69,BODY
CD9E22CFB78FE46F,-2.00,-7.00,31.60,0.99,0.99,1.00,BODY
A84108FB81C40407,-0.48,-7.25,32.40,1.00,0.99,0.99,BODY
6BAAA10BDBD6249A,1.62,-7.29,30.00,1.00,0.99,1.00,BODY
822F06FE651B644C,2.95,-7.02,30.80,1.00,0.98,0.98,BODY
B68BDCD3D89FD6D8,-3.85,-6.92,31.60,0.31,0.37,0.37,BODY
06F05BAF7CCC045E,-2.16,-7.08,32.40,1.00,1.00,1.00,BODY
E9C9BF833D217138,-0.34,-6.91,30.00,1.00,0.99,0.99,BODY
0FA83475FD2DE569,1.16,-7.20,30.80,1.00,0.99,1.00,BODY
FD7C431852D1D454,3.24,-7.12,31.60,0.99,0.99,1.00,BODY
D038AAEB0CBFA8F1,4.74,-7.44,32.40,0.61,0.63,0.64,BODY
3AD0A484968B4F0C,-2.49,-7.14,30.00,0.99,0.99,1.00,BODY
83DAE0F187017DBE,-0.61,-6.96,30.80,1.00,0.99,1.00,BODY
B53265EB862D6978,1.13,-7.08,31.60,1.00,0.99,1.00,BODY
E7E6D4C4914726F6,2.89,-7.05,32.40,0.98,0.99,1.00,BODY
DFC0142798A4626D,4.43,-7.12,30.00,0.96,0.99,1.00,BODY
12DD382382AC00B6,-3.15,-7.13,30.80,0.99,0.99,0.99,BODY
4F6016A433389B7F,-1.68,-7.25,31.60,1.00,0.99,0.99,BODY
6D21306E9F44A373,0.07,-7.17,32.40,1.00,0.99,0.99,BODY
3551282776F51E0F,2.05,-7.16,30.00,1.00,0.99,1.00,BODY
8BB3EE6FAEAD975C,3.50,-7.31,30.80,1.00,0.98,1.00,BODY
D069C14852667867,-3.92,-6.86,31.60,1.00,0.99,1.00,BODY
EAD43DDDEEBAD659,-2.01,-7.26,32.40,1.00,0.99,1.00,BODY
EFEA2BCCBD14C832,-0.33,-7.10,30.00,1.00,0.99,1.00,BODY
D53C74EE45FBD198,1.48,-6.89,30.80,1.00,0.99,1.00,BODY
1DB65233700427D7,3.07,-6.94,31.60,1.00,0.99,1.00,BODY
B1B2159A239FBBE9,5.00,-7.27,32.40,0.33,0.36,0.35,BODY
A62DDB98710132C7,-3.18,-6.67,30.00,1.00,0.99,0.99,BODY
59A2DA8EF47B2A2D,-1.10,-6.98,30.80,0.99,1.00,0.99,BODY
62CCDF24B01D7EF5,0.33,-7.03,31.60,1.00,0.99,1.00,BODY
A5EAD9E5C085C70B,2.36,-7.22,32.40,1.00,1.00,0.99,BODY
0ECEE95C05E5510C,4.09,-6.73,30.00,1.00,0.99,1.00,BODY
7197AC4303090508,-3.93,-6.93,30.80,1.00,0.98,1.00,BODY
0E40FC0ADF6AA2A2,-2.45,-7.10,31.60,1.00,0.99,1.00,BODY
B138E46B7A64E93A,-0.16,-6.99,32.40,1.00,0.99,1.00,BODY
C899E2B3F93630C9,1.27,-7.16,30.00,1.00,0.98,1.00,BODY
830A0C07A1D53449,2.76,-6.68,30.80,1.00,0.99,1.00,BODY
05041D2745119C37,4.93,-6.61,31.60,1.00,0.98,1.00,BODY
12A1F732E9F06D2C,-3.24,-6.79,32.40,1.00,0.99,1.00,BODY
59273FA4504BC562,-1.29,-7.09,30.00,1.00,0.99,1.00,BODY
45C3653AC11447AC,0.34,-6.92,30.80,0.98,0.98,0.98,BODY
16AF0043B3A455D0,2.18,-6.67,31.60,1.00,0.99,1.00,BODY
74111ACC8FDF8E02,3.60,-6.80,32.40,1.00,0.99,1.00,BODY
D7FF8106EA2D6CE4,-4.40,-7.08,30.00,1.00,0.99,1.00,BODY
711C9B7933C5AEE4,-2.71,-6.78,30.80,1.00,0.99,1.00,BODY
140226D621977212,-0.98,-6.54,31.60,1.00,0.98,1.00,BODY
99C7253545371C6C,1.24,-6.76,32.40,1.00,0.98,1.00,BODY
1EA2AB603B8714A3,2.82,-6.52,30.00,1.00,0.99,1.00,BODY
1273BB9CC331DE2D,4.51,-6.53,30.80,1.00,0.99,1.00,BODY
705963C5484EB73F,-3.45,-6.97,31.60,1.00,0.99,1.00,BODY
F4761A50E4E0316D,-2.00,-6.49,32.40,1.00,0.99,1.00,BODY
0B7F41993026165E,0.01,-6.50,30.00,0.99,0.99,1.00,BODY
9F51A2E6ACF77643,1.68,-6.81,30.80,1.00,0.98,1.00,BODY
90AE320FD3C3A3AF,3.08,-6.50,31.60,1.00,0.99,1.00,BODY
6A91D1E060A5916F,5.17,-7.00,32.40,0.74,0.84,0.81,BODY
611FC36B4C968ECD,-3.45,-6.80,30.00,1.00,0.99,1.00,BODY
99977BB371A6096B,-1.55,-6.95,30.80,1.00,1.00,0.99,BODY
27A17E72E099CBA4,0.30,-6.43,31.60,0.99,0.99,0.99,BODY
EAEF5C493818A48B,1.75,-6.77,32.40,1.00,0.99,0.98,BODY
19CD59DA1254FB51,3.45,-6.41,30.00,1.00,0.99,1.00,BODY
D78B6829677C2548,5.79,-6.76,30.80,0.04,0.06,0.03,BODY
D853D0807D1F66D7,-3.35,-6.77,31.60,1.00,0.99,1.00,BODY
6A05155C90A260C0,-1.37,-6.60,32.40,1.00,1.00,0.98,BODY
373703C5394F3DED,-0.12,-6.74,30.00,0.99,0.99,0.99,BODY
E2191AFDEACD64D6,1.70,-6.84,30.80,1.00,0.99,0.98,BODY
8A5A1F9CE62F245E,3.70,-6.40,31.60,1.00,0.99,1.00,BODY
97B8B7F5C6A9C9C5,5.30,-6.92,32.40,0.09,0.11,0.06,BODY
7A5185D5697EB415,-3.81,-6.83,30.00,1.00,0.99,1.00,BODY
27BC1E036EE062AF,-2.03,-6.45,30.80,1.00,0.98,0.98,BODY
C11C4101B34709AB,-0.04,-6.47,31.60,1.00,0.97,0.97,BODY
CC32F01D0C3318D1,1.73,-6.88,32.40,1.00,0.97,0.97,BODY
29C2A57F43AE1BDF,3.21,-6.76,30.00,1.00,0.98,0.99,BODY
28E88EC1EDC24112,4.95,-6.73,30.80,0.06,0.16,0.13,BODY
3421666A9369E976,-4.11,-6.37,31.60,1.00,0.99,1.00,BODY
0E744A4414CE8F37,-2.24,-6.78,32.40,1.00,0.99,0.99,BODY
7B099146F560D40F,-0.56,-6.28,30.00,0.97,0.95,0.94,BODY
BD5A662BBB2FED31,1.43,-6.71,30.80,0.75,0.65,0.65,BODY
04DDACD4F68FAA38,3.03,-6.78,31.60,1.00,1.00,1.00,BODY
6BDDB900F350AC88,4.94,-6.70,32.40,1.00,0.99,0.99,BODY
5686CB66207A3666,-4.30,-6.51,30.00,1.00,1.00,0.98,BODY
E1EF4CB707C83734,-2.39,-6.48,30.80,1.00,1.00,1.00,BODY
965B55DD88EA5411,-0.61,-6.45,31.60,0.93,0.88,0.88,BODY
297A97CF6989A801,1.10,-6.58,32.40,0.39,0.14,0.13,BODY
702F32D292417EF4,2.78,-6.34,30.00,0.99,0.99,0.98,BODY
3C91EF13E0B7E738,4.39,-6.49,30.80,1.00,0.99,1.00,BODY
3A715BFEA33C7FA4,6.02,-6.58,31.60,0.22,0.21,0.16,BODY
9F292DF8B9456F36,-3.05,-6.21,32.40,1.00,0.99,1.00,BODY
A281B90AD23DF550,-1.45,-6.74,30.00,1.00,0.98,1.00,BODY
6BB631E907042CF0,0.43,-6.34,30.80,0.74,0.62,0.61,BODY
3B2534A4ABE3A990,2.39,-6.69,31.60,0.63,0.57,0.59,BODY
E14CE2D44CA9D0BA,3.76,-6.55,32.40,1.00,0.99,1.00,BODY
79EDF2658A5311F3,5.30,-6.20,30.00,0.94,0.73,0.58,BODY
14BA518B7CD1B0B7,-3.73,-6.34,30.80,1.00,0.99,1.00,BODY
977DFDBE035B055F,-2.22,-6.27,31.60,0.97,0.95,0.97,BODY
068DB6882364843E,-0.43,-6.17,32.40,0.91,0.29,0.22,BODY
7732151570001598,1.39,-6.54,30.00,0.75,0.23,0.18,BODY
8936D53E874B414C,3.45,-6.68,30.80,1.00,0.98,1.00,BODY
651583470D2BF29E,4.66,-6.24,31.60,1.00,1.00,1.00,BODY
3D4F96AC12FA0CDE,-4.33,-6.12,32.40,1.00,0.99,0.99,BODY
99E03F3C51BDDE34,-2.54,-6.49,30.00,0.99,0.99,0.99,BODY
D550C4D16021D5F5,-0.65,-6.54,30.80,0.84,0.32,0.26,BODY
595D7450E1B484B2,0.55,-6.45,31.60,0.88,0.29,0.24,BODY
9B73633378B25281,2.54,-6.44,32.40,0.48,0.34,0.34,BODY
D4A5E84AC2B6C56C,4.48,-6.06,30.00,1.00,0.99,0.99,BODY
8F57B4AE95F7EF60,6.07,-6.45,30.80,0.70,0.55,0.42,BODY
AD0DAE27BCB6AEFB,-3.41,-6.31,31.60,1.00,0.99,0.99,BODY
2F373AF6BE9CFFAA,-1.74,-6.28,32.40,0.76,0.44,0.43,BODY
9F526060365F816C,0.26,-6.58,30.00,0.97,0.27,0.22,BODY
7DF5695381D144AD,1.73,-6.19,30.80,0.91,0.33,0.26,BODY
7CBA92EF11D8BB48,3.55,-6.30,31.60,0.98,0.98,1.00,BODY
D6165A785C4559F9,5.18,-6.27,32.40,1.00,0.75,0.55,BODY
FF7178F58D87B288,-3.81,-6.31,30.00,0.99,1.00,1.00,BODY
8365CB95B9EC22F7,-2.44,-6.09,30.80,0.97,0.98,1.00,BODY
8D25291A3B8B6C93,-0.19,-6.53,31.60,0.87,0.30,0.26,BODY
8F33405370BB7694,1.38,-6.09,32.40,0.91,0.30,0.26,BODY
3C856EB3D886B5D4,2.79,-6.19,30.00,0.87,0.81,0.78,BODY
9BC8A5DDE3909BF4,4.86,-6.19,30.80,1.00,0.99,1.00,BODY
02AF37386BAF7F0A,-4.42,-5.98,31.60,0.97,0.97,0.97,BODY
5BB563DE2F8DB107,-3.15,-6.10,32.40,1.00,0.98,1.00,BODY
F22F02258642A78C,-1.04,-6.38,30.00,0.93,0.28,0.21,BODY
08043874ECE41546,0.60,-6.15,30.80,0.95,0.27,0.20,BODY
305E4CDF991CEE7F,2.39,-5.94,31.60,0.91,0.29,0.22,BODY
EC863E598301A779,3.94,-6.48,32.40,1.00,0.98,0.98,BODY
2015649F2FB22986,5.63,-6.29,30.00,1.00,0.76,0.56,BODY
512508BEB7E0F687,-3.36,-6.19,30.80,1.00,0.99,1.00,BODY
A951F5203F2757CC,-1.88,-6.25,31.60,0.47,0.15,0.14,BODY
82C9186987ABA29C,-0.06,-6.01,32.40,0.96,0.27,0.21,BODY
CB6915C0F9E8B7F9,1.56,-6.16,30.00,0.94,0.27,0.21,BODY
52EB1A85A0F10FB1,3.01,-6.32,30.80,0.68,0.33,0.31,BODY
0D053763618EABD7,5.05,-6.31,31.60,0.78,0.80,0.81,BODY
008137CB175E8015,-4.31,-6.23,32.40,1.00,0.99,0.99,BODY
B5188D65F58A3312,-2.41,-5.95,30.00,0.77,0.67,0.67,BODY
62C27B0F3F03B1CD,-0.97,-5.93,30.80,0.96,0.27,0.21,BODY
23A7D92EBC03C027,0.80,-6.08,31.60,0.94,0.27,0.20,BODY
51BD7715C1F6BED7,2.51,-5.84,32.40,0.94,0.27,0.22,BODY
A9CA2E9DFAEFAD41,4.06,-6.20,30.00,1.00,0.98,1.00,BODY
200DD3840724378D,5.97,-5.82,30.80,1.00,0.78,0.55,BODY
35DB8FAD30026DE8,-3.58,-5.89,31.60,0.97,0.98,0.97,BODY
0BE03C47DA6D6474,-1.47,-6.05,32.40,0.94,0.27,0.19,BODY
F4CAE0E81AE77CB5,0.06,-6.12,30.00,0.91,0.30,0.19,BODY
FC02D6893810E485,1.84,-5.86,30.80,0.94,0.27,0.21,BODY
460598B9950D401A,3.75,-6.28,31.60,0.59,0.37,0.36,BODY
1D0FDF56D2E7DF64,5.15,-5.96,32.40,0.71,0.58,0.43,BODY
BF8ECC48E35168BE,-4.09,-5.84,30.00,1.00,0.99,1.00,BODY
24CEA4C71AA91508,-2.32,-6.05,30.80,0.91,0.30,0.22,BODY
86DE34B6E88832CB,-0.80,-6.06,31.60,0.93,0.28,0.20,BODY
670B78C5F2FAA606,0.96,-6.03,32.40,0.94,0.27,0.22,BODY
CB582CEC9F79B468,2.52,-5.99,30.00,0.94,0.27,0.22,BODY
DA1C308170506492,4.49,-6.12,30.80,0.97,0.95,0.97,BODY
451049BCF901838F,6.19,-6.16,31.60,0.64,0.55,0.44,BODY
669ABDC0BBEC4D20,-3.35,-5.68,32.40,1.00,0.95,0.97,BODY
766AA8869F4F8225,-1.44,-6.14,30.00,0.94,0.27,0.22,BODY
4BD38FE59AD9B58B,0.40,-5.79,30.80,0.95,0.27,0.22,BODY
B097AEE5AF78268D,1.95,-6.06,31.60,0.94,0.27,0.22,BODY
69A2FA39030E8AFB,3.50,-5.83,32.40,0.91,0.29,0.26,BODY
D5C21CCB16EAE7BB,5.47,-6.08,30.00,0.97,0.76,0.58,BODY
37B34F86173A14FF,-4.13,-6.03,30.80,1.00,1.00,0.98,BODY
D1D979E42F7A1B2A,-1.99,-5.67,31.60,0.94,0.27,0.22,BODY
62A4C9DA2BFAC88D,-0.49,-5.92,32.40,0.95,0.27,0.20,BODY
AC673F5278BCCCB3,1.08,-5.94,30.00,0.94,0.29,0.22,BODY
3573DE0BDAAB9E65,3.03,-5.93,30.80,0.94,0.29,0.22,BODY
2D119386844EA673,5.05,-5.97,31.60,1.00,0.97,1.00,BODY
1C24FB7DF8DF1E19,-4.63,-6.10,32.40,0.78,0.80,0.81,BODY
44E46104E14A784E,-2.70,-5.65,30.00,0.60,0.32,0.31,BODY
7C166101CF86C80F,-1.07,-6.11,30.80,0.97,0.27,0.22,BODY
90737F3ACC882BF3,0.55,-6.03,31.60,0.95,0.26,0.21,BODY
0A3C363B1D54739B,2.14,-5.76,32.40,0.94,0.27,0.22,BODY
14611F806D1049A0,3.96,-5.79,30.00,0.83,0.37,0.35,BODY
CBED203B5F2A239F,5.62,-5.99,30.80,0.98,0.77,0.57,BODY
10E2AEDCF1E29EB0,-3.80,-5.78,31.60,1.00,0.97,0.97,BODY
0C1C75DD5F83BD3D,-2.14,-5.53,32.40,0.96,0.27,0.22,BODY
8DC5C21B3CD27FB5,-0.42,-5.52,30.00,0.93,0.28,0.21,BODY
413F72AF4C53611B,1.30,-5.92,30.80,0.94,0.28,0.21,BODY
79F57CCF07CAA331,3.05,-6.00,31.60,0.94,0.27,0.19,BODY
37E5152FDF416887,4.69,-5.59,32.40,0.18,0.24,0.24,BODY
4B946654A629C603,-4.46,-6.03,30.00,1.00,1.00,1.00,BODY
6F3ECB3FDE672DDC,-2.59,-5.65,30.80,0.95,0.27,0.22,BODY
D58CC44041E1DB45,-0.84,-5.79,31.60,0.93,0.27,0.22,BODY
9F55916DB716DE4B,0.46,-5.62,32.40,0.96,0.27,0.20,BODY
0B5FA7016BE63F32,2.24,-5.71,30.00,0.94,0.27,0.22,BODY
1421D2D4E7A06AB8,4.05,-5.85,30.80,0.91,0.27,0.19,BODY
9C09A672151224E8,5.62,-5.51,31.60,1.00,0.83,0.65,BODY
59A87F1DF9C1DFBC,-3.46,-5.61,32.40,0.57,0.35,0.34,BODY
52B4B5E767B8DAB0,-1.71,-5.48,30.00,0.94,0.27,0.21,BODY
455FEFBA40F3463E,-0.21,-5.67,30.80,0.95,0.27,0.21,BODY
CEC9D302DAA5054A,1.70,-5.89,31.60,0.94,0.27,0.22,BODY
AF38D3C75537E417,3.54,-5.58,32.40,0.94,0.29,0.19,BODY
8D26E77363048B85,5.13,-5.47,30.00,0.97,0.97,0.97,BODY
085801DFA4EA71C3,-4.55,-5.69,30.80,0.99,0.99,0.98,BODY
454B8802DE18A8D4,-2.52,-5.74,31.60,0.95,0.27,0.20,BODY
8E7836A1B2B08D16,-0.84,-5.38,32.40,0.94,0.27,0.21,BODY
1709815819F8A8C2,0.82,-5.49,30.00,0.94,0.27,0.22,BODY
D320397142F56ACC,2.68,-5.64,30.80,0.94,0.27,0.22,BODY
7A132CBD2F362D59,4.57,-5.51,31.60,0.87,0.29,0.22,BODY
F2DA6B4A7A045242,6.27,-5.94,32.40,0.06,0.13,0.09,BODY
07D408F5C5F15EA4,-3.25,-5.81,30.00,0.94,0.27,0.21,BODY
CA145F9F6738E35F,-1.37,-5.76,30.80,0.94,0.27,0.22,BODY
2923706C388B8443,0.20,-5.69,31.60,0.94,0.29,0.19,BODY
E3C9A3A0D290EBE6,1.79,-5.82,32.40,0.94,0.27,0.22,BODY
32FBEDB9D5A1E8EC,3.55,-5.75,30.00,0.94,0.27,0.21,BODY
3668FCD47C555BF9,5.72,-5.89,30.80,1.00,0.98,0.97,BODY
1F6362BDF86D4E17,-4.18,-5.49,31.60,0.35,0.06,0.03,BODY
A608760708A0860C,-2.34,-5.57,32.40,0.94,0.27,0.19,BODY
31837304126F5EB0,-0.60,-5.32,30.00,0.91,0.29,0.22,BODY
6F2E2DA16EE457F9,1.28,-5.35,30.80,0.94,0.27,0.22,BODY
952963D52C0EF74C,2.95,-5.74,31.60,0.91,0.28,0.21,BODY
64CE8E554D74B3D7,4.66,-5.57,32.40,0.22,0.06,0.06,BODY
8948B6D8F2E951A6,-4.67,-5.34,30.00,0.00,0.03,0.03,BODY
2B8161F0A4353C1D,-2.93,-5.30,30.80,0.94,0.27,0.21,BODY
6550247F2D411CCC,-1.28,-5.56,31.60,0.93,0.27,0.21,BODY
D66955241B2FA1D6,0.27,-5.26,32.40,0.91,0.29,0.26,BODY
FC311973B2A7E155,2.49,-5.23,30.00,0.94,0.27,0.22,BODY
B7F16C27428C33EF,3.92,-5.48,30.80,0.95,0.26,0.21,BODY
7CBCF0416BE73288,5.50,-5.55,31.60,1.00,0.98,1.00,BODY
AF05E8320CFDCE34,-3.67,-5.40,32.40,0.84,0.29,0.26,BODY
C6C2B77E8823C4CB,-2.18,-5.34,30.00,0.94,0.28,0.19,BODY
684253FE3FF1B4CD,-0.13,-5.23,30.80,0.45,0.11,0.09,BODY
482623AA99E5FDC6,1.22,-5.48,31.60,0.94,0.27,0.22,BODY
01219E6DA1B303C3,3.39,-5.68,32.40,0.94,0.27,0.19,BODY
1B75266C9D3DF235,4.69,-5.40,30.00,0.03,0.08,0.06,BODY
D30AA0BD838CF7B3,-6.14,-5.68,30.80,0.00,0.09,0.06,BODY
93D5BBAA8BA7A0D2,-3.23,-5.28,31.60,0.94,0.27,0.19,BODY
6F45F98D2C701123,-1.41,-5.12,32.40,0.94,0.31,0.25,BODY
269819C1B68C0BFC,0.18,-5.53,30.00,0.19,0.02,0.00,BODY
125442AE6BAC14D0,2.20,-5.58,30.80,0.94,0.27,0.22,BODY
FCC6D5037DB79208,3.81,-5.44,31.60,0.94,0.27,0.22,BODY
F2835C03A31B0532,5.89,-5.22,32.40,1.00,0.99,0.98,BODY
79CACF3D596F28AB,-3.87,-5.13,30.00,0.80,0.31,0.24,BODY
F2A534494501E6B2,-2.26,-5.32,30.80,0.94,0.29,0.22,BODY
A197851F623E806C,-0.52,-5.22,31.60,0.19,0.00,0.00,BODY
99FB6DE430D73892,1.16,-5.11,32.40,0.94,0.27,0.22,BODY
836CD3096457E44D,3.06,-5.38,30.00,0.94,0.27,0.21,BODY
D743E73A75ACB986,4.73,-5.24,30.80,0.91,0.30,0.22,BODY
A925CD07E96B2663,6.42,-5.44,31.60,0.78,0.87,0.87,BODY
F7547FBBFECE91DD,-3.64,-5.48,32.40,0.95,0.27,0.21,BODY
48A7E4130BEEFF13,-1.79,-5.16,30.00,0.94,0.27,0.22,BODY
00FBC8B8202FC307,0.20,-5.52,30.80,0.64,0.40,0.26,BODY
4A7C478A2817EEEA,1.81,-5.10,31.60,0.94,0.27,0.21,BODY
E2D301959EDD5B0D,3.26,-5.09,32.40,0.95,0.28,0.20,BODY
DEEC33BF7B08A8B9,5.29,-5.05,30.00,1.00,0.98,0.99,BODY
1CA66FB15AE5E568,-4.50,-5.21,30.80,0.54,0.29,0.28,BODY
140C34199D4D1B77,-2.53,-5.48,31.60,0.93,0.27,0.20,BODY
55DDE1D4546BF64F,-1.08,-5.12,32.40,0.60,0.23,0.17,BODY
A9421A6F4D74AEA6,0.66,-5.17,30.00,0.93,0.27,0.22,BODY
3083EFEA1A08FF23,2.57,-5.28,30.80,0.94,0.27,0.21,BODY
06D99D566913A5F7,4.06,-5.48,31.60,0.94,0.27,0.22,BODY
21EB2158A13214DE,5.96,-5.53,32.40,0.99,0.99,1.00,BODY
3662404B00040E58,-3.36,-5.14,30.00,0.98,0.25,0.24,BODY
22B2E08A7303124D,-1.41,-4.95,30.80,0.94,0.27,0.22,BODY
AD74A1FFA10CB00A,0.29,-5.21,31.60,0.91,0.67,0.42,BODY
D06FCCD3004FD220,1.78,-5.05,32.40,0.91,0.30,0.22,BODY
5C2154EA104B83E9,3.27,-5.47,30.00,0.91,0.28,0.19,BODY
43A98A20377415D4,5.22,-5.30,30.80,0.97,0.95,0.94,BODY
D82A3A56EE146235,-4.05,-5.07,31.60,0.91,0.33,0.26,BODY
BD170797CF05E650,-2.23,-5.14,32.40,0.94,0.29,0.22,BODY
18E3113CE98BE904,-0.81,-5.25,30.00,0.94,0.68,0.42,BODY
8B57BD727D3EDD69,1.17,-5.11,30.80,0.67,0.20,0.18,BODY
DBAF3E6C7A472B35,2.74,-4.93,31.60,0.93,0.28,0.21,BODY
3624AF2C42082668,4.30,-5.07,32.40,0.95,0.26,0.24,BODY
FD6593BAA71B119E,6.59,-5.25,30.00,0.97,0.97,0.97,BODY
9E2D015F65D1BC0E,-3.02,-5.14,30.80,0.95,0.27,0.20,BODY
1FB2D8F3BFCEC8B9,-1.78,-5.04,31.60,0.86,0.27,0.22,BODY
D8CDB34B046970C6,0.45,-5.17,32.40,0.62,0.46,0.26,BODY
A61F1851546C1D28,2.10,-4.96,30.00,0.87,0.26,0.20,BODY
87CBBBEF4F0375CC,3.56,-4.83,30.80,0.95,0.27,0.21,BODY
4906EC2C6A99573A,5.30,-5.14,31.60,0.97,0.98,1.00,BODY
E631B5DEBA5DDA1B,-4.23,-5.22,32.40,0.95,0.27,0.22,BODY
152CF3254527C457,-2.22,-5.06,30.00,0.94,0.28,0.18,BODY
03973D211802591E,-0.69,-4.98,30.80,0.63,0.47,0.30,BODY
38292D14DDCD77E3,1.19,-5.12,31.60,0.68,0.20,0.18,BODY
4E20291015BB0B46,3.10,-5.04,32.40,0.94,0.27,0.20,BODY
C0EA1A50D06F34F8,4.91,-4.99,30.00,0.35,0.15,0.13,BODY
D4D46EB62A30D86F,-6.35,-5.08,30.80,0.03,0.10,0.09,BODY
E5923A710751DFF9,-2.90,-5.19,31.60,0.94,0.27,0.19,BODY
BDAE6FA15BE2CA18,-1.36,-5.07,32.40,0.48,0.17,0.13,BODY
9CEAF48F10F5FD00,0.80,-4.92,30.00,0.68,0.51,0.29,BODY
C531A6E367B72964,2.17,-4.74,30.80,0.74,0.27,0.19,BODY
315938C23596AFB1,4.27,-4.78,31.60,0.94,0.27,0.22,BODY
5D4FD844B1E6EF63,5.91,-4.83,32.40,0.62,0.27,0.21,BODY
6488EB84BFD51472,-3.33,-5.22,30.00,0.91,0.28,0.21,BODY
D31F4AD253A734A5,-1.85,-4.93,30.80,0.30,0.07,0.06,BODY
E63E894D77E1D205,-0.18,-4.91,31.60,0.00,0.00,0.00,BODY
80FDA1C6A423439B,1.72,-4.91,32.40,0.06,0.00,0.00,BODY
414C717D39CCF1A3,3.47,-4.65,30.00,0.94,0.27,0.22,BODY
C1A7C7BEEA9C26B3,5.51,-5.13,30.80,0.41,0.17,0.15,BODY
69653B73A5B2551F,-3.70,-5.07,31.60,0.95,0.27,0.20,BODY
7A2E0A0C45E3DB27,-2.08,-4.71,32.40,0.41,0.13,0.11,BODY
AFC1E44F58558BED,-0.32,-5.03,30.00,0.00,0.00,0.00,BODY
E5670F6590C5A220,1.74,-5.17,30.80,0.00,0.00,0.00,BODY
11F46B3647B0C759,3.43,-4.92,31.60,0.97,0.25,0.26,BODY
C58237153BF43E2A,4.92,-4.71,32.40,0.87,0.30,0.26,BODY
67D5584138A5791E,-3.87,-4.87,30.00,0.97,0.25,0.19,BODY
EC8C5C6B4A275B4B,-2.17,-4.94,30.80,0.40,0.09,0.07,BODY
8ED96478EDE5A065,-0.18,-4.55,31.60,0.03,0.00,0.00,BODY
8DA9433B1049CAB5,1.41,-4.85,32.40,0.00,0.00,0.00,BODY
4D51E1A7F6ED3CA0,3.01,-4.76,30.00,0.68,0.25,0.22,BODY
7A6BC45C32C7D4BC,5.26,-4.62,30.80,0.81,0.31,0.27,BODY
92068D15C076F739,-3.99,-4.68,31.60,0.91,0.28,0.21,BODY
8D4587A4D04EECC4,-2.21,-4.79,32.40,0.19,0.05,0.06,BODY
3E9AAFB81F70BFB9,-0.52,-4.85,30.00,0.06,0.03,0.00,BODY
F3EDB51A165525F1,1.37,-4.80,30.80,0.03,0.00,0.00,BODY
5AA4453625DDDECE,2.90,-4.55,31.60,0.29,0.08,0.06,BODY
FC36CAF99B836E6C,4.49,-4.80,32.40,0.43,0.14,0.09,BODY
A61FBFCB98D25B93,-4.09,-4.77,30.00,0.93,0.28,0.21,BODY
D60EFDE1C5A53664,-2.65,-4.72,30.80,0.00,0.00,0.00,BODY
0103BF285D27782B,-0.37,-4.46,31.60,0.13,0.08,0.03,BODY
97AA254CB2B16FB3,1.09,-4.69,32.40,0.00,0.00,0.00,BODY
FCB2A461B1AD112C,2.67,-4.99,30.00,0.12,0.02,0.02,BODY
F6C42E6C874EF6C7,4.75,-4.61,30.80,0.97,0.27,0.22,BODY
76202EA3DA103A0A,-4.09,-4.43,31.60,0.81,0.29,0.26,BODY
27D7596120DA5A30,-2.82,-4.96,32.40,0.00,0.00,0.00,BODY
D0FA55EDE2FE3775,-0.78,-4.48,30.00,0.87,0.65,0.39,BODY
D3ACA658E16218BD,1.17,-4.93,30.80,0.00,0.00,0.00,BODY
2137403C97758C68,2.88,-4.56,31.60,0.00,0.00,0.00,BODY
158B4E5B639E8FC5,4.31,-4.45,32.40,0.94,0.27,0.24,BODY
4A82E350D2112DEF,6.31,-4.57,30.00,0.47,0.30,0.26,BODY
E9F2A47E3EF7A228,-2.99,-4.53,30.80,0.03,0.00,0.00,BODY
C0E2162A344BF331,-1.10,-4.84,31.60,0.97,0.70,0.42,BODY
0EC989F550AB0873,0.85,-4.57,32.40,0.00,0.00,0.00,BODY
9E00521D18D51851,2.75,-4.84,30.00,0.00,0.00,0.00,BODY
A646D371B2101E7B,4.46,-4.73,30.80,0.94,0.28,0.21,BODY
E06F9E20530A9724,5.76,-4.52,31.60,0.94,0.27,0.22,BODY
4B8A1B0CDA470ACC,-2.59,-4.68,32.40,0.00,0.00,0.00,BODY
4092ADF8EF893F16,-0.89,-4.42,30.00,0.03,0.00,0.03,BODY
1232E2DAD08049FE,0.88,-4.30,30.80,0.71,0.53,0.29,BODY
16E32500D2E12900,2.33,-4.31,31.60,0.00,0.00,0.00,BODY
7DC25A0204622E1B,3.96,-4.64,32.40,0.91,0.29,0.26,BODY
FF6C7B00CD1EE320,5.65,-4.35,30.00,0.94,0.29,0.22,BODY
32B98C9387CF7C66,-2.97,-4.48,30.80,0.02,0.00,0.00,BODY
3C5B8348CA3D0B0F,-1.51,-4.64,31.60,0.02,0.00,0.00,BODY
570F0D2FCFBD4A72,0.18,-4.59,32.40,0.94,0.70,0.42,BODY
F55277D639FADA69,1.97,-4.26,30.00,0.00,0.00,0.00,BODY
E49D4C791739A763,3.74,-4.49,30.80,0.59,0.20,0.17,BODY
5546FE1AAE2A63AC,5.73,-4.73,31.60,0.93,0.27,0.19,BODY
11F9EB4320040C65,-3.40,-4.27,32.40,0.00,0.00,0.00,BODY
2E85473B94D28CF1,-1.59,-4.66,30.00,0.00,0.00,0.00,BODY
C503417E14362B7E,0.45,-4.59,30.80,0.03,0.00,0.00,BODY
54C96F5EFEAE1054,1.97,-4.23,31.60,0.00,0.00,0.01,BODY
6994CD87B3192FB5,3.83,-4.55,32.40,0.00,0.00,0.00,BODY
9DF2AB1A6F4CDD2C,5.74,-4.70,30.00,0.94,0.27,0.20,BODY
856E2DD35B2BBC91,-3.67,-4.70,30.80,0.03,0.00,0.00,BODY
F4D43BD1C7F0607D,-1.39,-4.75,31.60,0.01,0.00,0.01,BODY
5982DF8ABA159E15,0.30,-4.19,32.40,0.00,0.00,0.00,BODY
C3A8BD37922B08B9,1.78,-4.15,30.00,0.00,0.00,0.00,BODY
4FD19747CED9BEB5,3.64,-4.29,30.80,0.00,0.00,0.00,BODY
2506BFF6E85A76FE,5.41,-4.50,31.60,0.95,0.27,0.20,BODY
F416A12CEAD601F6,-3.75,-4.64,32.40,0.03,0.00,0.00,BODY
C1A93642A20AAC61,-1.84,-4.23,30.00,0.00,0.00,0.01,BODY
F77B6DF868D113D5,0.03,-4.32,30.80,0.02,0.01,0.00,BODY
CA188A386C664AF6,1.95,-4.44,31.60,0.03,0.00,0.00,BODY
7C9FDF0187F64810,3.16,-4.11,32.40,0.00,0.01,0.02,BODY
B0E948F55B369BEC,4.89,-4.55,30.00,0.94,0.27,0.21,BODY
585D3D037E2CA5B9,-3.60,-4.54,30.80,0.03,0.00,0.00,BODY
B390B912E402A77E,-1.78,-4.51,31.60,0.01,0.00,0.01,BODY
BC268DC09C703657,-0.12,-4.63,32.40,0.02,0.01,0.00,BODY
1C39E0509B5A56AF,1.29,-4.54,30.00,0.00,0.00,0.00,BODY
9E79A8B858613846,3.03,-4.59,30.80,0.00,0.00,0.00,BODY
013FBC34B1F3B441,5.31,-4.47,31.60,0.94,0.27,0.22,BODY
CBA7ABE5C80764E5,-3.98,-4.41,32.40,0.03,0.00,0.00,BODY
FA5AE15DC0A3FE98,-1.73,-4.30,30.00,0.00,0.00,0.00,BODY
3017BE7988827F88,-0.54,-4.35,30.80,0.04,0.04,0.03,BODY
005518480576CB4E,1.48,-4.21,31.60,0.00,0.00,0.00,BODY
567F9EE2C084BA56,2.95,-4.33,32.40,0.01,0.00,0.01,BODY
24D98CFF3CBF5920,4.97,-4.29,30.00,0.91,0.29,0.19,BODY
79CCA7FD814D6D25,-3.77,-3.96,30.80,0.09,0.00,0.00,BODY
0D0604CC6D6A4F26,-2.38,-3.95,31.60,0.01,0.00,0.00,BODY
F56807EB76935B04,-0.67,-4.05,32.40,0.04,0.04,0.03,BODY
8E4B0FF68520EAA3,1.17,-4.24,30.00,0.02,0.00,0.00,BODY
7F9B4D7B930F40A6,3.02,-4.27,30.80,0.02,0.01,0.02,BODY
F4BE6ED3B241EB82,4.89,-4.24,31.60,0.91,0.29,0.19,BODY
7DE43BEC31D28294,-3.64,-4.30,32.40,0.01,0.00,0.00,BODY
D5BFF1960596E4C9,-1.93,-4.13,30.00,0.01,0.00,0.00,BODY
BD572286491E359A,-0.58,-4.45,30.80,0.03,0.00,0.00,BODY
3384268C8E2A6C1A,1.60,-4.38,31.60,0.13,0.02,0.00,BODY
7859CB18450FCB68,2.86,-4.18,32.40,0.04,0.05,0.04,BODY
38B1B173A05954B7,4.77,-4.33,30.00,0.93,0.27,0.20,BODY
818FABCDD9356D9B,-3.79,-4.10,30.80,0.00,0.00,0.01,BODY
79983ECFB44A17E1,-2.39,-4.34,31.60,0.02,0.00,0.00,BODY
8B20C6CF23CA0224,-0.52,-4.39,32.40,0.32,0.23,0.14,BODY
92607457DCB06FF9,1.13,-4.17,30.00,0.13,0.02,0.00,BODY
A45709187FFD976C,2.91,-3.92,30.80,0.02,0.02,0.02,BODY
F122CFF2FBAB02C0,5.02,-3.97,31.60,0.93,0.27,0.20,BODY
D7147461B2197865,-3.68,-4.24,32.40,0.00,0.00,0.01,BODY
95EC4F518870C58E,-2.19,-4.08,30.00,0.01,0.00,0.00,BODY
F78CF6AA14A73928,-0.40,-4.18,30.80,0.91,0.68,0.42,BODY
B828BBDD9C329705,1.24,-4.25,31.60,0.25,0.07,0.05,BODY
0FE4E502A6022197,3.20,-4.06,32.40,0.02,0.02,0.02,BODY
EB5F3C152387A757,4.79,-3.94,30.00,0.95,0.26,0.21,BODY
F04EC416C79ADB49,-3.93,-4.31,30.80,0.00,0.00,0.01,BODY
3A7CF1E92AFAF71E,-2.26,-3.91,31.60,0.01,0.01,0.01,BODY
548D85974EFE7440,-0.52,-3.81,32.40,0.91,0.68,0.42,BODY
31BB12461640BA90,1.71,-4.10,30.00,0.65,0.22,0.16,BODY
49A95E071F30B8A5,3.16,-4.14,30.80,0.00,0.01,0.02,BODY
17F1C14350E5D6D7,4.83,-4.34,31.60,0.95,0.26,0.21,BODY
BFB75A015BCF94DB,-3.65,-4.01,32.40,0.00,0.00,0.00,BODY
69A1E3A984245DFD,-2.05,-3.86,30.00,0.09,0.02,0.00,BODY
D71995C1A9D06436,-0.15,-4.13,30.80,0.97,0.64,0.42,BODY
CCFD84095462D8B8,1.33,-3.72,31.60,0.87,0.29,0.26,BODY
945722B79EA803D3,2.90,-3.86,32.40,0.03,0.02,0.02,BODY
69F83435695D00F8,4.88,-3.78,30.00,0.95,0.26,0.21,BODY
6059504ECF66E187,-3.61,-3.80,30.80,0.00,0.00,0.00,BODY
F994D02BBB1C4A8E,-2.02,-4.22,31.60,0.34,0.11,0.09,BODY
817E20C45A57E028,0.06,-4.22,32.40,0.91,0.62,0.42,BODY
277E5E9D72706BEC,1.38,-4.22,30.00,0.87,0.29,0.26,BODY
54DE97B53396E304,3.35,-4.16,30.80,0.06,0.03,0.04,BODY
53205CA8549A93E5,4.70,-4.15,31.60,0.94,0.27,0.22,BODY
341A6953858A2C8A,-3.53,-3.95,32.40,0.01,0.00,0.00,BODY
289161AE1A83A5E6,-1.70,-3.89,30.00,0.59,0.20,0.19,BODY
1BD2315ABCC9A20F,-0.06,-4.00,30.80,0.47,0.22,0.16,BODY
B80426283A5D3791,1.35,-3.74,31.60,0.87,0.29,0.26,BODY
42067EBEC6AC8E2A,3.54,-3.64,32.40,0.06,0.03,0.04,BODY
AC8BCF8FBC98B7F3,4.81,-3.84,30.00,0.91,0.28,0.22,BODY
B6D719637589BEFF,-3.34,-3.88,30.80,0.01,0.00,0.00,BODY
ABD81C252B493FC8,-1.68,-3.71,31.60,0.46,0.17,0.15,BODY
9ACF7ED21B91D074,-0.18,-3.74,32.40,0.47,0.22,0.16,BODY
617F6AD10CE85626,1.90,-4.10,30.00,0.90,0.27,0.24,BODY
E10106929E597C16,3.49,-4.03,30.80,0.03,0.00,0.00,BODY
645AF23C08194728,4.82,-3.95,31.60,0.94,0.27,0.22,BODY
B06B2F34DA1925E6,-3.21,-4.01,32.40,0.03,0.00,0.00,BODY
964DC8690805C4A0,-1.52,-3.65,30.00,0.30,0.08,0.05,BODY
9139489459854C62,0.05,-3.89,30.80,0.51,0.22,0.24,BODY
D722B861EE8D3E40,1.69,-3.66,31.60,0.94,0.29,0.22,BODY
9EF0B64741976EF0,3.79,-3.55,32.40,0.06,0.00,0.00,BODY
45B12F0D306499A9,5.41,-3.95,30.00,0.94,0.27,0.22,BODY
2D6A423986CE7683,-2.87,-3.93,30.80,0.05,0.01,0.01,BODY
64BAC5F393FCB856,-1.57,-3.63,31.60,0.65,0.17,0.16,BODY
5C7EDC1B577E00F7,0.44,-3.68,32.40,0.57,0.15,0.15,BODY
5F2F8B91EC3908E8,2.10,-3.74,30.00,0.94,0.29,0.22,BODY
6F7A0A933C1E8146,3.52,-3.78,30.80,0.03,0.00,0.00,BODY
8A724BF7BC56B12A,5.45,-4.04,31.60,0.94,0.27,0.21,BODY
B5850429E5BFA03F,-3.00,-4.00,32.40,0.25,0.07,0.05,BODY
4A0200AF0643CCC2,-0.91,-3.59,30.00,0.29,0.03,0.03,BODY
C542018138A79E4A,0.69,-3.96,30.80,0.70,0.16,0.15,BODY
5F48F714FB655019,1.97,-3.87,31.60,0.93,0.27,0.24,BODY
6BB27483A6545422,4.13,-3.62,32.40,0.03,0.00,0.01,BODY
5AD26D83DF9C4A54,5.67,-3.42,30.00,0.95,0.27,0.21,BODY
14C7E7EA04E9725E,-2.37,-3.43,30.80,0.91,0.29,0.22,BODY
D6AEE73D0C29E98B,-0.72,-3.81,31.60,0.75,0.69,0.67,BODY
12787141B397EF68,0.67,-3.93,32.40,0.71,0.17,0.13,BODY
BED32091DD87730A,2.71,-3.72,30.00,0.97,0.27,0.19,BODY
3857FD5479726A01,4.33,-3.75,30.80,0.58,0.18,0.17,BODY
A466CA2F4156232A,-4.02,-3.79,31.60,0.00,0.02,0.00,BODY
A1D4960BAB6800A3,-2.59,-3.45,32.40,0.65,0.20,0.18,BODY
498E8994D4C1D9A0,-0.52,-3.49,30.00,0.99,0.98,0.99,BODY
7CAF62E10FE9D4BD,1.24,-3.66,30.80,0.71,0.16,0.13,BODY
7CC67ECA7880D2EB,2.91,-3.41,31.60,0.94,0.27,0.22,BODY
A1CD93C9AE046827,4.47,-3.83,32.40,0.94,0.27,0.22,BODY
D3F0E3D4B4A79381,-3.50,-3.28,30.00,0.06,0.00,0.01,BODY
2535DBA9404A4F07,-2.15,-3.37,30.80,0.29,0.05,0.03,BODY
E6E5E4B9508775B3,-0.59,-3.69,31.60,0.99,0.98,0.99,BODY
7A857850E17D142F,1.44,-3.64,32.40,0.74,0.16,0.16,BODY
036812A1BAC398C3,3.22,-3.70,30.00,0.94,0.27,0.19,BODY
CA64E9E30730AD42,5.19,-3.73,30.80,0.95,0.27,0.20,BODY
C36F5FEF19568493,-3.43,-3.51,31.60,0.39,0.11,0.09,BODY
16E158198E1D7638,-1.44,-3.62,32.40,0.97,0.94,0.94,BODY
6433494CB2D95C67,-0.04,-3.70,30.00,0.97,0.97,0.94,BODY
B663E108C12CF19A,2.03,-3.75,30.80,0.72,0.16,0.15,BODY
95C68DDD9695B607,3.35,-3.37,31.60,0.97,0.33,0.26,BODY
9F33A454A6F45135,5.14,-3.37,32.40,0.95,0.26,0.22,BODY
CB2D54001C48B685,-2.70,-3.52,30.00,0.94,0.29,0.26,BODY
A83FE28170D90B2E,-1.38,-3.64,30.80,0.97,0.98,0.97,BODY
5EA8CDDA10AD9A70,0.22,-3.61,31.60,0.94,0.92,0.94,BODY
175CADD1245533F0,2.32,-3.24,32.40,0.42,0.10,0.09,BODY
AFDCF1030B306306,3.66,-3.27,30.00,0.67,0.22,0.18,BODY
8652B45DF4A05FE5,5.92,-3.16,30.80,0.94,0.27,0.22,BODY
6796910F6458C68E,-2.31,-3.16,31.60,0.91,0.29,0.22,BODY
A5F8977EB7B7B7C5,-0.77,-3.20,32.40,1.00,0.99,1.00,BODY
7050BBEC6041ED45,1.17,-3.65,30.00,0.45,0.32,0.32,BODY
72E1CAC97069F848,2.51,-3.36,30.80,0.94,0.29,0.26,BODY
29E6FD34189A2745,4.37,-3.43,31.60,0.94,0.27,0.22,BODY
8CF153CE1DF843B5,-3.84,-3.31,32.40,0.33,0.09,0.09,BODY
FEA253BDBF39F87D,-2.18,-3.10,30.00,0.94,0.92,0.94,BODY
5011444BD0F16568,-0.49,-3.60,30.80,1.00,0.99,0.99,BODY
AC1B85C74EA0AD7F,1.41,-3.52,31.60,0.35,0.00,0.00,BODY
01FDFBA19BA3242A,2.97,-3.48,32.40,0.94,0.27,0.21,BODY
DD6CEC38B6213E63,4.93,-3.39,30.00,0.94,0.27,0.22,BODY
9910A3FCD8532E3E,-3.54,-3.03,30.80,0.97,0.26,0.20,BODY
02DE0D4BDC21DA79,-1.48,-3.12,31.60,1.00,0.99,0.99,BODY
37902303C1ADCDED,0.19,-3.26,32.40,1.00,1.00,1.00,BODY
43D5D026D0173606,2.18,-3.54,30.00,0.69,0.16,0.14,BODY
656D170921D19EA7,3.61,-3.33,30.80,0.94,0.32,0.25,BODY
9D21613C4AA621A5,5.13,-3.03,31.60,0.94,0.27,0.22,BODY
3A4629C65E4CE82D,-2.99,-3.47,32.40,0.89,0.32,0.25,BODY
D8CBC741527C91BE,-0.97,-3.02,30.00,1.00,0.99,0.99,BODY
C9AA507667A814BF,0.99,-3.29,30.80,1.00,0.98,1.00,BODY
0BDC8F6683566046,2.61,-3.09,31.60,0.19,0.00,0.00,BODY
31E4E91204DC383F,4.47,-3.10,32.40,0.97,0.25,0.22,BODY
D523F74FCB4EE5B6,-3.83,-3.15,30.00,0.93,0.27,0.22,BODY
6D196193009D769F,-1.88,-3.17,30.80,1.00,1.00,1.00,BODY
2695A0E332067AB6,-0.30,-3.13,31.60,1.00,0.99,1.00,BODY
154CAA88BCB6027E,1.43,-3.27,32.40,0.65,0.62,0.61,BODY
2EAB165869661405,3.11,-3.01,30.00,0.91,0.27,0.22,BODY
02CF4E0A482A2B5C,4.73,-3.25,30.80,0.94,0.27,0.22,BODY
8A1B50BB45882BCA,-3.19,-3.03,31.60,0.94,0.28,0.20,BODY
4AD974B3528C5C09,-1.46,-3.33,32.40,1.00,0.99,1.00,BODY
95E038DFD3F9369F,0.21,-3.24,30.00,1.00,0.99,1.00,BODY
E2F8B9E0682FB34F,1.77,-2.98,30.80,0.68,0.16,0.13,BODY
FC6C759531790E37,4.10,-3.39,31.60,0.95,0.28,0.24,BODY
9110AA29331423AD,5.32,-3.11,32.40,0.94,0.29,0.22,BODY
3708F453CC1A363B,-2.19,-3.34,30.00,0.71,0.64,0.64,BODY
F40FD6A98CFD3613,-0.70,-3.33,30.80,1.00,0.99,1.00,BODY
3CF41CF78B01CB9D,1.16,-3.07,31.60,1.00,1.00,1.00,BODY
278655E37C336346,2.74,-3.35,32.40,0.42,0.10,0.09,BODY
130653E4E6F4BBED,4.46,-3.33,30.00,0.94,0.27,0.21,BODY
0B50B1091D0099AC,-3.54,-3.06,30.80,0.94,0.29,0.22,BODY
4230415D0922A41E,-2.04,-2.83,31.60,1.00,0.99,1.00,BODY
EC1BBB9F1C654A87,-0.23,-3.34,32.40,1.00,0.99,1.00,BODY
64B8C2787BE1D297,1.88,-3.33,30.00,0.97,0.97,0.97,BODY
0C46C283F3DD0AD0,3.13,-3.20,30.80,0.94,0.29,0.25,BODY
D6230BB2ADBFB0C5,4.91,-3.00,31.60,0.94,0.27,0.22,BODY
744990D08F3438E2,-2.62,-2.71,32.40,0.22,0.00,0.00,BODY
D9B70F7041CA4155,-0.89,-2.94,30.00,1.00,0.99,1.00,BODY
6B2FD7B78CF0D3C7,0.39,-2.76,30.80,1.00,0.99,1.00,BODY
2FBC493DEB68F4E9,2.63,-3.15,31.60,0.71,0.16,0.13,BODY
9DD6E0476848F832,4.40,-2.89,32.40,0.94,0.27,0.22,BODY
EC6628E13C3346B0,-4.08,-3.18,30.00,0.74,0.24,0.16,BODY
C3E8FFB0D8DA7781,-1.87,-2.82,30.80,1.00,0.99,1.00,BODY
0804ABB5A8AD53A0,-0.61,-3.05,31.60,1.00,0.99,1.00,BODY
0C935914D17D4FF2,1.07,-3.04,32.40,0.93,0.92,0.93,BODY
140C6E268C3D6874,2.83,-2.67,30.00,0.78,0.16,0.16,BODY
89CBD8E0EAD32DD7,4.76,-2.95,30.80,0.94,0.27,0.22,BODY
5545C6C5C8347DF6,-3.04,-3.19,31.60,0.78,0.25,0.22,BODY
701649D7344F0EA6,-1.18,-2.61,32.40,1.00,0.99,1.00,BODY
4B5CB51E1F563DE2,0.25,-2.87,30.00,1.00,0.99,1.00,BODY
762027C2109948B2,1.81,-3.18,30.80,1.00,0.95,0.97,BODY
987DE76DCC193CE4,3.98,-2.68,31.60,0.95,0.26,0.21,BODY
97F5E6C6B10C0A71,5.76,-2.63,32.40,0.31,0.15,0.13,BODY
522052D372745DF2,-2.15,-2.79,30.00,1.00,0.98,1.00,BODY
B9824C6EEA5B367A,-0.77,-3.08,30.80,1.00,0.99,1.00,BODY
2985D6580343253A,1.10,-2.89,31.60,1.00,1.00,1.00,BODY
BDB8CFCEDD269F9B,2.96,-2.75,32.40,0.71,0.17,0.16,BODY
A7A6417F3B5DF4E7,4.77,-3.02,30.00,0.94,0.27,0.22,BODY
27F67E322A99429E,-3.26,-2.60,30.80,0.91,0.30,0.26,BODY
1A3547AC6D627299,-1.28,-2.77,31.60,1.00,0.99,1.00,BODY
4689CD91834DBB84,0.37,-2.98,32.40,1.00,0.99,1.00,BODY
1B166EB108605EEB,1.82,-2.75,30.00,1.00,1.00,1.00,BODY
F360881605D42784,3.55,-3.07,30.80,0.94,0.29,0.22,BODY
D77031D117B5B7CE,-3.65,-2.86,31.60,0.18,0.12,0.11,BODY
C55DD117549DFBBF,-2.42,-2.99,32.40,1.00,0.99,1.00,BODY
B38244984D6D29D0,-0.45,-2.67,30.00,1.00,0.99,1.00,BODY
2D71915B5673517A,1.10,-2.93,30.80,1.00,0.99,1.00,BODY
3B381AB5E3C22C99,2.90,-2.81,31.60,0.74,0.16,0.16,BODY
0DCA50AE6186DAD4,4.81,-2.89,32.40,0.94,0.27,0.22,BODY
28E7342E66126EE9,-3.07,-2.41,30.00,0.97,0.94,0.94,BODY
A88766D5F73C8D16,-1.33,-2.96,30.80,1.00,0.99,1.00,BODY
03A80782C01EE9D1,0.28,-2.46,31.60,1.00,0.99,1.00,BODY
2FE4C846784262F4,2.15,-2.63,32.40,1.00,0.97,0.97,BODY
F5026335DB349D8A,4.10,-2.50,30.00,0.96,0.28,0.21,BODY
AA30AD2D3430C390,-3.56,-2.62,30.80,0.94,0.27,0.22,BODY
44F19B78A07967CF,-2.17,-2.42,31.60,1.00,0.99,1.00,BODY
362BBE2DEA22DE97,-0.39,-2.52,32.40,1.00,0.99,1.00,BODY
28DAF4EEFD2A69D9,1.48,-2.90,30.00,1.00,0.97,1.00,BODY
29C64E85076FC52F,2.98,-2.43,30.80,0.68,0.17,0.19,BODY
36F14881E042DD99,5.30,-2.44,31.60,0.93,0.27,0.22,BODY
4A0FD9CC364F95AA,-2.74,-2.73,32.40,1.00,0.98,0.97,BODY
503A9A3282B3500E,-0.96,-2.45,30.00,1.00,0.99,1.00,BODY
72F4A6621BC1B794,0.60,-2.37,30.80,0.99,1.00,1.00,BODY
681F8A17366F2188,2.46,-2.45,31.60,0.16,0.14,0.13,BODY
CA9357E3C91E1370,4.26,-2.83,32.40,0.94,0.27,0.22,BODY
4EF7C446B0E09D7D,-3.54,-2.39,30.00,0.91,0.29,0.26,BODY
8459049965F08E52,-1.77,-2.39,30.80,1.00,0.99,1.00,BODY
DB69A2276DE8B9E2,0.26,-2.75,31.60,1.00,0.99,1.00,BODY
AD3E9AF3BDA0A2CD,2.05,-2.80,32.40,1.00,0.99,1.00,BODY
B8A3D7FED3707B69,3.67,-2.82,30.00,0.68,0.17,0.16,BODY
3668795D2AE043C5,5.63,-2.33,30.80,0.03,0.09,0.09,BODY
E044F379CCD053C8,-2.25,-2.31,31.60,1.00,0.99,1.00,BODY
E0B9E70D31C147E8,-0.72,-2.55,32.40,1.00,0.99,1.00,BODY
CC83D6C62A7918D2,0.97,-2.47,30.00,0.99,0.99,1.00,BODY
A350ED4E6CAE36D0,3.21,-2.52,30.80,0.81,0.46,0.45,BODY
7D8E445EC34701AC,4.62,-2.71,31.60,0.96,0.26,0.21,BODY
4391714A7871DA83,-2.84,-2.28,32.40,1.00,1.00,1.00,BODY
D79B86F38F9BD3FE,-1.13,-2.54,30.00,1.00,0.99,1.00,BODY
DB28839E1C60F31C,0.82,-2.18,30.80,1.00,0.99,1.00,BODY
E2C8EA1999620CA4,2.20,-2.37,31.60,0.97,0.95,0.94,BODY
ECD4866ACEAC8A05,4.33,-2.18,32.40,0.94,0.27,0.22,BODY
FCDAA756FB31FE20,-3.63,-2.59,30.00,0.64,0.41,0.38,BODY
BD045A66859DEC82,-1.88,-2.42,30.80,1.00,0.99,1.00,BODY
A7024B56369BD86B,0.10,-2.45,31.60,1.00,0.99,1.00,BODY
9C3DFB2BFB7B8F2F,1.62,-2.33,32.40,1.00,0.99,1.00,BODY
A0D0B989BB221EDB,3.45,-2.25,30.00,0.68,0.17,0.16,BODY
03ADF563F23CFDA1,-3.59,-2.37,30.80,0.13,0.08,0.06,BODY
F8FBDA36DA0746B5,-1.94,-2.51,31.60,1.00,0.99,1.00,BODY
2C41DAC62926ED94,-0.33,-2.28,32.40,1.00,0.99,1.00,BODY
54B18D152BA24313,1.43,-2.12,30.00,1.00,0.99,1.00,BODY
A4F75A76AEFB8297,2.84,-2.45,30.80,0.76,0.53,0.54,BODY
A20AD4B73E645D38,5.08,-2.42,31.60,0.94,0.27,0.22,BODY
E4521E83C7B2EBA1,-2.72,-2.20,32.40,1.00,0.99,1.00,BODY
0F10BE90BD324C5F,-0.67,-2.59,30.00,1.00,0.99,1.00,BODY
F073DAFDB24FB784,0.95,-2.10,30.80,1.00,0.99,1.00,BODY
1DF172848B7ED9A8,2.68,-2.19,31.60,0.97,1.00,0.97,BODY
0DACB2E982B9DE93,4.18,-2.47,32.40,0.94,0.27,0.22,BODY
275D6BCB3CA7A0CA,-3.35,-2.07,30.00,0.64,0.41,0.38,BODY
BA1CF5613DC34A4C,-1.80,-2.14,30.80,1.00,0.99,1.00,BODY
1C0DD5919D3A37E5,0.01,-2.20,31.60,1.00,0.99,1.00,BODY
23E491D6FA2FCC5C,2.12,-2.36,32.40,1.00,0.99,1.00,BODY
A4E5159A37EBE6A3,3.67,-2.02,30.00,0.72,0.16,0.14,BODY
68CE7CEA7BCB53E2,-4.28,-1.92,30.80,0.30,0.17,0.15,BODY
45382C0DE37FE7FE,-2.93,-1.97,31.60,1.00,0.99,1.00,BODY
90825900671780E9,-1.24,-2.38,32.40,1.00,0.99,1.00,BODY
777DF22D5FD310E4,0.83,-2.34,30.00,1.00,0.99,1.00,BODY
B0CF149D7E63E6C8,2.43,-2.18,30.80,1.00,0.98,1.00,BODY
A5058C1EBB943F48,3.90,-2.35,31.60,0.91,0.29,0.22,BODY
9F1839DD9002726F,-4.19,-2.23,32.40,0.74,0.31,0.27,BODY
557CED3DA8B08922,-2.29,-2.42,30.00,1.00,0.99,1.00,BODY
1E3734EE689248B8,-0.25,-2.07,30.80,1.00,0.99,1.00,BODY
32F088BCBCF45E5C,1.26,-2.41,31.60,1.00,0.99,1.00,BODY
55992106DCF59914,3.02,-2.18,32.40,0.50,0.20,0.20,BODY
153C044CDD9A92ED,4.79,-1.92,30.00,0.93,0.27,0.22,BODY
77F3B65850D8B9D0,-3.74,-2.24,30.80,0.94,0.27,0.22,BODY
C063DC11B3673002,-1.95,-2.02,31.60,1.00,0.99,1.00,BODY
E19A5AD8D90C09F1,-0.19,-2.07,32.40,1.00,0.99,1.00,BODY
BB5C301DFF29FC9B,1.49,-2.27,30.00,1.00,0.99,1.00,BODY
08EAB0EDE46E84D0,3.36,-2.35,30.80,0.50,0.20,0.20,BODY
67315099305A3608,4.77,-1.91,31.60,0.91,0.29,0.22,BODY
E88A4DD4DA0EEF7E,-3.68,-2.23,32.40,0.94,0.27,0.22,BODY
B747195012B391FA,-1.99,-1.96,30.00,1.00,0.99,1.00,BODY
B9034E134F74940E,-0.09,-2.35,30.80,1.00,0.99,1.00,BODY
73875D6BDF5209D8,1.34,-1.86,31.60,1.00,0.99,1.00,BODY
B707A8FB0FF046BD,3.40,-1.93,32.40,0.50,0.20,0.20,BODY
9FBCB02135EDE853,4.61,-2.10,30.00,0.91,0.29,0.22,BODY
DB502AFB6F2FB7A6,-3.84,-1.85,30.80,0.91,0.27,0.22,ARM
06B257ECDB2DFFD5,-2.24,-1.78,31.60,1.00,0.99,1.00,ARM
A51F35DAAA831BB0,-0.06,-2.20,32.40,1.00,0.99,1.00,BODY
9F6515600676C436,1.26,-2.04,30.00,1.00,0.99,1.00,BODY
F115CE3262319758,2.95,-1.86,30.80,0.26,0.03,0.03,BODY
2AEFCEF8EAA37C1E,4.61,-2.22,31.60,0.78,0.29,0.22,BODY
E424F8B3F7C1B6CD,-3.89,-1.86,32.40,0.93,0.28,0.21,ARM
83DB199051EB7FAE,-2.53,-2.00,30.00,1.00,0.99,1.00,ARM
5C2C5DC6F64E1D84,-0.64,-2.21,30.80,1.00,0.99,1.00,BODY
A04F5D352B974A0D,1.15,-1.66,31.60,1.00,0.99,1.00,BODY
75CAEF0E4B5781DE,3.12,-1.96,32.40,1.00,0.98,1.00,BODY
9ED21C9716B93A6B,4.47,-2.11,30.00,0.94,0.27,0.22,BODY
9B2ABC21129D5A1E,-4.09,-1.61,30.80,0.93,0.27,0.20,ARM
98BC3BF5256070D7,-2.57,-1.60,31.60,1.00,0.99,1.00,ARM
CAAA510C9682AA4A,-0.80,-1.92,32.40,1.00,0.99,1.00,BODY
AD4937240E0497E4,1.04,-1.84,30.00,1.00,0.99,1.00,BODY
05410E6F2C66226D,2.50,-2.09,30.80,0.99,0.99,1.00,BODY
D689D73EC1670B23,4.47,-2.07,31.60,0.94,0.27,0.22,BODY
F910D8ED5425F4B4,-4.72,-1.93,32.40,0.91,0.27,0.20,ARM
DB709BE085FA3BFF,-3.00,-2.05,30.00,1.00,0.99,1.00,ARM
1DE9CC2C1AB1565C,-0.97,-1.60,30.80,1.00,0.99,1.00,BODY
BF96908B6DB8DC1C,0.66,-1.64,31.60,1.00,0.99,1.00,BODY
CF323A5E9CEAFDCE,2.13,-1.58,32.40,1.00,0.98,1.00,BODY
8AEAEEBFD966C457,4.07,-1.83,30.00,0.71,0.17,0.16,BODY
BD947AB1DC35B4E5,-4.72,-1.60,30.80,0.93,0.27,0.20,ARM
0E374BDE64E5F1E0,-2.97,-1.71,31.60,1.00,0.97,0.98,ARM
91106E507792773A,-1.35,-1.53,32.40,1.00,0.99,1.00,BODY
24F878594C294297,-0.05,-1.69,30.00,1.00,0.99,1.00,BODY
FA1E8E1D414DFD98,2.12,-2.07,30.80,1.00,0.99,1.00,BODY
395474A04E4559E2,3.76,-1.61,31.60,0.97,1.00,0.97,BODY
980FB98D02AD602C,-5.64,-1.88,32.40,0.89,0.30,0.24,HAND
B7139362D10437F5,-3.89,-1.57,30.00,0.48,0.02,0.00,ARM
631D5741E8E0ED39,-2.09,-1.98,30.80,1.00,0.99,1.00,BODY
12D400186F3B6E6F,-0.35,-1.62,31.60,1.00,0.99,1.00,BODY
E40CB3ED3041AC3E,1.49,-1.85,32.40,1.00,0.99,1.00,BODY
991069B8396512C7,3.19,-1.89,30.00,0.73,0.56,0.57,BODY
6C37D76140B60C25,-5.83,-1.82,30.80,0.15,0.18,0.15,HAND
1232EA6683D8858D,-4.08,-1.71,31.60,0.94,0.27,0.21,ARM
CE434666265D5E91,-2.57,-1.50,32.40,1.00,0.99,1.00,ARM
0AAA6D7C6F36DF55,-0.75,-1.92,30.00,1.00,0.99,1.00,BODY
03A9A231A82DDCA4,0.71,-1.84,30.80,1.00,0.99,1.00,BODY
356770C32E09902E,2.43,-1.55,31.60,1.00,0.99,1.00,BODY
9E74216D41620DD5,4.25,-1.65,32.40,0.47,0.11,0.09,BODY
1F7FFA21FE8079FF,-4.78,-1.37,30.00,0.95,0.27,0.21,ARM
24AB9DF479925A7A,-3.13,-1.48,30.80,0.98,0.99,0.98,ARM
8ACBBD538C0ED6BF,-1.64,-1.37,31.60,1.00,0.99,1.00,BODY
444FC239D437BDD6,0.51,-1.42,32.40,1.00,0.99,1.00,BODY
D6FECCDACB333570,2.08,-1.42,30.00,1.00,0.99,1.00,BODY
D5413FAD28B32C86,3.82,-1.56,30.80,0.97,1.00,0.97,BODY
5F9D52A29351AEBB,-5.56,-1.78,31.60,0.94,0.29,0.22,HAND
06E4DE26FAA290E8,-3.71,-1.45,32.40,0.19,0.02,0.00,ARM
970C5EE0A82E087B,-2.04,-1.57,30.00,1.00,0.99,1.00,ARM
C0E89A207867240D,-0.22,-1.90,30.80,1.00,0.99,1.00,BODY
66CD624C78C49414,1.33,-1.79,31.60,1.00,0.99,1.00,BODY
414D24ADF8B7BA7F,3.14,-1.45,32.40,1.00,0.98,1.00,BODY
EC3707F082E7C1C5,-6.17,-1.54,30.00,0.03,0.13,0.13,HAND
DBAE1536A551DB35,-4.55,-1.82,30.80,0.94,0.27,0.22,ARM
2DD36262C794DCE5,-3.03,-1.49,31.60,1.00,0.99,1.00,ARM
BEDE38D07B3047B2,-1.25,-1.71,32.40,1.00,0.99,1.00,BODY
F2A1F75912108610,0.74,-1.26,30.00,1.00,0.99,1.00,BODY
BD78940E6FCC8D24,2.29,-1.61,30.80,1.00,0.99,1.00,BODY
32D9C7781A2B6D26,4.17,-1.59,31.60,0.80,0.61,0.60,BODY
79DD93B07444E86F,-5.56,-1.70,32.40,0.94,0.29,0.22,HAND
E13B84745BF48A4D,-3.74,-1.44,30.00,0.19,0.02,0.00,ARM
A2C48E6436766BBC,-1.82,-1.53,30.80,1.00,0.99,1.00,ARM
C2B8AF4F626CD6CB,-0.51,-1.24,31.60,1.00,0.99,1.00,BODY
CD30C0631EC25C48,1.06,-1.65,32.40,1.00,0.99,1.00,BODY
CA429D4EBF02EA3E,3.17,-1.59,30.00,1.00,0.99,0.99,BODY
850D79CFB2EB4AF6,7.15,-1.64,30.80,0.19,0.29,0.29,BODY
FE6752B88E28BF5F,-4.55,-1.67,31.60,0.95,0.27,0.21,ARM
380B16ACF1AF435D,-3.27,-1.23,32.40,1.00,0.99,0.99,ARM
7283F2ED02A4F7A2,-1.50,-1.24,30.00,1.00,0.99,1.00,BODY
7FE4A22297E17866,0.18,-1.48,30.80,1.00,0.99,1.00,BODY
05AE80C92E27F35F,2.16,-1.67,31.60,1.00,0.99,1.00,BODY
2BDE4599EC66687B,3.83,-1.52,32.40,1.00,0.98,0.97,BODY
B24FD72863686D94,-5.87,-1.50,30.00,0.82,0.80,0.80,HAND
0F987345D8950B39,-3.95,-1.21,30.80,0.78,0.34,0.31,ARM
778D0DD3A5633002,-2.07,-1.58,31.60,1.00,0.99,1.00,ARM
66EC2305444AB89B,-0.55,-1.26,32.40,1.00,0.99,1.00,BODY
2F72916504043E3F,1.08,-1.23,30.00,1.00,0.99,1.00,BODY
A0BFCE3933C94416,3.00,-1.57,30.80,1.00,0.99,1.00,BODY
68364E53E71EDFA2,6.91,-1.45,31.60,0.06,0.17,0.17,BODY
FA86895CF842F733,-5.25,-1.19,32.40,0.94,0.27,0.22,ARM
0BF55826FD6ED4DC,-3.14,-1.51,30.00,1.00,0.99,1.00,ARM
FD5096814935CAC0,-1.56,-1.27,30.80,1.00,0.99,1.00,BODY
C2DDA062EC66E87D,0.38,-1.51,31.60,1.00,0.99,1.00,BODY
1CF2A93B1BE08784,1.85,-1.43,32.40,1.00,0.99,1.00,BODY
0336D90293182031,3.81,-1.29,30.00,0.98,0.99,1.00,BODY
7717953C54A9337F,-5.67,-1.50,30.80,1.00,0.98,1.00,HAND
3AC0B5C633F15820,-4.03,-1.59,31.60,0.94,0.27,0.24,ARM
5175C08095BC0395,-2.29,-1.03,32.40,1.00,0.99,1.00,ARM
0E21C37A0B481FAF,-0.71,-1.10,30.00,1.00,0.99,1.00,BODY
881B45A782058D2A,0.90,-1.27,30.80,1.00,0.99,1.00,BODY
3BA7B093FAE5E0EF,2.70,-1.29,31.60,1.00,0.99,1.00,BODY
899FAB8CCEF5AEC4,7.41,-1.16,32.40,0.06,0.17,0.17,BODY
C7DF576B329000A9,-5.08,-1.30,30.00,0.94,0.27,0.22,ARM
C079A3D0A9A52895,-3.39,-1.26,30.80,1.00,0.99,1.00,ARM
8145631B925EE673,-1.39,-1.10,31.60,1.00,0.99,1.00,BODY
13A623076E953675,0.51,-1.26,32.40,1.00,0.99,1.00,BODY
E456E97031983CA7,1.96,-1.13,30.00,1.00,0.99,1.00,BODY
CC5923A63E02EFB2,3.94,-1.10,30.80,1.00,0.98,1.00,BODY
006D848AD22F85D2,-5.37,-1.31,31.60,0.83,0.79,0.77,HAND
DDB5AE73CD0DC5E4,-4.13,-1.18,32.40,0.75,0.62,0.61,ARM
DB6F6FCF5CD09023,-1.94,-1.42,30.00,1.00,0.99,1.00,ARM
C90883B6E17B8FF2,-0.49,-1.25,30.80,1.00,0.99,1.00,BODY
6DD0BB1386D7C843,1.64,-0.94,31.60,1.00,0.99,1.00,BODY
770D365608AB6F8E,2.78,-1.27,32.40,1.00,0.99,1.00,BODY
8471C0EA97452B83,-6.41,-1.27,30.00,0.98,0.99,0.96,HAND
D7A7D38EA1D4ADEF,-4.56,-1.06,30.80,0.94,0.27,0.21,ARM
CF5B7EB6FA9452D0,-3.13,-1.13,31.60,1.00,0.99,1.00,ARM
222E2336DA72F8B8,-1.05,-0.94,32.40,1.00,0.99,1.00,BODY
75E42A4AAEB19250,0.76,-1.17,30.00,1.00,0.99,1.00,BODY
667DA65FE5F2EF7D,2.07,-1.32,30.80,1.00,0.99,1.00,BODY
6B2B0F9B3338D87E,4.15,-1.21,31.60,1.00,1.00,1.00,BODY
2A8A5C0A4D1E93EA,-5.43,-1.37,32.40,1.00,0.98,1.00,HAND
A6CBA671A2440FAF,-4.12,-0.91,30.00,0.75,0.62,0.61,ARM
DE80D9B0AB434814,-2.11,-1.14,30.80,1.00,0.99,1.00,ARM
3032270E8C400456,-0.39,-0.97,31.60,1.00,0.99,1.00,BODY
F90E8E334CDA7BF9,1.21,-1.22,32.40,1.00,0.99,1.00,BODY
76705D4C8BC54E9F,3.28,-1.10,30.00,1.00,0.99,1.00,BODY
70F6A8C85FDE6218,-6.72,-1.13,30.80,0.64,0.64,0.58,HAND
8289E35F75868BC7,-4.99,-1.11,31.60,0.95,0.26,0.24,ARM
B7D68D35519AB138,-3.34,-1.06,32.40,1.00,0.99,0.99,ARM
A26F6DD1D9C1E1FD,-1.25,-1.02,30.00,1.00,0.99,1.00,BODY
4D824F53E0C4DE69,0.40,-0.82,30.80,1.00,0.99,1.00,BODY
A795E1E296CC046D,2.21,-1.32,31.60,1.00,0.99,1.00,BODY
00190FCB91BEE99D,4.04,-1.10,32.40,1.00,0.99,0.98,BODY
6D2144AFE4F29CE0,-5.86,-1.22,30.00,1.00,0.99,0.99,HAND
747ADB3FC0CB8C7C,-4.02,-1.30,30.80,0.94,0.30,0.26,ARM
8C9966E33DAE092C,-2.42,-0.89,31.60,1.00,0.99,1.00,ARM
8F3E5E3B37BDB1A3,-0.66,-1.11,32.40,1.00,0.99,1.00,BODY
7F6FF118BCD9AE0A,1.00,-0.76,30.00,1.00,0.99,1.00,BODY
C23CA9443D03070D,3.00,-0.82,30.80,1.00,0.99,1.00,BODY
DD20032DA4BFF401,4.42,-1.02,31.60,0.00,0.03,0.03,BODY
CD533492845741CD,-5.38,-0.99,32.40,0.22,0.00,0.00,HAND
56DD05A05146002F,-3.35,-1.12,30.00,0.99,0.99,1.00,ARM
84CE39BD6254F030,-2.16,-0.77,30.80,1.00,0.99,1.00,BODY
A3E5BB98F56B707E,-0.42,-0.68,31.60,1.00,0.99,1.00,BODY
65A5A242570FB5E1,1.82,-0.98,32.40,1.00,0.99,1.00,BODY
6C720479C7D3B05E,3.00,-0.66,30.00,1.00,0.99,1.00,BODY
9328C604D89A2FF6,-6.83,-0.69,30.80,0.87,0.71,0.55,HAND
B3DAAE7991C2F1F6,-5.18,-0.70,31.60,0.96,0.27,0.21,ARM
1C4C6D87B8504DD2,-2.91,-0.96,32.40,1.00,0.99,0.99,ARM
C075E9C483E932C7,-1.51,-1.13,30.00,1.00,0.99,1.00,BODY
9081A6B33BE50D2C,0.58,-0.79,30.80,1.00,0.99,1.00,BODY
FD615257D93C7280,1.86,-1.14,31.60,1.00,0.99,1.00,BODY
44A5406C4025E946,3.99,-0.61,32.40,1.00,0.99,0.99,BODY
9F6EA464859DF383,-5.98,-0.85,30.00,1.00,0.98,1.00,HAND
8195822C6AB3984C,-4.41,-0.98,30.80,0.91,0.29,0.21,ARM
580572535C902E6F,-2.89,-0.93,31.60,1.00,0.99,1.00,ARM
8725F5A1F27F6A11,-1.13,-0.92,32.40,1.00,0.99,1.00,BODY
CC8043E781431048,0.65,-0.66,30.00,1.00,0.99,1.00,BODY
EB065663ED976E28,2.32,-1.05,30.80,1.00,0.99,1.00,BODY
616FF4D31D577736,4.39,-0.63,31.60,0.97,0.98,1.00,BODY
1C23F214C5F89308,-6.07,-0.58,32.40,1.00,0.98,1.00,HAND
4037C1D64B4D109D,-3.86,-0.62,30.00,0.88,0.47,0.45,ARM
A8B97D3B32DF436A,-2.18,-1.09,30.80,1.00,0.99,1.00,ARM
4DED43780D0A7A73,-0.50,-0.60,31.60,1.00,0.99,1.00,BODY
5F1318A562841B75,1.11,-0.85,32.40,1.00,0.99,1.00,BODY
1DA3D62858476E93,2.83,-0.92,30.00,1.00,0.99,1.00,BODY
424051980392A91D,-7.39,-0.65,30.80,0.06,0.13,0.06,HAND
AFEDE8B1CB574849,-5.38,-0.90,31.60,0.97,1.00,0.97,HAND
BE84E4A1F52FD2BE,-3.72,-1.03,32.40,0.99,0.99,1.00,ARM
85FD85015EF4DC18,-1.78,-0.52,30.00,1.00,0.99,1.00,ARM
8662C107057416EC,-0.06,-0.62,30.80,1.00,0.99,1.00,BODY
2BD82421BA6F07D0,1.60,-0.48,31.60,1.00,0.99,1.00,BODY
2360C6D3C3EFE723,3.17,-1.05,32.40,1.00,0.99,1.00,BODY
AE0E139207B8EAA0,-7.05,-0.52,30.00,1.00,0.76,0.58,HAND
B9D4764066176D13,-5.51,-0.46,30.80,0.32,0.06,0.06,HAND
32EE7E02AF895D2B,-3.43,-0.72,31.60,1.00,0.99,1.00,ARM
E8581B7EB9B2416C,-2.08,-0.99,32.40,1.00,0.99,1.00,BODY
AC0A1F7F7D74A59E,-0.03,-0.77,30.00,1.00,0.99,1.00,BODY
43045649D209713D,1.43,-0.65,30.80,1.00,0.99,1.00,BODY
77D5C93E9552D23F,3.51,-0.61,31.60,1.00,0.99,1.00,BODY
72B46013DA4CBC49,-6.47,-0.58,32.40,1.00,0.76,0.57,HAND
C75E889462BACD7B,-5.33,-0.53,30.00,0.97,0.27,0.22,HAND
CD2238760395BBD9,-3.24,-0.64,30.80,1.00,0.99,1.00,ARM
9AF2A7D4272F4102,-1.79,-0.93,31.60,1.00,0.99,1.00,BODY
F0665AA6AEC5FDA9,0.39,-0.78,32.40,1.00,0.99,1.00,BODY
724C8ED8D66ED218,2.09,-0.38,30.00,1.00,0.99,1.00,BODY
DB2DBA38D24560C0,3.69,-0.66,30.80,1.00,0.99,1.00,BODY
936A3DB2BBCE8BD8,-6.60,-0.73,31.60,1.00,0.76,0.57,HAND
A8741B61BEB5C9E1,-4.65,-0.59,32.40,0.95,0.27,0.20,ARM
8E74057FB25FD36A,-3.04,-0.38,30.00,1.00,0.99,1.00,ARM
D330A80D58C22BF2,-1.62,-0.45,30.80,1.00,0.99,1.00,BODY
5E6836D71B92A49B,0.39,-0.55,31.60,1.00,0.99,1.00,BODY
1B3756A5723C332D,2.29,-0.82,32.40,1.00,0.99,1.00,BODY
79A32BE92BAA00DB,3.98,-0.31,30.00,1.00,0.99,1.00,BODY
7C9547BA3355F8F0,-6.44,-0.76,30.80,1.00,0.76,0.58,HAND
E97786544863AFA0,-4.58,-0.35,31.60,0.91,0.29,0.22,ARM
62F9303C9B47E427,-2.76,-0.69,32.40,1.00,0.99,1.00,ARM
98CAAA0AA165E540,-1.44,-0.29,30.00,1.00,0.99,1.00,BODY
44B8A5247CB258C3,0.40,-0.64,30.80,1.00,0.99,1.00,BODY
5F2A7796D519CF2A,1.98,-0.45,31.60,1.00,0.99,1.00,BODY
DC7412D399B4B70D,3.73,-0.45,32.40,1.00,0.99,1.00,BODY
303D330ACE8CFCC2,-6.32,-0.27,30.00,0.97,0.76,0.58,HAND
002A8B4C10296DEB,-4.94,-0.72,30.80,0.93,0.27,0.24,ARM
D785FFAC83D9714B,-3.13,-0.76,31.60,1.00,0.99,1.00,ARM
D3CAD0688032E60A,-1.48,-0.46,32.40,1.00,0.99,1.00,BODY
CACA8F437ED76CA1,0.70,-0.47,30.00,1.00,0.99,1.00,BODY
2CFCE9044ED50FEA,2.12,-0.47,30.80,1.00,0.99,1.00,BODY
953045A81CA7BDA4,4.06,-0.71,31.60,1.00,0.99,1.00,BODY
CBD4796B1F3B4202,-6.44,-0.38,32.40,0.97,0.76,0.58,HAND
2D91F56BA7BA0960,-4.78,-0.30,30.00,0.94,0.27,0.24,ARM
F30E67C98C627477,-2.84,-0.71,30.80,1.00,0.99,1.00,ARM
4DC1DEECD08A5665,-0.89,-0.28,31.60,1.00,0.99,1.00,BODY
B792916457DB5B7C,0.58,-0.35,32.40,1.00,0.99,1.00,BODY
E4C4C6B73023B5C9,2.24,-0.21,30.00,1.00,0.99,1.00,BODY
48C7E46ABE4C16EC,4.18,-0.64,30.80,1.00,0.99,1.00,BODY
A54D14DCBCE9D39A,-6.37,-0.18,31.60,0.98,0.77,0.57,HAND
43D1A1A7EE61FFB2,-4.55,-0.42,32.40,0.94,0.27,0.22,ARM
1ED5D559842B4A13,-2.68,-0.46,30.00,1.00,0.99,1.00,ARM
8114FBC27BDAAA1C,-1.15,-0.32,30.80,1.00,0.99,1.00,BODY
46A17228F29F982B,0.91,-0.13,31.60,1.00,0.99,1.00,BODY
B1AE05A0D70914DF,2.19,-0.20,32.40,1.00,0.99,1.00,BODY
8EA17A3EC5D9ED57,4.14,-0.60,30.00,1.00,0.99,1.00,BODY
88FF81A5F726A170,-6.12,-0.54,30.80,0.96,0.77,0.59,HAND
A8C1A281C3AFF24D,-4.21,-0.48,31.60,0.91,0.29,0.20,ARM
9F379E04C31B651B,-2.92,-0.16,32.40,1.00,0.99,1.00,ARM
0EBC841C8FBD209D,-0.90,-0.44,30.00,1.00,0.99,1.00,BODY
185EC485A2E1B484,0.79,-0.62,30.80,1.00,0.99,1.00,BODY
C0EA7AF4663FE990,2.65,-0.06,31.60,1.00,0.99,1.00,BODY
1AFF54C55B53AF83,4.32,-0.46,32.40,1.00,0.99,1.00,BODY
90B968C9D929CC9D,-6.14,-0.53,30.00,0.29,0.22,0.16,HAND
97738ECA59F34EFF,-4.52,-0.20,30.80,0.91,0.29,0.20,ARM
40F691A677A415DF,-2.95,-0.09,31.60,1.00,0.99,1.00,ARM
A721A2E73067799D,-1.09,-0.04,32.40,1.00,0.99,1.00,BODY
B27641885488AD24,0.84,-0.28,30.00,1.00,0.99,1.00,BODY
B06A673B8EF4531D,2.61,-0.44,30.80,1.00,0.99,1.00,BODY
49CC33BFC3B58F7D,4.24,-0.34,31.60,1.00,0.99,1.00,BODY
9F68ACE7E79BADB5,-6.15,-0.01,32.40,0.72,0.64,0.57,HAND
DD0247263DCF0FDE,-4.46,-0.01,30.00,0.88,0.28,0.21,ARM
7E71E0131CC9372A,-2.63,-0.28,30.80,1.00,0.99,1.00,ARM
6924C1ADBDD27B71,-0.76,-0.24,31.60,1.00,0.99,1.00,BODY
F60DB7FBD7D067B0,0.94,-0.39,32.40,1.00,0.99,1.00,BODY
E8DEBEA37417BF7B,2.59,-0.27,30.00,1.00,0.99,1.00,BODY
FE1BE4ED06F0E221,4.25,-0.19,30.80,1.00,0.99,1.00,BODY
4D23B0EBBF7D8B43,-6.12,0.03,31.60,0.91,0.76,0.61,HAND
86C4967A0CC7FAA7,-4.51,0.00,32.40,0.81,0.30,0.29,ARM
611EEFFBFF73FF04,-2.95,-0.46,30.00,1.00,0.99,1.00,ARM
CCEDD06F37C8DA01,-0.98,-0.34,30.80,1.00,0.99,1.00,BODY
DAF68EC08DAEBE0D,0.76,-0.38,31.60,1.00,0.99,1.00,BODY
A44134CE4BEFD13A,2.45,0.07,32.40,1.00,0.99,1.00,BODY
A3D5E1F4D5A9734B,4.09,-0.42,30.00,1.00,0.99,0.99,BODY
7BA984FE15B2A3BC,-6.11,0.01,30.80,0.47,0.39,0.31,HAND
4C73849D897FB4D7,-4.50,-0.23,31.60,0.58,0.25,0.24,ARM
5F7AB759DD35D745,-2.94,-0.42,32.40,1.00,0.99,1.00,ARM
394765777EFEAF5B,-0.75,-0.01,30.00,1.00,0.99,1.00,BODY
907167CE8BC42635,1.06,-0.28,30.80,1.00,0.99,1.00,BODY
F5AAAB85B1BA7540,2.65,-0.28,31.60,1.00,0.99,1.00,BODY
E91A658B749D456C,4.35,-0.23,32.40,1.00,0.99,0.99,BODY
57652F8AA8DE9DC8,-6.23,0.11,30.00,0.84,0.86,0.84,HAND
C6CE30B6F45E61DC,-4.25,-0.35,30.80,0.58,0.25,0.24,ARM
3589EF2B23214370,-2.76,-0.27,31.60,1.00,0.99,1.00,ARM
920BC376E15E4468,-0.76,-0.35,32.40,1.00,0.99,1.00,BODY
F0F60E8B16C65AB9,0.80,-0.38,30.00,1.00,0.99,1.00,BODY
029AAA8B8994F177,2.77,-0.24,30.80,1.00,0.99,1.00,BODY
C0CB642A8879009A,4.17,0.03,31.60,1.00,0.99,0.99,BODY
0ABA7021F5329C4E,-5.72,0.24,32.40,1.00,1.00,0.97,HAND
EA75B6C6FC26C0B9,-4.11,0.18,30.00,0.94,0.97,0.97,ARM
54557979A2CB2FA8,-2.64,0.23,30.80,1.00,0.99,1.00,ARM
44C7F76B0F0BF29E,-0.67,-0.24,31.60,1.00,0.99,1.00,BODY
CD429411B14398A1,1.07,-0.30,32.40,1.00,0.99,1.00,BODY
98A654D0BE15AEF1,3.11,0.16,30.00,1.00,0.99,1.00,BODY
92F220227EB891C3,4.44,0.21,30.80,0.97,0.97,0.97,BODY
E0486745F0066980,-5.83,-0.23,31.60,1.00,0.98,1.00,HAND
36A7790230068086,-3.60,-0.15,32.40,1.00,0.99,1.00,ARM
988EDFF681849F2F,-1.53,0.01,30.00,1.00,0.99,1.00,BODY
662D2A9E5F2AE50D,-0.22,-0.04,30.80,1.00,0.99,1.00,BODY
5DB154ACB9D0CFDF,1.98,0.12,31.60,1.00,0.99,1.00,BODY
532055F815498E07,3.43,-0.27,32.40,1.00,0.99,1.00,BODY
3335C51FA7DA461E,-6.73,0.10,30.00,1.00,0.78,0.58,HAND
23A6AB6D7ED77B85,-4.54,-0.24,30.80,0.02,0.04,0.04,ARM
B1EA505174023472,-2.39,0.11,31.60,1.00,0.99,1.00,ARM
148F7458B4EA43E5,-0.93,0.31,32.40,1.00,0.99,1.00,BODY
72DF149568B8AAEF,1.00,0.03,30.00,1.00,0.99,1.00,BODY
BB0BEA6A094EBEEE,2.81,-0.14,30.80,1.00,0.99,1.00,BODY
1E15699405DFFC35,4.41,-0.08,31.60,0.99,0.98,0.98,BODY
3ED3A77EB5F09DBC,-5.69,0.02,32.40,1.00,0.98,0.97,HAND
25E7ECFD1F093B44,-3.13,-0.12,30.00,1.00,0.99,1.00,ARM
19B2AEC2A4BA6A63,-1.45,0.28,30.80,1.00,0.99,1.00,BODY
F5B5F905900DDA28,0.60,0.40,31.60,1.00,0.99,0.99,BODY
1D9FC933E2B60366,2.07,-0.10,32.40,1.00,0.99,1.00,BODY
D8F431FDE3E9C055,3.83,0.28,30.00,1.00,0.99,1.00,BODY
AA2D4B7583B1B23F,-6.83,0.36,30.80,1.00,0.76,0.55,HAND
41EB8D019A5A2FAF,-3.94,0.17,31.60,1.00,0.99,1.00,ARM
049113CD395C9785,-2.04,0.19,32.40,1.00,0.99,1.00,ARM
ABE3925D77604EC5,-0.25,0.29,30.00,1.00,0.99,1.00,BODY
109DA69A1B6574F1,1.17,0.11,30.80,1.00,0.99,1.00,BODY
9885139BCFBEA948,3.00,0.42,31.60,1.00,0.99,1.00,BODY
389AAACAE8515377,-7.03,0.47,32.40,0.00,0.19,0.16,HAND
9C28984FCBA9A813,-5.65,0.36,30.00,0.64,0.69,0.69,HAND
78238EB2E33AD4D6,-2.71,-0.06,30.80,1.00,0.99,1.00,ARM
CB8AD00D90CA1272,-0.99,0.09,31.60,1.00,0.99,1.00,BODY
67A15FC6C6206F6A,0.51,0.21,32.40,1.00,0.99,0.99,BODY
10DE89313ECF4565,2.44,0.12,30.00,1.00,0.99,1.00,BODY
EA41F2E53F47BA43,4.41,0.37,30.80,1.00,0.99,1.00,BODY
FBC669F6F1A0E795,-6.25,0.16,31.60,0.65,0.54,0.41,HAND
638089FA72A24F94,-3.22,0.09,32.40,1.00,0.99,1.00,ARM
9003180F1EB8778D,-1.25,0.42,30.00,1.00,0.99,1.00,BODY
1958F4D1F205B9C0,0.44,0.25,30.80,1.00,0.99,1.00,BODY
BD199023C47448B3,1.75,-0.04,31.60,1.00,0.99,1.00,BODY
CEBBEA063943D61E,3.88,0.54,32.40,1.00,0.99,1.00,BODY
89A4C2695989E273,-6.70,0.20,30.00,1.00,0.76,0.58,HAND
323EA057F845E6C5,-3.59,0.20,30.80,1.00,0.99,0.99,ARM
7AAE3BB4F82EF024,-2.24,0.02,31.60,1.00,0.99,1.00,ARM
66D0C69BFF041D83,-0.56,0.52,32.40,0.99,0.99,1.00,BODY
B42117A043989E3D,1.57,0.54,30.00,1.00,0.99,1.00,BODY
BB7ED1EF839415AD,3.34,0.59,30.80,1.00,0.99,1.00,BODY
931884DD6D492219,-7.33,0.07,31.60,0.31,0.32,0.24,HAND
0C45876191D93820,-5.43,0.42,32.40,0.00,0.02,0.03,HAND
2C666A4E33833E1D,-2.93,0.52,30.00,1.00,0.99,1.00,ARM
4504E6EF298D5568,-0.73,0.10,30.80,1.00,0.99,1.00,BODY
94D80261E0910065,0.74,0.29,31.60,1.00,0.99,1.00,BODY
D48D0A1E470D4B16,2.58,0.27,32.40,1.00,0.99,1.00,BODY
386AC4186E194F87,4.01,0.09,30.00,1.00,0.99,1.00,BODY
C3321C505C0D6F9D,-6.06,0.47,30.80,0.87,0.89,0.87,HAND
B89F1062A23295A0,-3.33,0.25,31.60,1.00,0.99,1.00,ARM
1F4A416AABDD641C,-1.46,0.60,32.40,1.00,0.99,1.00,BODY
1ADA4DA5A84A8A07,0.18,0.19,30.00,1.00,1.00,0.98,BODY
E51F115DB7DEC108,2.11,0.27,30.80,1.00,0.99,1.00,BODY
3771878CED22383B,4.09,0.45,31.60,1.00,0.99,1.00,BODY
13CE123DCB315C83,-6.16,0.61,32.40,0.97,0.76,0.61,HAND
623BD1AE84F691E0,-3.50,0.51,30.00,1.00,0.99,1.00,ARM
7A8B6DA3AC41B60A,-1.53,0.54,30.80,1.00,0.99,1.00,BODY
B293B7A706BB5A6C,0.16,0.42,31.60,1.00,0.99,1.00,BODY
018F58FD7288A2D9,1.94,0.17,32.40,1.00,0.99,1.00,BODY
AA86F313ADEAAD8A,3.23,0.35,30.00,1.00,0.99,1.00,BODY
719CF0331090D02C,-6.75,0.41,30.80,0.98,0.77,0.58,HAND
D00CB0BA813CFF39,-3.88,0.37,31.60,1.00,0.99,1.00,ARM
618E7604A724A916,-2.02,0.30,32.40,1.00,0.99,1.00,BODY
697407C4E0FA05EC,-0.23,0.66,30.00,1.00,0.99,1.00,BODY
D161FAF382644CF6,1.36,0.72,30.80,1.00,0.99,1.00,BODY
3B1BFFCB5A8975F0,3.08,0.58,31.60,1.00,0.99,1.00,BODY
6AD10920E2055480,5.85,0.47,32.40,0.04,0.15,0.13,BODY
CC7E4FD2FC0E5F30,-4.00,0.73,30.00,1.00,0.98,1.00,ARM
CA6E0D420A4C8CB9,-2.42,0.54,30.80,1.00,0.99,1.00,ARM
B9E1B6FCAD666740,-0.75,0.41,31.60,1.00,1.00,1.00,BODY
47DDA5C65BE0D37D,1.14,0.55,32.40,1.00,0.99,1.00,BODY
E79990B32475E49A,3.11,0.36,30.00,1.00,0.99,1.00,BODY
868C16470C6AD342,4.41,0.51,30.80,1.00,0.98,1.00,BODY
3598FD3A449D5215,-3.77,0.50,31.60,1.00,0.98,1.00,ARM
51C2870F4799F4D4,-2.18,0.89,32.40,1.00,0.99,1.00,ARM
3E6DCDE51EA93A56,-0.65,0.55,30.00,0.98,0.99,1.00,BODY
D65D1F03D64DA4F2,1.46,0.43,30.80,1.00,0.99,1.00,BODY
B3A6F34180544986,2.85,0.86,31.60,1.00,0.99,1.00,BODY
7DCFE2D638AA169B,4.82,0.50,32.40,0.06,0.14,0.13,BODY
4A64D8E0D255FCEE,-3.99,0.45,30.00,1.00,0.99,1.00,ARM
86C9C5579A454F7F,-2.00,0.56,30.80,1.00,0.99,1.00,ARM
94E40BBEF8BFEEB4,-0.05,0.39,31.60,1.00,1.00,1.00,BODY
3711F15B965628C7,1.42,0.48,32.40,1.00,0.99,1.00,BODY
842F4793D563CAF0,3.27,0.89,30.00,1.00,0.99,1.00,BODY
9C6C859340423D9F,5.63,0.63,30.80,0.00,0.03,0.03,BODY
F0FC718904A7E88A,-3.65,0.80,31.60,1.00,0.99,1.00,ARM
5E40CB4A734FCA0C,-1.68,0.50,32.40,1.00,0.99,1.00,BODY
D7602883419E8CCF,0.40,0.72,30.00,0.54,0.39,0.36,BODY
CA4C120AD7490868,1.81,0.69,30.80,1.00,0.99,1.00,BODY
8F46301B40A11048,3.38,0.64,31.60,1.00,0.99,1.00,BODY
D4AD219618555336,-4.25,0.89,32.40,0.32,0.39,0.38,ARM
6569A42DF823C0DA,-2.46,0.46,30.00,1.00,0.99,1.00,ARM
6DE4A76CABDB7056,-0.74,0.81,30.80,1.00,0.99,0.98,BODY
120104E9AF0D8EEB,1.05,1.04,31.60,0.99,0.99,0.99,BODY
00F5CA0FE112D234,2.67,0.64,32.40,1.00,0.99,1.00,BODY
071C491A93CAC286,4.10,0.67,30.00,1.00,0.99,1.00,BODY
13D849C98D90EE2E,-3.57,0.93,30.80,1.00,0.99,1.00,ARM
4AE447B688458047,-1.58,0.76,31.60,1.00,0.99,1.00,BODY
2CDFB9368FA098E9,0.01,0.73,32.40,0.80,0.26,0.20,BODY
45B2CAD16A737458,1.83,0.84,30.00,1.00,0.99,1.00,BODY
DD7B2D289554EBAE,3.51,0.78,30.80,1.00,0.99,1.00,BODY
7883EF5AA530021F,-4.13,0.60,31.60,0.71,0.72,0.71,ARM
A42C825134223B63,-2.20,0.85,32.40,1.00,0.99,1.00,ARM
554687FB7AB0AB1D,-0.72,0.75,30.00,1.00,0.98,0.98,BODY
24122C6FAA35E7B6,1.05,0.63,30.80,1.00,1.00,1.00,BODY
AB24E2AA8BDAA8F5,2.88,0.57,31.60,1.00,0.99,1.00,BODY
74DB1264453ADB5B,4.20,1.02,32.40,1.00,0.98,0.98,BODY
68C79ED7A99B7AB1,-3.03,0.72,30.00,1.00,0.99,1.00,ARM
E152EA9B54AE57EA,-1.51,1.11,30.80,1.00,0.99,1.00,BODY
B0D6305EE3E8848B,0.27,1.00,31.60,0.91,0.27,0.22,BODY
DA3D9A34396DC423,2.05,0.88,32.40,1.00,0.99,1.00,BODY
56B139793A5FE8C4,3.86,1.01,30.00,1.00,0.99,1.00,BODY
450FEE06F4F3E4E9,-3.94,0.68,30.80,1.00,0.99,1.00,ARM
B23AAA811A4E738F,-1.94,0.68,31.60,1.00,0.99,1.00,BODY
0CF0D74CF45CEF23,-0.18,1.21,32.40,0.91,0.30,0.26,BODY
DC5772271C94BBBB,1.35,0.90,30.00,1.00,0.99,1.00,BODY
18CDFA460C8B7816,3.26,0.74,30.80,1.00,0.99,1.00,BODY
15F1A0754D76F500,-4.22,1.20,31.60,0.97,0.98,0.97,ARM
2ED37B0D75404F84,-2.06,1.25,32.40,1.00,0.99,1.00,ARM
F1D4DCF7175FA3D9,-0.54,0.96,30.00,0.87,0.59,0.58,BODY
4F6D6B61FF9A5CC0,0.88,1.14,30.80,1.00,0.99,0.99,BODY
C5ADBE1BCC7D9B8D,3.11,0.95,31.60,1.00,0.99,1.00,BODY
204C56B247CA00EC,4.88,1.02,32.40,0.87,0.95,0.94,BODY
F11E5A043A1D25E1,-2.84,1.09,30.00,1.00,0.99,1.00,BODY
E61969F3B17AD278,-1.09,1.12,30.80,1.00,0.99,0.99,BODY
B3DB17276B8DB97B,0.78,1.09,31.60,1.00,0.98,1.00,BODY
5090A97D761E73FD,2.66,1.10,32.40,1.00,0.99,0.99,BODY
CF637348B4C27BC0,4.15,0.97,30.00,1.00,0.99,1.00,BODY
435C512A4459957E,-3.08,1.37,30.80,1.00,0.99,1.00,BODY
2D638C93FED2D3E7,-1.37,1.05,31.60,1.00,0.99,1.00,BODY
E13FA43E7CD4F528,0.55,0.89,32.40,0.76,0.25,0.22,BODY
72C116D0651776BC,2.50,1.35,30.00,1.00,0.99,0.99,BODY
A0CFCD8BA76BCEEA,3.84,1.13,30.80,1.00,0.99,1.00,BODY
EEAF6EDDA4983C63,-3.41,0.90,31.60,1.00,0.99,1.00,BODY
9530D1BBD1EC77C2,-1.54,1.41,32.40,1.00,0.99,1.00,BODY
C9DB920572D95E64,0.13,0.85,30.00,0.95,0.26,0.21,BODY
815457D17852361F,1.66,1.36,30.80,1.00,0.99,1.00,BODY
4264352233E17CBC,3.87,0.96,31.60,1.00,0.99,0.99,BODY
44460B6C28CBC5DE,-3.63,1.08,32.40,1.00,0.99,1.00,BODY
040F7927353C2A5E,-2.03,1.13,30.00,1.00,0.99,1.00,BODY
89DF1B369382ADE7,0.02,1.21,30.80,0.94,0.27,0.22,BODY
0D727AA17D42A088,1.84,1.08,31.60,1.00,0.99,1.00,BODY
1FA0C2BC93ABF085,3.02,1.45,32.40,1.00,1.00,1.00,BODY
17E8C71ECB0D4724,-3.88,1.33,30.00,0.98,0.99,0.99,BODY
C0447B272861952E,-2.15,1.04,30.80,1.00,0.99,1.00,BODY
7DC166D4CEF8C147,-0.60,0.99,31.60,0.65,0.23,0.19,BODY
22425599649FD496,1.50,1.10,32.40,0.99,0.99,0.99,BODY
0DB6C0FE2D204328,3.16,1.28,30.00,1.00,0.99,0.99,BODY
B38209A724412CEF,-4.15,1.56,30.80,0.03,0.14,0.13,BODY
A7C37E12920877E3,-2.65,1.00,31.60,1.00,0.99,1.00,BODY
4A7F0ECC5D3C32CE,-0.82,1.54,32.40,1.00,0.98,0.97,BODY
F85CE8D25918058C,0.80,1.39,30.00,1.00,0.98,1.00,BODY
4B34A6B4D7E81038,2.94,1.21,30.80,1.00,0.99,1.00,BODY
25A4F9D31D2CEC57,4.69,1.11,31.60,0.98,0.98,0.99,BODY
097B0AB090503DFA,-2.76,1.37,32.40,1.00,0.99,1.00,BODY
DE9D597E196E4CF7,-0.99,1.20,30.00,1.00,0.99,0.99,BODY
414CC398B57B0540,0.90,1.46,30.80,0.30,0.06,0.06,BODY
A930443C13F719EB,2.61,1.17,31.60,1.00,0.99,0.99,BODY
33A6411C594A9056,4.39,1.21,32.40,1.00,0.99,1.00,BODY
9C934199F678311E,-3.03,1.35,30.00,1.00,0.99,1.00,BODY
856D28D72801C6F6,-1.58,1.26,30.80,1.00,0.99,1.00,BODY
B81B2C931980D63E,0.55,1.34,31.60,0.29,0.03,0.03,BODY
73163F3B990E66A1,2.22,1.67,32.40,1.00,0.99,0.99,BODY
60FFD0D76476B9CB,3.68,1.41,30.00,1.00,0.99,1.00,BODY
ACE75C61DBE4C22C,-3.16,1.43,30.80,1.00,0.99,1.00,BODY
D5782C3C932BEFBB,-1.51,1.30,31.60,1.00,0.99,1.00,BODY
CEC72558D718480F,0.31,1.16,32.40,0.40,0.03,0.02,BODY
B56B56CF37AB44E9,1.67,1.42,30.00,1.00,0.99,0.99,BODY
3B778D3F50387600,3.70,1.48,30.80,1.00,0.99,1.00,BODY
DFEDB9CE9B121B74,-3.68,1.46,31.60,1.00,0.99,1.00,BODY
750192C621775A1C,-1.91,1.43,32.40,1.00,0.99,1.00,BODY
FB00836403926DD7,-0.06,1.26,30.00,0.39,0.05,0.05,BODY
B4174F967E0F8EAA,1.50,1.77,30.80,1.00,0.99,1.00,BODY
1CDD1D36322B5751,3.29,1.80,31.60,1.00,0.99,0.99,BODY
D4621A669982C3C9,-3.67,1.73,32.40,1.00,0.99,1.00,BODY
BA92DEC7873B9558,-1.70,1.66,30.00,1.00,0.99,1.00,BODY
5D09BEA86A51D978,0.06,1.26,30.80,0.38,0.07,0.06,BODY
57AD9B46C1C7AB1D,1.62,1.54,31.60,1.00,0.99,1.00,BODY
E78E1C96078B2E69,3.36,1.28,32.40,1.00,0.99,0.99,BODY
D143C1B9D36E5967,-3.87,1.57,30.00,1.00,0.99,0.99,BODY
7251E1342E4D2446,-2.20,1.82,30.80,1.00,0.99,1.00,BODY
896C16FB5E347927,-0.03,1.83,31.60,0.42,0.00,0.00,BODY
C9580CAB6DD7C593,1.38,1.42,32.40,1.00,0.99,1.00,BODY
DADF994EF08BC0E5,3.38,1.53,30.00,1.00,1.00,1.00,BODY
33ED03519F6C5DA8,-3.98,1.58,30.80,1.00,0.98,1.00,BODY
9440726551B15CA8,-1.95,1.72,31.60,1.00,0.99,1.00,BODY
526378D72B7C0CE2,-0.43,1.57,32.40,0.39,0.02,0.00,BODY
C209F9B08593085F,1.41,1.61,30.00,1.00,0.99,1.00,BODY
25939827BEC4BC8E,2.94,1.36,30.80,1.00,0.99,0.98,BODY
F43F9227B96E4DFE,-3.84,1.54,31.60,0.90,0.90,0.93,BODY
89D33D102EB3F4A0,-2.46,1.99,32.40,1.00,0.99,1.00,BODY
5D02B8553E0E9392,-0.58,1.62,30.00,0.22,0.02,0.02,BODY
7A85EA6096A708CB,0.92,1.70,30.80,1.00,0.99,1.00,BODY
0E6597AF13BB2C30,3.00,1.59,31.60,1.00,0.99,0.98,BODY
51D4F09CED340F38,-4.42,1.50,32.40,0.30,0.34,0.33,BODY
504827F1DCAEC8A7,-2.36,1.85,30.00,1.00,0.99,1.00,BODY
AA6A36B6E8C9E915,-0.77,1.48,30.80,0.60,0.60,0.58,BODY
230E03FA4BD328DD,0.94,1.97,31.60,1.00,0.99,1.00,BODY
A554AE5DC9E296BC,2.89,1.55,32.40,1.00,0.99,1.00,BODY
3F10677FC27CF169,4.51,1.89,30.00,0.06,0.16,0.16,BODY
19190D5FA2FF024A,-2.73,1.59,30.80,1.00,0.99,1.00,BODY
29BC3E4C6D102691,-0.75,1.59,31.60,1.00,0.98,1.00,BODY
DE6853989B4B553E,0.79,2.07,32.40,1.00,1.00,0.99,BODY
CC40061E783F3EBA,2.80,1.77,30.00,1.00,0.98,1.00,BODY
FD23E1DFEA7789DD,4.16,2.02,30.80,1.00,1.00,1.00,BODY
0360CA2552C7DAAD,-2.29,1.61,31.60,1.00,0.99,1.00,BODY
73C8FCC813EABB4D,-1.14,1.87,32.40,1.00,0.98,1.00,BODY
4058C6BB3457952A,1.19,2.01,30.00,1.00,1.00,0.98,BODY
B934F5F94B484696,2.41,1.63,30.80,1.00,0.98,1.00,BODY
D620426A80F609F2,4.49,1.86,31.60,1.00,1.00,1.00,BODY
2EBA5479EB891054,-2.53,2.08,32.40,1.00,0.99,1.00,BODY
CCF417C579E13E6E,-0.87,2.07,30.00,1.00,0.99,1.00,BODY
0BCDD8A8B86F241F,0.89,1.76,30.80,1.00,1.00,0.99,BODY
34470288ECC2C466,2.73,1.92,31.60,1.00,0.98,1.00,BODY
3A138A8D999397CB,4.53,2.08,32.40,1.00,1.00,1.00,BODY
BD7890272562D76E,-2.68,1.67,30.00,1.00,0.99,1.00,BODY
557F371D4D862763,-0.62,2.14,30.80,1.00,0.98,1.00,BODY
F392E40F1F5EB294,1.10,2.01,31.60,1.00,1.00,0.98,BODY
DA10893334A2657C,2.90,1.99,32.40,0.93,0.91,0.93,BODY
2B833367CCC7BE4C,4.28,2.18,30.00,0.84,0.92,0.91,BODY
59644AEF4360254D,-2.45,2.00,30.80,1.00,0.99,0.99,BODY
1A0E7C8BB05D436C,-0.72,2.21,31.60,0.99,0.99,0.99,BODY
722CB2606885845D,1.01,2.17,32.40,1.00,0.99,0.99,BODY
6E23573668C55FF7,2.61,1.96,30.00,0.56,0.44,0.33,BODY
86B798C19B937A28,-4.03,2.20,30.80,0.31,0.38,0.37,BODY
031E547C6105346B,-2.47,1.92,31.60,1.00,0.99,0.98,BODY
C4837D6F19AD54C6,-0.52,2.17,32.40,0.99,0.99,0.99,BODY
B2F5B474391B5A31,1.42,1.94,30.00,1.00,0.99,1.00,BODY
B3583C939DE4A417,2.72,1.96,30.80,0.97,0.80,0.61,BODY
B9E5FCE712CFAB1C,-3.85,1.94,31.60,0.00,0.11,0.09,BODY
7FCA818E6A7511B2,-2.49,2.01,32.40,1.00,0.99,0.99,BODY
E360C29C6088A040,-0.69,1.82,30.00,1.00,1.00,1.00,BODY
60502F7BAF94A3E8,1.11,1.93,30.80,1.00,0.99,1.00,BODY
9F14ECB4CF3CC11F,2.69,2.40,31.60,0.97,0.80,0.61,BODY
BC1030B4572BBA1C,-5.15,1.97,32.40,0.29,0.54,0.55,BODY
6B68BF469B5C448B,-2.36,2.10,30.00,1.00,0.99,0.99,BODY
80F3A31BDA11AFFF,-0.52,1.92,30.80,1.00,1.00,1.00,BODY
E55E687E1052F94D,0.95,2.02,31.60,1.00,0.99,0.99,BODY
5A07E8469B4B0721,2.81,2.14,32.40,0.97,0.80,0.61,BODY
CB8CE3F20B2C6AE9,-5.35,2.43,30.00,0.16,0.29,0.29,BODY
E08905AEB8730963,-2.24,2.38,30.80,1.00,0.99,0.99,BODY
161EB7B4206B5136,-0.58,1.97,31.60,1.00,0.99,1.00,BODY
70A8BC52A56E77CE,1.16,2.27,32.40,1.00,0.99,1.00,BODY
E6460699017B4942,2.75,2.16,30.00,0.97,0.77,0.56,BODY
01C98C7C2BA517EF,-5.09,2.18,30.80,0.48,0.67,0.68,BODY
75EF192C7EE017F8,-2.65,2.05,31.60,1.00,0.99,0.99,BODY
A1B578B81439B4FD,-0.67,2.02,32.40,1.00,0.99,1.00,BODY
D2F4961273A50005,1.03,2.30,30.00,1.00,0.99,1.00,BODY
43B037ECD2003A5C,2.63,2.17,30.80,0.97,0.77,0.56,BODY
5FBCCBAB162FA0B3,-5.41,2.19,31.60,0.32,0.48,0.48,BODY
B06D1EC7C75F2B8B,-2.00,2.37,32.40,1.00,0.99,0.98,BODY
072D299A1A85A72F,-0.50,2.08,30.00,1.00,0.99,1.00,BODY
B4ABE4E46EEF3010,0.94,2.30,30.80,1.00,0.99,1.00,BODY
7E3B9685B1D4B0CC,3.15,2.03,31.60,0.97,0.77,0.56,BODY
88DF263A25A611FF,-3.71,2.18,32.40,0.97,0.98,1.00,BODY
AEC6BFEB720F8AE2,-2.10,2.56,30.00,0.99,0.99,1.00,BODY
4A1DDD08BB94BAD0,-0.14,2.05,30.80,1.00,1.00,1.00,BODY
22110B3C985443C3,1.11,2.16,31.60,1.00,0.99,1.00,BODY
F38CE34CD8D178AC,2.87,2.39,32.40,0.98,0.78,0.61,BODY
4E05CAEA87F47E88,-3.24,2.26,30.00,1.00,0.99,1.00,BODY
7F2B5D4DC3DCF436,-1.60,2.34,30.80,0.99,0.99,0.99,BODY
D4E58C32E7BD3CA5,0.15,2.50,31.60,0.78,0.75,0.77,BODY
F68CDFA8AC02CD9A,1.94,2.59,32.40,0.71,0.49,0.45,BODY
5A3CD0BB3006E8CA,3.60,2.50,30.00,0.99,0.99,0.99,BODY
0D1835EC96D1BE7B,-3.31,2.55,30.80,1.00,0.99,1.00,BODY
11BB0BD5D565C9CD,-1.51,2.26,31.60,0.99,0.99,0.99,BODY
65DB2457590561D2,0.37,2.60,32.40,1.00,0.98,1.00,BODY
AB98E488BBAF5C86,2.25,2.58,30.00,0.99,0.48,0.45,BODY
FC8504ACC1B09040,4.10,2.46,30.80,1.00,0.99,1.00,BODY
C5FDE4F30AF0B72A,-2.93,2.71,31.60,1.00,0.99,1.00,BODY
B8C8501AAA669F77,-1.17,2.60,32.40,1.00,0.99,0.99,BODY
408E9F8E32C9166C,0.78,2.21,30.00,1.00,0.99,0.99,BODY
AFC252425B67D4F4,2.58,2.66,30.80,0.94,0.47,0.42,BODY
701165E0BE5F3BDF,4.19,2.27,31.60,0.49,0.56,0.55,BODY
15A54C4863C3B80B,-2.14,2.25,32.40,1.00,0.99,0.98,BODY
29CD2B9AF0369513,-0.32,2.77,30.00,1.00,0.99,1.00,BODY
2BA0FE5EAFD7C29E,0.96,2.34,30.80,1.00,0.99,0.98,BODY
BBCC8777AB71A1F2,3.13,2.53,31.60,1.00,0.76,0.58,BODY
CFD55B261A0C9164,-3.30,2.42,32.40,1.00,0.98,1.00,BODY
605913DB0349EE78,-1.82,2.44,30.00,0.97,0.94,0.94,BODY
9F579CD98645327E,-0.10,2.67,30.80,1.00,0.99,1.00,BODY
4F484825E29B2A00,1.99,2.89,31.60,0.84,0.51,0.45,BODY
7EAD140B352EA52B,3.55,2.61,32.40,0.99,0.99,1.00,BODY
6C81107B61666379,-3.08,2.43,30.00,0.99,0.99,0.99,BODY
047309D8B4940AD5,-1.17,2.72,30.80,0.99,1.00,1.00,BODY
2291C740FE8CE131,0.74,2.37,31.60,1.00,0.99,0.99,BODY
BA85F568A187440F,2.51,2.69,32.40,0.97,0.48,0.46,BODY
B01C72B34BE9D6B8,4.21,2.53,30.00,1.00,0.99,1.00,BODY
23BFD740FDAFD2C6,-2.23,2.51,30.80,0.97,0.98,1.00,BODY
1804FEB4322E8B53,-0.85,2.62,31.60,1.00,0.99,1.00,BODY
3A768A852DDC33AD,1.03,2.46,32.40,1.00,0.99,1.00,BODY
BB80816A13BB4B7C,2.86,2.44,30.00,0.98,0.70,0.56,BODY
B6EF833B7E6C5517,-3.49,2.82,30.80,1.00,0.98,1.00,BODY
183721F7A34B5A95,-1.78,2.61,31.60,0.19,0.11,0.09,BODY
1A72CD44E9A1B326,-0.22,2.47,32.40,1.00,0.98,1.00,BODY
FE59E0D53A4BA1E6,1.91,2.99,30.00,0.38,0.20,0.15,BODY
9A4B78CAFB902A7E,3.71,2.84,30.80,0.99,0.99,1.00,BODY
FEC182F08411486F,-2.58,2.61,31.60,0.97,0.97,0.94,BODY
4E81AF5DE1FD251C,-1.25,3.03,32.40,1.00,1.00,1.00,BODY
95F84FFEF6805F5B,0.90,3.08,30.00,1.00,0.99,1.00,BODY
B3BE8BE3BEBE5C95,2.19,3.09,30.80,0.97,0.47,0.45,BODY
A3FB12AC06480AA6,4.12,2.50,31.60,0.97,0.95,0.97,BODY
7351A699C691799B,-2.17,2.59,32.40,0.94,0.75,0.61,BODY
93A22541BC589532,-0.58,2.80,30.00,1.00,0.98,1.00,BODY
3145E8352BC02C9A,1.16,3.13,30.80,0.51,0.46,0.37,BODY
F6EB9D32CC6F347D,2.92,3.13,31.60,0.98,0.76,0.57,BODY
31C0A09E01282A87,-2.95,3.03,32.40,1.00,1.00,1.00,BODY
CF3CB933854B80EE,-1.53,2.61,30.00,0.42,0.34,0.33,BODY
3FE72B100A904025,0.05,2.67,30.80,1.00,1.00,1.00,BODY
231DA01EA99708D6,1.83,2.89,31.60,0.94,0.46,0.42,BODY
5A90F2DC50021DCF,3.77,2.89,32.40,1.00,0.99,1.00,BODY
A925EFDCBE40770A,-2.38,2.95,30.00,1.00,0.97,0.97,BODY
D76323671E4391E4,-0.73,2.98,30.80,0.99,0.99,0.99,BODY
3BEA90152EA2F95A,1.02,2.84,31.60,1.00,0.98,1.00,BODY
81D88F550A82198A,2.68,2.73,32.40,1.00,0.75,0.58,BODY
AFCDE7B475CE2963,-3.73,2.94,30.00,0.84,0.83,0.84,BODY
E3C694F14C1E355A,-2.03,2.99,30.80,0.96,0.45,0.43,BODY
91BE056924448BA5,0.02,2.74,31.60,0.97,0.94,0.94,BODY
25A9AD3302D0E57B,1.43,2.81,32.40,0.41,0.25,0.18,BODY
7D943DEBAFDD361F,3.74,3.06,30.00,1.00,0.99,0.98,BODY
77A81D35099CB676,-2.82,3.33,30.80,0.44,0.35,0.28,BODY
114424018F0C9337,-1.13,3.15,31.60,1.00,1.00,1.00,BODY
87055D848A26AA60,0.63,3.30,32.40,0.97,0.97,0.97,BODY
41982B7CA456CEF0,2.15,2.93,30.00,0.96,0.59,0.48,BODY
87554557B1E02A1E,4.06,3.06,30.80,0.33,0.42,0.41,BODY
A8BA8F6F101EB6FA,-1.71,3.09,31.60,0.97,0.45,0.41,BODY
31AE2533C1FC2441,-0.27,2.83,32.40,1.00,1.00,1.00,BODY
2437737467A2CB53,1.59,3.32,30.00,0.97,0.78,0.56,BODY
A078F7B336102A1B,3.28,2.81,30.80,0.67,0.67,0.67,BODY
9D631A6716D5A85A,-2.66,3.25,31.60,0.69,0.57,0.46,BODY
FF794CFFECD642C1,-0.77,3.45,32.40,0.70,0.67,0.69,BODY
E91E26B7CFE0A0EC,0.75,3.29,30.00,0.74,0.73,0.71,BODY
D9661A4EF1551E2E,2.12,2.98,30.80,0.98,0.68,0.55,BODY
91120148E8F186D5,3.91,3.23,31.60,0.03,0.16,0.13,BODY
24422D96FE61338A,-1.92,3.22,32.40,0.95,0.46,0.43,BODY
233626C145340583,-0.28,2.95,30.00,0.97,0.95,0.94,BODY
D270AACE85B9963B,1.31,2.99,30.80,0.97,0.76,0.58,BODY
B1215CED23F86808,3.48,3.45,31.60,0.99,0.98,0.96,BODY
40DFED195E6B2132,-2.92,3.09,32.40,0.59,0.45,0.34,BODY
A39B90388D30E65C,-0.77,3.26,30.00,0.06,0.03,0.03,BODY
633072BF404A45AB,0.77,3.19,30.80,0.35,0.03,0.00,BODY
84AC0B591DE7CECB,2.27,2.96,31.60,1.00,0.76,0.57,BODY
52B8C0EB70F00D6D,3.97,2.96,32.40,0.43,0.51,0.49,BODY
CB62D4841B6B5DB5,-1.82,3.47,30.00,0.96,0.45,0.44,BODY
6E738E87C4DFF57B,-0.20,3.11,30.80,0.99,1.00,0.98,BODY
070E3D9437E988A9,1.44,3.15,31.60,0.97,0.76,0.58,BODY
D9AE74A38126A68A,3.06,3.57,32.40,0.98,0.96,0.91,BODY
42421A26873353F4,-3.03,3.50,30.00,1.00,1.00,1.00,BODY
803AAF33116BF7DB,-1.03,3.12,30.80,0.51,0.27,0.27,BODY
EA4C36DECC99D86D,0.82,3.35,31.60,0.94,0.27,0.26,BODY
663EAAAB4FA93100,2.18,3.55,32.40,0.97,0.76,0.58,BODY
12340CE6D683D1AA,4.07,3.14,30.00,0.97,0.98,0.97,BODY
BFE3ED8610403526,-1.94,3.40,30.80,0.64,0.31,0.28,BODY
A5D1B7EBF94B214B,-0.68,3.19,31.60,1.00,0.94,0.94,BODY
B9CDE82EAB5010B4,1.08,3.57,32.40,1.00,0.77,0.56,BODY
D1A512B1E873A762,3.06,3.68,30.00,0.97,0.78,0.58,BODY
759B153FEB5B65AE,-2.99,3.30,30.80,1.00,0.98,1.00,BODY
9A154F33CFA4D8E4,-1.74,3.21,31.60,0.95,0.46,0.42,BODY
B4467602B89824F4,0.02,3.71,32.40,0.97,0.25,0.22,BODY
2C5371F71C3C003D,1.98,3.59,30.00,0.91,0.75,0.61,BODY
C9B3046AB696CE3D,3.54,3.18,30.80,1.00,0.99,1.00,BODY
5201D997F8F0CCD2,-2.63,3.58,31.60,1.00,0.78,0.58,BODY
BC930AF089A67720,-0.76,3.49,32.40,0.80,0.76,0.68,BODY
743B9EF0440D6248,0.76,3.73,30.00,1.00,0.78,0.58,BODY
E79C5E0DC3936E0B,2.70,3.80,30.80,1.00,0.77,0.57,BODY
7A1BC873C9AA365F,4.51,3.66,31.60,0.84,0.91,0.91,BODY
8EC610DFC2BFA30E,-1.96,3.30,32.40,0.96,0.46,0.43,BODY
9DB71B5DAAF8F3CE,0.12,3.65,30.00,0.94,0.27,0.22,BODY
F4D0276CC61BECEF,1.87,3.37,30.80,0.04,0.00,0.00,BODY
263FAED351BF94A5,3.21,3.61,31.60,1.00,0.99,1.00,BODY
78C0E60022635F06,-2.65,3.42,32.40,0.97,0.98,0.97,BODY
2D90F097D8FFDDAD,-0.74,3.84,30.00,0.97,0.76,0.58,BODY
7247FAAE585D95CD,0.48,3.51,30.80,0.65,0.23,0.16,BODY
C8CB53163ED22E0D,2.61,3.64,31.60,1.00,0.76,0.55,BODY
4DEB67F20DADB07F,3.92,3.31,32.40,1.00,0.98,0.98,BODY
CBB312572C088F70,-1.82,3.80,30.00,0.91,0.46,0.42,BODY
D48DC2E7CE1AF49E,-0.42,3.90,30.80,0.97,0.75,0.61,BODY
9F25C83EC82C860F,1.21,3.39,31.60,1.00,0.76,0.58,BODY
552C781BD697A97C,3.31,3.49,32.40,1.00,0.98,0.94,BODY
8E4467609E47E220,-3.02,3.58,30.00,0.95,0.94,0.96,BODY
537600E2E34CAD23,-1.17,3.87,30.80,0.97,0.68,0.58,BODY
2FC7F37D82D938DF,0.73,3.76,31.60,0.94,0.27,0.21,BODY
5213D6D358718420,2.11,3.85,32.40,1.00,0.76,0.58,BODY
6E79B1ED4A038CF0,3.70,3.82,30.00,1.00,0.99,1.00,BODY
A391F4882E21616C,-2.39,3.74,30.80,0.97,0.76,0.58,BODY
5378276CC3F28853,-0.27,3.58,31.60,0.97,0.78,0.58,BODY
2FF29AB799C56248,1.29,3.98,32.40,1.00,0.78,0.58,BODY
C1CD0418F89FE02A,2.66,3.54,30.00,0.99,0.77,0.57,BODY
9C3A701AA3B34F63,4.39,3.78,30.80,0.65,0.87,0.84,BODY
05BBA8FF963FA3AA,-1.34,3.52,31.60,0.62,0.44,0.32,BODY
54A9CAED8C356FD2,-0.11,3.59,32.40,0.87,0.29,0.22,BODY
2FC0B42EB8E65349,1.95,3.75,30.00,0.97,0.78,0.55,BODY
2FE12AA3C4372C16,3.48,3.99,30.80,1.00,0.99,0.99,BODY
E4E144CE89E71FB6,-2.76,3.85,31.60,0.22,0.13,0.06,BODY
25393BF68C30E0D2,-0.70,3.61,32.40,0.97,0.76,0.58,BODY
33BAA6DD17140462,0.80,3.83,30.00,1.00,0.76,0.58,BODY
ACC263F959312F78,2.79,3.77,30.80,1.00,0.78,0.58,BODY
A14E89048F3FD747,4.52,3.68,31.60,1.00,0.99,1.00,BODY
5D78C526B8A90EAE,-1.59,3.67,32.40,0.97,0.75,0.58,BODY
E83BBF2A9FA8C819,0.15,4.07,30.00,0.54,0.25,0.19,BODY
9A45921EDFC6A430,1.97,3.97,30.80,0.97,0.76,0.58,BODY
62BBBECFC99EF5A3,3.23,3.88,31.60,1.00,1.00,0.99,BODY
8BF7EF5168B19552,-2.96,3.79,32.40,1.00,0.99,0.99,BODY
9EEB23CF21A74C61,-1.04,3.67,30.00,0.09,0.05,0.03,BODY
CCB537D0EE40656C,0.63,3.79,30.80,0.94,0.70,0.52,BODY
DEAB5B7EA50C2C60,2.22,3.70,31.60,0.58,0.46,0.35,BODY
12052DE862EA9769,3.91,3.86,32.40,1.00,0.99,1.00,BODY
B4B0F0CD132410F8,-1.93,3.95,30.00,1.00,0.77,0.57,BODY
0DABE00F841D1A5D,-0.03,4.00,30.80,1.00,0.76,0.58,BODY
8722022D7FD88EEB,1.40,4.10,31.60,1.00,0.76,0.58,BODY
C2E75C6752449D85,3.29,3.90,32.40,0.98,0.99,1.00,BODY
173ACE00C8609A9C,-3.12,4.06,30.00,0.47,0.53,0.53,BODY
81B6AD6F494F7B73,-0.91,4.09,30.80,0.03,0.00,0.00,BODY
40393A4E6331CE3C,0.65,4.34,31.60,0.97,0.75,0.54,BODY
51EEBBB66113BDD6,2.22,4.06,32.40,0.84,0.86,0.84,BODY
98AEC007C1B35D0C,4.18,4.05,30.00,1.00,0.99,1.00,BODY
9DC00ABDA2A54455,-2.13,4.12,30.80,1.00,0.76,0.55,BODY
C0740E3147E09DB1,-0.20,4.24,31.60,1.00,0.77,0.57,BODY
5B02C2831D50F09C,1.73,3.84,32.40,1.00,0.76,0.58,BODY
2EF033C5BE14B10C,3.04,3.80,30.00,0.99,0.99,1.00,BODY
5838D1BA1FA6930C,-3.08,4.12,30.80,0.47,0.53,0.53,BODY
7C656B4A6696FAFC,-0.86,4.04,31.60,0.12,0.05,0.04,BODY
5ED1129F394D49FA,0.53,4.41,32.40,0.97,0.77,0.56,BODY
851658F40AE3E14B,2.27,4.29,30.00,0.95,0.95,0.95,BODY
467EB9EC32794E5B,3.82,4.06,30.80,1.00,0.99,1.00,BODY
82F8DF22A39FEEDA,-2.12,4.10,31.60,1.00,0.76,0.55,BODY
EF48E91B68564D3A,-0.16,4.33,32.40,1.00,0.76,0.58,BODY
A385479079D18C7A,1.16,4.40,30.00,1.00,0.78,0.58,BODY
65674E5DDDCF1D45,3.05,4.13,30.80,0.99,0.99,0.99,BODY
00F73F8AA86B00B6,-2.70,3.96,31.60,0.32,0.40,0.38,BODY
E8EFF6E05205AEB0,-0.87,4.30,32.40,0.37,0.25,0.18,BODY
C7BA70642A0028E1,0.52,4.24,30.00,0.98,0.77,0.56,BODY
B02CE2AF6077C852,2.24,4.31,30.80,1.00,0.91,0.81,BODY
4C1EC14CAC3DF717,3.90,4.40,31.60,1.00,0.99,1.00,BODY
380E1B5094836D6D,-1.74,4.57,32.40,1.00,0.76,0.55,BODY
303C4EE895E1AF6F,-0.10,4.41,30.00,1.00,0.78,0.56,BODY
F4F5473A04F937BD,1.34,4.59,30.80,0.85,0.66,0.49,BODY
79426868C9B08412,3.04,4.20,31.60,1.00,1.00,1.00,BODY
1DD344931D820DEE,-2.58,4.34,32.40,0.94,0.97,0.97,BODY
6C8E43D06827D5FB,-0.65,4.33,30.00,0.94,0.75,0.58,BODY
3C428348DBB9880C,0.52,4.27,30.80,1.00,0.76,0.58,BODY
B48A9456EA50D917,2.57,4.05,31.60,1.00,0.76,0.55,BODY
F5A9F936B96FDA07,4.10,4.27,32.40,1.00,0.99,1.00,BODY
909B547DACB7795F,-1.46,4.38,30.00,1.00,0.76,0.58,BODY
3FD4B0E40E0F3E39,-0.05,4.49,30.80,1.00,0.76,0.58,BODY
2A229EF7938F1B94,1.45,4.27,31.60,1.00,0.97,0.84,BODY
C5E4F5BCC46B48F1,3.40,4.19,32.40,1.00,0.99,1.00,BODY
C56BA62BAB327FFD,-2.29,4.17,30.00,1.00,1.00,1.00,BODY
8CEF2AD00031C347,-0.80,4.69,30.80,0.94,0.75,0.58,BODY
F9233D3104E85FBA,0.80,4.69,31.60,1.00,0.76,0.58,BODY
74C0CBD3D07B082E,2.51,4.27,32.40,0.71,0.69,0.68,BODY
B927CD893AB7EBE5,4.38,4.40,30.00,1.00,0.98,1.00,BODY
2A92006FA99A5843,-1.76,4.31,30.80,1.00,0.77,0.58,BODY
AE6F4A62318F5D1D,0.19,4.43,31.60,1.00,0.76,0.57,BODY
3FABD5093DA8C99E,2.03,4.48,32.40,0.26,0.17,0.13,BODY
E24CCA4427BA59AC,3.49,4.23,30.00,1.00,0.99,1.00,BODY
ED6B7C6ED9DE3E25,-2.53,4.32,30.80,0.96,0.97,0.97,BODY
7C4EE5B990C990F8,-0.78,4.27,31.60,0.94,0.75,0.58,BODY
8A088E5F477233D8,1.28,4.38,32.40,1.00,0.76,0.57,BODY
8B389AF2D080E6B9,2.90,4.61,30.00,0.94,0.94,0.94,BODY
32E35F4602868AD9,4.45,4.71,30.80,1.00,0.98,1.00,BODY
B57B1A6655642E92,-1.79,4.68,31.60,1.00,0.76,0.56,BODY
7D40CF6F79B7967E,-0.18,4.68,32.40,0.99,0.77,0.56,BODY
1FEF77B75EDD886A,1.55,4.41,30.00,0.97,0.78,0.58,BODY
E8EBE1B7AB74289D,3.55,4.72,30.80,1.00,0.99,1.00,BODY
EC0F0B50174C29DA,6.51,4.68,31.60,0.03,0.14,0.13,BODY
7343E5EEE47E8701,-1.00,4.62,32.40,0.76,0.74,0.71,BODY
DDADF0FE02DF5E7A,0.78,4.71,30.00,1.00,0.78,0.56,BODY
B3A723F7A9A4A022,2.34,4.38,30.80,1.00,0.98,0.97,BODY
727D20ACF81E87AA,4.10,4.83,31.60,1.00,0.99,1.00,BODY
DC66BA8444EB7097,-1.66,4.89,32.40,1.00,0.76,0.55,BODY
F8766EEEB9B7EFB8,-0.09,4.76,30.00,1.00,0.76,0.55,BODY
6C3144BCE7971E49,1.81,4.70,30.80,0.99,0.78,0.60,BODY
9B47F8AB7CFE790B,3.45,4.89,31.60,1.00,0.99,1.00,BODY
4D39FBAB9D73C1C4,6.47,4.74,32.40,0.87,0.89,0.91,BODY
6BB68ECF058B7479,-1.31,4.77,30.00,1.00,1.00,0.97,BODY
9A6D1C3006652596,0.63,4.84,30.80,1.00,0.78,0.58,BODY
E3B37F82D27C35FC,2.46,4.49,31.60,1.00,0.97,0.87,BODY
BF70B59A3482D6B8,3.97,4.80,32.40,1.00,0.99,1.00,BODY
3ED099C2F8D78821,-1.88,5.09,30.00,1.00,0.99,0.97,BODY
9A8ED71100CE3555,-0.55,4.90,30.80,1.00,0.78,0.58,BODY
2BD37C46CB4CCA7B,1.53,4.52,31.60,1.00,0.76,0.58,BODY
B53663F0761FDC2C,3.06,4.65,32.40,1.00,0.99,1.00,BODY
DC8CAF510F91BC8D,6.38,4.59,30.00,0.03,0.11,0.09,BODY
59CF4A754AD7ECAA,-1.07,4.57,30.80,1.00,0.94,0.87,BODY
7F0FBF976AC4C123,0.65,4.90,31.60,1.00,0.77,0.57,BODY
9FBAB1E0F8F5BA38,2.43,4.73,32.40,1.00,0.98,1.00,BODY
A0E4383B01533BFF,4.23,4.92,30.00,1.00,0.99,1.00,BODY
39FE86B3D75A72B0,-1.71,4.75,30.80,1.00,0.95,0.87,BODY
66ABA17645125F44,-0.28,4.62,31.60,1.00,0.78,0.58,BODY
70500A8A2178CF62,1.74,5.02,32.40,1.00,0.76,0.58,BODY
B8281119B0FE1219,2.98,5.17,30.00,1.00,0.99,1.00,BODY
66DBF5E5800525DF,6.18,5.06,30.80,0.28,0.37,0.36,BODY
4CE55890B4FD8BB4,-0.85,5.01,31.60,0.74,0.73,0.71,BODY
ADC8FA1229476314,1.04,4.86,32.40,0.99,0.78,0.58,BODY
8E7BE38E838F0220,2.74,4.93,30.00,0.99,0.99,0.99,BODY
6E8E6A3011F7A07C,4.36,5.16,30.80,0.99,0.99,1.00,BODY
D1CF512DE96AE63C,-1.57,5.29,31.60,0.98,0.77,0.59,BODY
928DF0B718E59CCF,0.48,4.87,32.40,1.00,0.76,0.55,BODY
E64FE572F7BF0E76,2.09,5.18,30.00,1.00,0.99,0.99,BODY
32E10897C28705CD,3.70,4.80,30.80,1.00,0.99,1.00,BODY
B6EC6C096A48F98B,-1.67,5.22,31.60,0.97,0.76,0.58,BODY
31628DC264F1D22E,0.14,5.18,32.40,1.00,0.76,0.55,BODY
62C8497C46DEA8C6,1.74,5.01,30.00,1.00,0.98,0.97,BODY
D38603004CD3F03A,3.53,4.89,30.80,1.00,0.99,1.00,BODY
F804CFEDAC972080,-2.24,5.08,31.60,0.99,0.99,1.00,BODY
7F68F342DA429D70,-0.17,4.88,32.40,0.94,0.73,0.58,BODY
E68433AB2484D912,1.32,4.94,30.00,0.70,0.60,0.54,BODY
F7D06B851A9F4FFA,2.82,5.18,30.80,1.00,0.99,1.00,BODY
720E85A36A388C89,-2.57,5.22,31.60,0.22,0.35,0.32,BODY
F12299BC91F8887C,-0.93,5.26,32.40,0.76,0.65,0.54,BODY
8D8C336715EE07FC,0.71,4.88,30.00,0.48,0.36,0.26,BODY
6CA617D9F9B7D8DE,2.68,5.13,30.80,1.00,0.99,1.00,BODY
181F9C887EBB3F90,4.42,5.12,31.60,0.97,0.97,0.97,BODY
E0DAEB486E798902,-1.29,5.32,32.40,0.94,0.75,0.61,BODY
71A63731FA404677,0.65,5.33,30.00,0.55,0.47,0.39,BODY
286BECEEFE359B9D,2.37,5.02,30.80,1.00,0.99,0.99,BODY
20EBFAD035F9C865,4.22,5.35,31.60,1.00,0.99,1.00,BODY
09C59CC82EF8B749,-1.28,5.40,32.40,0.97,0.80,0.61,BODY
48959B0D1D3E02B1,0.38,5.16,30.00,0.53,0.42,0.33,BODY
E8C1AAF845F81164,1.68,5.53,30.80,0.99,0.99,1.00,BODY
8E6777D95F4DCB30,3.60,4.96,31.60,1.00,0.99,1.00,BODY
729D963E3303F256,-1.97,5.60,32.40,0.97,0.97,0.97,BODY
DA80921DC30DE055,0.05,5.39,30.00,0.54,0.43,0.34,BODY
4322A8D71B2C1BC8,1.62,5.28,30.80,1.00,0.98,0.98,BODY
6633381212428FFA,3.25,5.44,31.60,1.00,0.99,1.00,BODY
81DD4F0B22954107,-2.11,5.50,32.40,1.00,1.00,1.00,BODY
5E814B6C1E8FD819,-0.37,5.62,30.00,0.71,0.55,0.40,BODY
774474D4ED30BD31,1.25,5.20,30.80,0.97,0.98,0.97,BODY
2A128EF418E59CEA,2.94,5.40,31.60,1.00,0.99,1.00,BODY
B734278650E93D8C,-3.02,5.22,32.40,0.17,0.23,0.22,BODY
37AE16262ED71AC4,-1.27,5.32,30.00,0.74,0.71,0.70,BODY
CC9C6D39EF7EF6C8,0.62,5.50,30.80,0.99,0.99,0.99,BODY
91FF88206C077C16,2.52,5.70,31.60,1.00,0.99,1.00,BODY
A806512F87E83725,3.97,5.32,32.40,1.00,0.98,1.00,BODY
16171FB75716391C,-1.61,5.74,30.00,0.71,0.70,0.68,BODY
39D1ED5779CB009A,0.60,5.33,30.80,1.00,0.98,0.97,BODY
E5451A1D647DF56C,2.04,5.59,31.60,1.00,0.99,0.98,BODY
8EF6F6807BC809EA,3.84,5.75,32.40,1.00,0.99,1.00,BODY
0D2D6FDAB3E263E0,-1.76,5.77,30.00,1.00,1.00,1.00,BODY
BDD94DEA66C9B96C,-0.05,5.54,30.80,0.97,0.97,0.97,BODY
AEF9D5433E63DFD1,1.63,5.21,31.60,1.00,0.99,0.99,BODY
10D04C288C346F59,3.48,5.61,32.40,1.00,0.99,1.00,BODY
8DE3695E0428A10F,-1.99,5.54,30.00,0.99,0.99,0.99,BODY
42FCC270696914E1,-0.11,5.52,30.80,0.97,0.95,0.97,BODY
61F3A8189CD36CC2,1.19,5.44,31.60,1.00,0.99,1.00,BODY
0890FE4A1E3F37E7,3.02,5.33,32.40,1.00,0.99,1.00,BODY
218F4C65FE1159C0,-2.28,5.68,30.00,1.00,0.99,1.00,BODY
62EE187649AAC4BB,-0.66,5.42,30.80,1.00,0.99,1.00,BODY
515F062A566ACF8C,1.00,5.43,31.60,1.00,0.99,1.00,BODY
A6F73401766154C7,3.07,5.61,32.40,0.99,0.99,0.99,BODY
920C730B0A42F967,-2.49,5.70,30.00,1.00,1.00,1.00,BODY
9732F9733864AC3F,-0.94,5.84,30.80,1.00,0.99,1.00,BODY
5A22A8A942056F77,0.80,5.78,31.60,1.00,0.99,0.99,BODY
5E2E84FB1FBA5A7C,2.94,5.88,32.40,1.00,0.99,1.00,BODY
C0F243FCAA473944,-2.73,5.67,30.00,0.94,1.00,1.00,BODY
BD529424E59690C7,-1.05,5.69,30.80,1.00,0.99,1.00,BODY
63B4E14E35B2AB3F,0.66,5.73,31.60,1.00,0.99,1.00,BODY
AD1450F778BC7048,2.72,5.66,32.40,1.00,0.99,1.00,BODY
16D15FDCEFF9A5EF,4.35,5.94,30.00,0.03,0.08,0.07,BODY
00C14381EB992F33,-1.35,5.81,30.80,1.00,0.99,0.99,BODY
6588384B152A871A,0.86,5.89,31.60,1.00,0.99,0.99,BODY
90B409879EA87481,2.25,5.62,32.40,1.00,0.99,1.00,BODY
5C0A4E8E3ABE0D00,3.75,5.99,30.00,0.74,0.65,0.62,BODY
6E3CFD9F2BAF1547,-1.16,5.77,30.80,1.00,0.99,1.00,BODY
46D134D6270F5557,0.28,5.88,31.60,1.00,0.99,1.00,BODY
04FAC20FEA52EC1A,1.91,6.02,32.40,1.00,0.99,1.00,BODY
5090E2A50A90026D,4.07,5.97,30.00,1.00,0.94,0.91,BODY
CDF945CC842E6D87,-1.21,6.08,30.80,1.00,0.99,1.00,BODY
1EBA955229C8060E,0.38,5.96,31.60,1.00,0.99,1.00,BODY
BA68343DD23DEE54,1.95,5.90,32.40,1.00,0.99,1.00,BODY
FE292C6F0E82858F,3.88,5.96,30.00,1.00,0.94,0.91,BODY
BBC6FB669A886F45,-1.28,5.68,30.80,1.00,0.99,1.00,BODY
A8B6623069915275,0.46,6.14,31.60,1.00,0.99,1.00,BODY
23A1CE5FE5E37685,1.92,5.73,32.40,1.00,0.99,1.00,BODY
ABF70AC13CF8592F,3.54,5.79,30.00,0.96,0.91,0.90,BODY
FFBA8C9256E17393,-1.48,5.84,30.80,1.00,0.99,1.00,BODY
FF225FEB8C248544,0.17,5.88,31.60,1.00,0.99,1.00,BODY
A541AFE05DD78DC7,2.12,5.88,32.40,1.00,0.99,1.00,BODY
B9FE22CF3D24B633,3.82,5.68,30.00,0.91,0.85,0.84,BODY
627D0BE1055F3394,-1.71,5.74,30.80,1.00,0.99,1.00,BODY
A67DFB3F23E85DE4,0.06,5.87,31.60,1.00,0.99,1.00,BODY
FA9E8FCCE60F128E,1.42,5.88,32.40,1.00,0.99,1.00,BODY
39977CA236B06A94,3.37,5.96,30.00,0.98,0.99,0.98,BODY
EF30F17A3A39284A,-2.70,6.34,30.80,0.98,0.98,1.00,BODY
57F00189ACE34851,-0.61,6.19,31.60,1.00,0.99,1.00,BODY
91E83D256E1603F8,0.79,6.22,32.40,1.00,0.99,1.00,BODY
34676DEED3F9E42F,2.54,5.92,30.00,1.00,0.99,1.00,BODY
30C806ACC5878BF7,5.53,6.05,30.80,0.57,0.62,0.60,BODY
1298E0B3863A2FDF,-1.77,6.37,31.60,1.00,0.99,1.00,BODY
64A7F60258B03ABC,0.31,6.22,32.40,1.00,0.99,1.00,BODY
8E38C2ADA3B261BB,1.59,5.99,30.00,1.00,0.99,1.00,BODY
0F924562F83509CD,3.75,6.27,30.80,0.71,0.41,0.41,BODY
81FD2AD56193745E,-2.54,6.37,31.60,1.00,0.98,1.00,BODY
26ED1769B8A9DCFB,-0.40,6.06,32.40,1.00,0.99,1.00,BODY
7162212CBC3BE9BE,1.21,6.29,30.00,1.00,0.99,1.00,BODY
E8E8D71D580A3B91,2.54,6.18,30.80,1.00,0.99,0.99,BODY
916151F55B30603E,5.17,5.93,31.60,1.00,0.98,1.00,BODY
B8F03DCB42130CEA,-1.54,6.03,32.40,1.00,0.99,1.00,BODY
9D9B4BDF5B7C1181,0.34,6.25,30.00,1.00,0.99,1.00,BODY
D5ECB942E09B3CB1,1.75,6.43,30.80,1.00,0.99,1.00,BODY
9B9DD48C3FC2670E,3.66,6.02,31.60,0.87,0.30,0.26,BODY
D2DA755CFF41C901,-2.74,6.41,32.40,0.97,0.98,1.00,BODY
A090D597EE3BF952,-0.67,6.45,30.00,1.00,0.99,1.00,BODY
0152211E3359A47C,0.78,6.51,30.80,1.00,0.99,1.00,BODY
9F561C7CDF5955FD,2.78,6.39,31.60,0.99,0.99,0.99,BODY
19390BD638A606DA,5.24,6.35,32.40,0.71,0.72,0.73,BODY
FC41356C07DE26CF,-1.81,6.18,30.00,1.00,0.99,1.00,BODY
66F986B1B525822F,-0.33,6.35,30.80,1.00,0.99,1.00,BODY
5E6A949E5C2B300A,1.76,6.02,31.60,1.00,0.99,1.00,BODY
D6DF8FD5033EAF9B,3.35,6.28,32.40,0.94,0.54,0.53,BODY
40B4231C0ACD844B,5.60,6.05,30.00,1.00,1.00,1.00,BODY
8CA05A2B2502558E,-1.29,6.37,30.80,1.00,0.99,1.00,BODY
8201B2744A9905C4,0.58,6.33,31.60,1.00,0.99,1.00,BODY
E145CECF528EEEDD,2.20,6.19,32.40,1.00,0.99,1.00,BODY
9C31EA4DE204A08F,4.05,6.65,30.00,0.87,0.29,0.26,BODY
E426433098FBBE54,-2.47,6.18,30.80,1.00,0.98,1.00,BODY
82077E7B934FF696,-0.51,6.59,31.60,1.00,0.99,1.00,BODY
2F294B1078311B8F,1.13,6.34,32.40,1.00,0.99,1.00,BODY
31F03BE45DB153F5,3.14,6.54,30.00,0.94,0.94,0.94,BODY
C0852CA6BBC6D3AD,5.37,6.70,30.80,1.00,0.99,1.00,BODY
54DA078671B269A4,-1.91,6.49,31.60,1.00,0.99,1.00,BODY
A56047AED14143A1,-0.18,6.36,32.40,1.00,0.99,1.00,BODY
8889DAC462446E99,1.78,6.64,30.00,1.00,0.99,1.00,BODY
5391142A724AB7F4,3.33,6.48,30.80,0.93,0.27,0.21,BODY
E486EC30A948373F,5.80,6.64,31.60,0.98,0.99,0.98,BODY
97D0F332B23BC158,-0.97,6.77,32.40,1.00,0.99,0.99,BODY
CEEEDFE0EC27AA5C,0.65,6.75,30.00,1.00,0.99,0.99,BODY
291B0CE5D5CDA4AA,2.55,6.35,30.80,1.00,0.99,0.98,BODY
0084E7ABCD7CE2AF,4.12,6.53,31.60,0.13,0.11,0.09,BODY
B0D4194C8A984FFE,-2.11,6.35,32.40,1.00,0.98,1.00,BODY
7993D4059A0BE318,-0.75,6.78,30.00,1.00,0.99,1.00,BODY
AA93C345F561B17D,1.11,6.57,30.80,1.00,0.98,1.00,BODY
9C6CD19C7E8EAADF,2.60,6.43,31.60,0.19,0.06,0.06,BODY
7EF80B5022382127,5.75,6.78,32.40,1.00,0.99,1.00,BODY
9C1A6EB4B53CA96D,-1.81,6.35,30.00,1.00,1.00,1.00,BODY
2CC59546842ACF09,0.03,6.52,30.80,1.00,0.99,1.00,BODY
1B5488195500EC0E,1.60,6.49,31.60,0.98,1.00,0.98,BODY
713BBA542E061270,3.37,6.55,32.40,0.93,0.28,0.21,BODY
B8DE8D21781BD4B9,5.91,6.60,30.00,1.00,0.98,1.00,BODY
D51CD5066363B659,-1.30,6.94,30.80,1.00,0.99,1.00,BODY
66526F5A24789C44,0.94,6.84,31.60,1.00,1.00,0.99,BODY
40A04C3491561F4B,2.45,6.71,32.40,0.97,0.95,0.94,BODY
EC99C30F013E8008,5.13,6.56,30.00,0.54,0.62,0.64,BODY
1EBDCF4A4C5490BE,-2.42,6.75,30.80,1.00,1.00,1.00,BODY
59677A5D519E061C,-0.22,6.81,31.60,1.00,0.99,1.00,BODY
B7DD331A018A041E,1.08,6.48,32.40,0.99,0.99,0.99,BODY
DA7E6CF90C281DF1,2.90,6.81,30.00,0.94,0.27,0.22,BODY
8252858F45ADF2DB,5.81,6.72,30.80,1.00,0.99,1.00,BODY
71123D4CCF6EAE69,-1.43,6.67,31.60,1.00,0.98,1.00,BODY
A008E972061B5442,0.13,6.49,32.40,1.00,0.99,1.00,BODY
3843BF3363B1C266,2.03,6.66,30.00,0.99,1.00,0.99,BODY
A7BCD364952F067F,3.46,6.55,30.80,0.94,0.27,0.22,BODY
44F8D8362FED16F9,6.22,7.03,31.60,0.68,0.78,0.78,BODY
A56CF654FB5E3069,-0.58,6.95,32.40,1.00,0.99,1.00,BODY
AA204BA90AF2D253,0.73,6.87,30.00,1.00,0.99,0.99,BODY
259A343B124BCE33,2.60,7.09,30.80,0.78,0.27,0.24,BODY
8B06CA8F41CA1EF8,4.88,7.06,31.60,1.00,0.98,1.00,BODY
DB7C1D6B16CDD9C8,-1.98,6.72,32.40,1.00,1.00,1.00,BODY
6DCD3BABDD0CB577,0.02,7.07,30.00,1.00,0.99,1.00,BODY
4D73C6B4F4D4B1F5,1.40,6.85,30.80,1.00,0.99,1.00,BODY
9EB1A53D66FA3F23,3.16,7.04,31.60,0.95,0.26,0.22,BODY
000377D761FE26A1,5.68,6.84,32.40,1.00,0.99,1.00,BODY
3ED0F5084774C445,-1.23,6.78,30.00,1.00,0.99,1.00,BODY
1C22DDC955DD4E13,0.76,6.63,30.80,1.00,1.00,1.00,BODY
792E2B9319CE385A,2.08,6.99,31.60,0.87,0.32,0.29,BODY
78A690C4953917D7,4.29,6.97,32.40,0.15,0.18,0.15,BODY
CA6FDA1F1A4735F2,-1.91,6.89,30.00,0.94,0.98,1.00,BODY
4C62828397DCE74D,-0.12,6.85,30.80,1.00,0.99,1.00,BODY
47ADEC611772732D,1.19,6.90,31.60,1.00,0.98,1.00,BODY
4783F9B47CDF5A68,2.97,7.18,32.40,0.91,0.29,0.21,BODY
32F1DAC134F27840,5.93,6.76,30.00,1.00,0.99,1.00,BODY
0F9B3C0C1B0DE93F,-1.33,7.15,30.80,1.00,0.98,1.00,BODY
9E5643DAF65B8694,0.83,6.96,31.60,1.00,0.98,0.99,BODY
D739EAC097DE9F1D,2.13,6.96,32.40,0.94,0.29,0.22,BODY
A8C56F6DEEE3F482,4.79,6.74,30.00,0.14,0.12,0.11,BODY
7376F99A3A47DAC6,-1.97,6.96,30.80,0.65,0.67,0.67,BODY
678511C5CDD7BE1B,-0.08,6.94,31.60,0.99,0.99,0.99,BODY
A52FA4584123FF04,1.56,6.99,32.40,0.96,0.73,0.72,BODY
549D7B9EE26556F7,3.52,6.82,30.00,0.94,0.29,0.22,BODY
2C50317BE7A5314F,5.89,6.86,30.80,1.00,0.99,1.00,BODY
35DB0E75865C13DE,-0.87,7.26,31.60,1.00,0.99,1.00,BODY
4A8D17C3B6F4C011,0.82,7.22,32.40,1.00,1.00,1.00,BODY
D5C1072664DDEBDB,2.53,6.95,30.00,0.96,0.29,0.21,BODY
4D5E5F6218696A50,4.96,7.01,30.80,1.00,1.00,1.00,BODY
93AA2CDAB48744D7,-1.45,7.39,31.60,1.00,0.98,1.00,BODY
31576203DF852C28,0.30,7.40,32.40,1.00,0.99,0.98,BODY
4C0469A997DACE69,1.88,7.37,30.00,0.94,0.27,0.19,BODY
0520A4B2ADEA0FC5,3.73,6.89,30.80,0.87,0.29,0.22,BODY
5727B08FAD85C026,5.93,7.27,31.60,0.00,0.08,0.06,BODY
2BCA16ABAAFF08A1,-0.26,6.97,32.40,1.00,0.98,0.97,BODY
970FD783341CDBBC,1.47,7.01,30.00,0.75,0.24,0.20,BODY
5692E1C961A9F865,3.12,7.47,30.80,0.94,0.27,0.21,BODY
98F594C27873E1C8,5.44,7.29,31.60,1.00,1.00,1.00,BODY
78E24B153B61F125,-0.84,7.26,32.40,0.97,0.95,0.94,BODY
444B9CD9BFEF7D9E,1.28,7.33,30.00,0.38,0.17,0.14,BODY
9A8AAE4138B5EAD4,2.47,7.20,30.80,0.97,0.32,0.26,BODY
00C2702FB799BEA6,4.65,7.24,31.60,0.63,0.23,0.17,BODY
290FA4E02419E58E,-1.32,7.20,32.40,0.00,0.05,0.03,BODY
EFA861E6049ED8EE,0.24,7.41,30.00,0.75,0.68,0.65,BODY
D81B053D6569DF80,1.94,7.31,30.80,0.95,0.26,0.22,BODY
21F1FC1C610FAA59,3.77,7.08,31.60,0.94,0.29,0.22,BODY
72515E0AA5A0032F,5.61,7.59,32.40,1.00,0.99,1.00,BODY
13755494F1B966FC,-0.11,7.33,30.00,0.65,0.55,0.54,BODY
8DD05D717683A7FE,1.46,7.63,30.80,0.80,0.31,0.28,BODY
E1C304938964A2BE,3.35,7.42,31.60,0.91,0.29,0.22,BODY
AB7E475F5FB5DC06,4.64,7.59,32.40,0.91,0.29,0.26,BODY
DFC75BBA2549D6D8,-1.22,7.45,30.00,0.87,0.29,0.25,BODY
F8C20B755CA7E9CD,0.81,7.16,30.80,0.52,0.13,0.09,BODY
B665EEAFB62C281D,2.06,7.14,31.60,0.94,0.27,0.22,BODY
E62994BD641D0CF3,3.90,7.55,32.40,0.29,0.08,0.03,BODY
3289CAACE56B4FE4,6.01,7.54,30.00,0.91,0.94,0.94,BODY
DB965744C605C6B8,-0.21,7.53,30.80,0.69,0.26,0.24,BODY
2FB8A56163ABBE29,1.78,7.47,31.60,0.94,0.27,0.21,BODY
DD0AD8E658C052F4,3.22,7.72,32.40,0.94,0.28,0.21,BODY
B3634B236C194E37,5.18,7.42,30.00,0.84,0.30,0.29,BODY
562BC4E6E421E7C4,-1.15,7.71,30.80,0.94,0.30,0.22,BODY
32175DE236EE81C2,0.60,7.74,31.60,0.94,0.29,0.22,BODY
2DB3B29430C01D9F,2.79,7.48,32.40,0.95,0.27,0.22,BODY
F432D0A58C9B39AF,4.51,7.39,30.00,0.94,0.30,0.26,BODY
1922B724B419FAD0,5.96,7.67,30.80,0.25,0.34,0.33,BODY
630AE894520A07D9,-0.02,7.81,31.60,0.91,0.30,0.26,BODY
07A5FB93E21CEDDE,1.95,7.81,32.40,0.94,0.27,0.22,BODY
F0979B0E9D2518A9,3.68,7.71,30.00,0.94,0.27,0.19,BODY
844605C129B2ED8A,5.70,7.46,30.80,0.42,0.44,0.45,BODY
677F6C5681AE0523,-0.35,7.59,31.60,0.95,0.27,0.21,BODY
2C27773BD1AEFA8B,1.37,7.80,32.40,0.94,0.27,0.22,BODY
D41875DCE26A18FB,3.16,7.73,30.00,0.91,0.29,0.22,BODY
1EA04CE975FF0FF1,5.29,7.43,30.80,0.61,0.17,0.19,BODY
B694E5801EF91625,-0.63,7.84,31.60,0.94,0.29,0.19,BODY
D721C96C4D271A4F,1.09,7.39,32.40,0.94,0.27,0.22,BODY
6504B50F26A2486F,3.14,7.36,30.00,0.94,0.30,0.26,BODY
F1DEDD4075F15A91,4.76,7.40,30.80,0.96,0.26,0.20,BODY
082C8C3DDA6B1236,-0.66,7.72,31.60,0.94,0.29,0.19,BODY
84818BEE3B598D3B,1.43,7.52,32.40,0.94,0.27,0.22,BODY
5246383CB23E70A3,2.88,7.74,30.00,0.94,0.30,0.26,BODY
D6F70C61463B8EED,4.78,7.48,30.80,0.97,0.25,0.19,BODY
332F12DBE3BE9687,-0.24,7.65,31.60,0.94,0.27,0.22,BODY
3B7E3837145928F4,1.37,7.58,32.40,0.94,0.27,0.22,BODY
52E7B87A8E12E44F,3.35,7.50,30.00,0.91,0.29,0.24,BODY
0971E4511CB6788E,4.67,7.84,30.80,0.58,0.25,0.26,BODY
0775952EF4F6EDF4,0.06,7.69,31.60,0.94,0.27,0.20,BODY
CA2B334BCA792590,2.06,7.88,32.40,0.94,0.27,0.22,BODY
F4210AF099DCC10E,3.59,7.74,30.00,0.94,0.27,0.21,BODY
4A3E80C1B1F7759C,-0.79,8.07,30.80,0.91,0.29,0.22,BODY
3C2BC17C44A52E76,1.13,7.88,31.60,0.94,0.27,0.22,BODY
55FA7AC7D74022D2,2.32,8.11,32.40,0.94,0.27,0.22,BODY
FF1DC51A567EB122,4.30,8.13,30.00,0.95,0.27,0.21,BODY
526C663F5A9F4591,-0.10,8.01,30.80,0.94,0.27,0.22,BODY
A70DE128D9321FF8,1.35,7.83,31.60,0.94,0.27,0.22,BODY
760DB39934A2ECBB,2.97,8.05,32.40,0.94,0.33,0.26,BODY
059F4A8F231199C2,5.12,7.96,30.00,0.06,0.05,0.06,BODY
80F29A26A05A2230,0.31,7.73,30.80,0.93,0.28,0.20,BODY
CA5F6A51F7522671,2.36,8.18,31.60,0.94,0.27,0.22,BODY
6F9F49A82B5B745B,3.69,8.23,32.40,0.95,0.26,0.21,BODY
DB44D22D7A57F25E,-0.39,8.16,30.00,0.96,0.27,0.20,BODY
0C0D49C5D34ABCC0,1.06,7.99,30.80,0.94,0.27,0.22,BODY
01A4CB0811304B59,3.26,7.79,31.60,0.93,0.27,0.22,BODY
DDB704A286A15B59,4.83,8.16,32.40,0.94,0.27,0.22,BODY
F60EE659A997222B,0.18,7.78,30.00,0.93,0.27,0.19,BODY
1D5F8DC033BA9E1B,2.38,7.76,30.80,0.94,0.27,0.22,BODY
9C070A05069DA162,3.58,8.27,31.60,0.96,0.26,0.22,BODY
F1014BDABD3BA0FA,-0.18,7.97,32.40,0.96,0.26,0.20,BODY
645E7BEA945BFFDB,1.22,8.01,30.00,0.94,0.27,0.22,BODY
89C19D212997259D,3.21,8.16,30.80,0.93,0.27,0.22,BODY
DCF22A06AA742044,4.94,8.01,31.60,0.13,0.11,0.09,BODY
623F3AD9B954DA89,0.94,8.02,32.40,0.94,0.27,0.21,BODY
C52A91214E488BA4,2.16,7.86,30.00,0.93,0.27,0.22,BODY
51694D5A156CF743,4.43,8.37,30.80,0.93,0.28,0.22,BODY
CBE2C6A0204B6001,0.15,8.38,31.60,0.94,0.27,0.19,BODY
4F2A45340C65EE12,1.56,7.92,32.40,0.94,0.27,0.22,BODY
240F03112246F4D5,3.52,8.42,30.00,0.97,0.32,0.26,BODY
FFADFF5583416311,-0.67,7.97,30.80,0.94,0.29,0.22,BODY
8E05E851DFBE00A6,1.02,8.01,31.60,0.94,0.27,0.22,BODY
171A4A4B6B08B9DF,2.66,8.14,32.40,0.94,0.27,0.22,BODY
F2CAAE636DBF64D9,4.93,8.54,30.00,0.32,0.16,0.13,BODY
488FB20A20821D8A,0.52,8.08,30.80,0.94,0.27,0.22,BODY
DC0FEC69935B948E,2.49,8.43,31.60,0.93,0.27,0.22,BODY
6F3F2A364D89C6C0,3.92,8.55,32.40,0.97,0.25,0.22,BODY
B4607893EDD9C30F,0.17,8.37,30.00,0.94,0.27,0.22,BODY
4E1EF10E3215111E,2.00,8.16,30.80,0.94,0.27,0.22,BODY
53EBB11760CF7AAE,4.01,8.17,31.60,0.95,0.27,0.21,BODY
5D37C5C6B4FFCF77,-0.15,8.13,32.40,0.93,0.27,0.22,BODY
05E483627A2992FB,1.70,8.61,30.00,0.94,0.27,0.22,BODY
98CD643CE5B8956C,3.47,8.28,30.80,0.94,0.27,0.21,BODY
F6C5B64E24E2D00A,-0.46,8.15,31.60,0.94,0.29,0.22,BODY
75A801D400FF0C5B,1.58,8.60,32.40,0.94,0.27,0.22,BODY
9C567887F5E93B6D,3.49,8.40,30.00,0.94,0.27,0.21,BODY
ADE1788402EFDF01,-0.45,8.55,30.80,0.60,0.21,0.16,BODY
2A556E4A869201EF,1.54,8.61,31.60,0.94,0.27,0.22,BODY
56EBF983DAADF0D8,2.73,8.64,32.40,0.94,0.27,0.22,BODY
152E5F99F4C5E3AB,-0.90,8.59,30.00,0.13,0.09,0.09,BODY
31554C95D5633E88,1.29,8.29,30.80,0.94,0.27,0.21,BODY
AB7D82EDA58AFA39,2.83,8.38,31.60,0.94,0.27,0.22,BODY
2B9E9868CB0843DB,-0.32,8.74,32.40,0.09,0.13,0.13,BODY
5B3B02AE32B53F47,1.28,8.75,30.00,0.94,0.27,0.22,BODY
6942D166CBEFF031,3.11,8.56,30.80,0.94,0.27,0.22,BODY
23BB7A5C5C7785B0,-0.62,8.40,31.60,0.31,0.20,0.19,BODY
31AFE50EA9DDF028,1.09,8.80,32.40,0.94,0.27,0.22,BODY
3C65ED1B5A18F42E,2.82,8.63,30.00,0.94,0.27,0.22,BODY
151648C658C644D9,-0.02,8.67,30.80,0.91,0.29,0.22,BODY
F0F62030546CB899,1.76,8.87,31.60,0.94,0.27,0.22,BODY
AE49AF8BDC84138C,3.36,8.52,32.40,0.94,0.27,0.21,BODY
E3498AADA8CB8E4A,0.11,8.58,30.00,0.95,0.27,0.19,BODY
323E6336F152C2A5,2.01,8.89,30.80,0.94,0.27,0.22,BODY
AF607F17072976F6,3.84,8.76,31.60,0.94,0.27,0.22,BODY
F79918AC050CBB25,0.01,8.84,32.40,0.94,0.27,0.22,BODY
9C48D429F3953F0A,2.13,8.90,30.00,0.94,0.27,0.22,BODY
0973DA363D7F80ED,4.01,8.93,30.80,0.91,0.28,0.19,BODY
96C5F97729B4D76B,0.18,8.86,31.60,0.94,0.27,0.21,BODY
8C05C1795D56FC8B,2.21,9.06,32.40,0.94,0.27,0.22,BODY
D5D79C73D6C7F54F,3.90,8.69,30.00,0.94,0.27,0.21,BODY
1AC222F9054477D3,0.92,9.01,30.80,0.97,0.30,0.22,BODY
F63A96202845D572,2.51,8.69,31.60,0.94,0.27,0.22,BODY
55C08DB7E62F3DA0,4.41,9.03,32.40,0.61,0.27,0.26,BODY
226C5554654E6131,1.07,9.15,30.00,0.93,0.30,0.24,BODY
E499679C4E94DAAF,2.67,8.84,30.80,0.94,0.27,0.22,BODY
EB01B3AEF5E4B5E5,-2.83,9.15,31.60,0.61,0.65,0.65,BODY
01AF399992B346CD,1.55,8.73,32.40,0.94,0.27,0.22,BODY
C9043DD1CF3E9265,3.55,8.81,30.00,0.94,0.27,0.22,BODY
92F6F092E3CB9B0A,0.64,8.91,30.80,0.94,0.29,0.22,BODY
4DE6CD437404530D,2.33,9.15,31.60,0.94,0.27,0.22,BODY
4124BE7F8C0C4E0B,4.09,8.94,32.40,0.40,0.15,0.13,BODY
C0F579F274981146,1.35,8.96,30.00,0.94,0.33,0.26,BODY
1F8B8DFE6046E612,2.69,8.86,30.80,0.94,0.27,0.21,BODY
D820988B7CD617E9,-3.06,9.14,31.60,0.03,0.13,0.09,BODY
624D972D8603ADC2,1.62,9.31,32.40,0.94,0.27,0.21,BODY
7A89A67F86AFE995,3.52,9.28,30.00,0.94,0.27,0.22,BODY
AA72D14898073107,0.67,9.44,30.80,0.91,0.29,0.22,BODY
C382B383ECE41EF0,2.42,9.08,31.60,0.94,0.27,0.22,BODY
1816F48D52EB8906,6.52,9.44,32.40,0.03,0.16,0.13,BODY
12445BB158B97CDB,1.72,9.50,30.00,0.93,0.27,0.20,BODY
8913186A985C0DDC,3.49,9.00,30.80,0.94,0.29,0.22,BODY
E67373BDC7EB8001,0.79,9.26,31.60,0.90,0.30,0.22,BODY
2075B9079F065BA5,2.85,9.07,32.40,0.94,0.27,0.21,BODY
A51C46317FA25D7B,1.05,9.17,30.00,0.16,0.14,0.13,BODY
494B877CC5D78CEC,2.61,9.29,30.80,0.94,0.27,0.22,BODY
7C2EE39FC0E16690,0.70,9.66,31.60,0.04,0.05,0.05,BODY
DEF911637E816C2F,2.40,9.29,32.40,0.94,0.27,0.21,BODY
5E322D04502464FE,1.11,9.41,30.00,0.17,0.14,0.12,BODY
9BD14C41AB24A301,2.61,9.28,30.80,0.93,0.27,0.20,BODY
BE3CF0F55F826CDE,1.48,9.79,31.60,0.87,0.35,0.29,BODY
65DCC6C8C5DA5D0E,2.84,9.55,32.40,0.82,0.28,0.24,BODY
54FBA167D0C7D0E0,2.26,9.33,30.00,0.94,0.27,0.22,BODY
23FD5308FC97944D,1.10,9.90,30.80,0.52,0.32,0.29,BODY
2D9BA2510A4AB4AD,3.07,9.49,31.60,0.43,0.15,0.13,BODY
FF1D35090D5454A6,2.71,9.83,32.40,0.87,0.30,0.26,BODY
203ABDFB62E4B80E,2.71,9.97,30.00,0.43,0.15,0.13,BODY
ABF927F8C1FDFFA6,2.53,9.87,30.80,0.38,0.16,0.13,BODY
570B31D3E8DAFB2E,2.14,9.80,31.60,0.13,0.20,0.17,BODY
B60EA83769588E0F,-0.89,11.01,32.40,0.61,0.66,0.67,BODY
