ID,X,Y,Z,R,G,B,PART
B62C78B075A42D22,-5.57,-11.45,30.00,0.30,0.34,0.54,BODY
FDCFCC73F03F89D4,-5.73,-11.08,30.80,0.19,0.51,0.94,BODY
6576512218CCEFF6,-5.75,-10.79,31.60,0.09,0.35,0.91,BODY
AEAF1E8AB82A1F46,-5.07,-10.99,32.40,0.54,0.51,0.75,BODY
B80FD29B6984D8EE,5.15,-11.14,30.00,0.73,0.61,0.69,BODY
3F942356BD7AB5E5,-5.19,-10.64,30.80,0.31,0.44,0.84,BODY
87C0410E2539BF13,4.54,-10.64,31.60,0.39,0.44,0.68,BODY
C18E492C71795716,4.70,-10.52,32.40,0.13,0.29,0.52,BODY
ACD47D8B64948D76,4.94,-10.50,30.00,0.90,0.77,0.77,BODY
D3D4A6512D97DC9A,-5.40,-10.64,30.80,0.35,0.59,1.00,BODY
CBB8E2E365122FD5,-5.16,-10.59,31.60,0.32,0.59,1.00,BODY
5DE6D3309DDB525B,-5.04,-10.71,32.40,0.25,0.50,0.93,BODY
E4D949759510B24A,-5.31,-10.25,30.00,0.16,0.33,0.78,BODY
04DD62E239ED8551,-5.17,-10.17,30.80,0.30,0.44,0.84,BODY
D9ABCB4B53C8F07D,-5.05,-10.30,31.60,0.35,0.58,0.97,BODY
D2CFCE53E3C719B2,-5.29,-10.07,32.40,0.22,0.49,0.91,BODY
832C62038EDF5469,-5.40,-10.37,30.00,0.42,0.56,0.94,BODY
448AF0B55E0EB38B,5.24,-10.17,30.80,0.82,0.69,0.77,BODY
536CBCB23EE613E5,4.86,-10.20,31.60,0.87,0.83,0.87,BODY
C00FA205C6A225CC,4.31,-9.90,32.40,0.65,0.70,0.91,BODY
F2F3A862CBCDA964,4.25,-9.85,30.00,0.43,0.45,0.50,BODY
2CAEF3F92323274E,-4.73,-9.99,30.80,0.58,0.57,0.84,BODY
80B827D1B887B71C,-4.96,-10.25,31.60,0.16,0.27,0.68,BODY
8B28A6828453C69F,-5.08,-9.62,32.40,0.61,0.73,1.00,BODY
B2F015FED7EEC763,5.01,-9.98,30.00,0.80,0.68,0.80,BODY
0123BD40FB4CF46A,4.37,-10.09,30.80,0.45,0.51,0.55,BODY
D8702CCA80A65C49,-4.56,-9.75,31.60,0.67,0.42,0.51,BODY
56E4DEADCAA58FA8,-5.03,-10.04,32.40,0.16,0.30,0.71,BODY
7DBFF2577A976A2A,4.68,-9.97,30.00,0.87,0.80,0.91,BODY
26E77E40712E068F,-3.03,-9.47,30.80,0.43,0.40,0.53,BODY
FF73FBFD4AFD03F2,-5.19,-9.47,31.60,0.58,0.68,1.00,BODY
59E24E5202016944,4.32,-9.43,32.40,0.71,0.76,0.97,BODY
3A415010DD7E1E5D,-4.50,-9.70,30.00,0.74,0.46,0.55,BODY
CCAEEF5DF3F04801,4.65,-9.53,30.80,0.94,0.87,0.94,BODY
4CFFA4790AB4ACB3,-3.36,-9.42,31.60,0.38,0.48,0.73,BODY
11A5134CC9600FB8,-5.30,-9.58,32.40,0.03,0.35,0.91,BODY
51C56C2E45086E4D,-3.12,-9.69,30.00,0.86,0.72,0.77,BODY
F510730C0D9C5846,-5.07,-9.57,30.80,0.68,0.71,1.00,BODY
6955BDD9AC483C74,3.55,-9.37,31.60,0.25,0.33,0.62,BODY
149F1E465466A740,-4.66,-9.56,32.40,0.44,0.52,0.84,BODY
CD89D9388E2D9A04,4.22,-9.24,30.00,0.81,0.84,1.00,BODY
8040743B40870382,-4.16,-9.06,30.80,0.72,0.64,0.86,BODY
11B3383533CFB678,3.88,-9.41,31.60,0.81,0.84,1.00,BODY
12EEF5962374736F,-4.01,-9.42,32.40,0.87,0.71,0.91,BODY
8036482FDBCE21CC,3.78,-9.22,30.00,0.48,0.53,0.82,BODY
8856656FA781B701,-4.58,-8.96,30.80,0.57,0.58,0.82,BODY
FD8AC03A51240E41,2.82,-9.03,31.60,0.35,0.35,0.46,BODY
D2674E28ACC0B759,-4.92,-9.04,32.40,0.62,0.67,0.93,BODY
D9ABCE670FDE39A8,2.86,-9.33,30.00,0.09,0.32,0.68,BODY
41050614E18860A6,-4.94,-9.09,30.80,0.30,0.40,0.70,BODY
D0D334C4F77B8A89,-3.53,-9.41,31.60,0.84,0.73,0.84,BODY
9372E4E8C99FFD2C,4.35,-9.30,32.40,0.48,0.43,0.42,BODY
C714CAA0BFDF838F,-3.99,-9.15,30.00,0.64,0.52,0.72,BODY
63D87C0E18046B82,3.01,-8.96,30.80,0.42,0.44,0.65,BODY
7A6F12BDB2D0CC8B,-4.66,-8.91,31.60,0.34,0.45,0.85,BODY
4E31699E247DE549,-3.35,-9.30,32.40,0.97,0.86,0.91,BODY
10A55755FEA5DFDA,3.59,-9.04,30.00,0.58,0.64,0.91,BODY
97695C439530F875,-4.22,-8.97,30.80,0.58,0.67,0.94,BODY
22331497A4C80A97,-0.59,-9.24,31.60,0.35,0.30,0.48,BODY
FD110D75802211B7,4.12,-8.92,32.40,0.65,0.58,0.71,BODY
E90BAB3207815FC9,-3.93,-9.00,30.00,0.29,0.33,0.71,BODY
A7CABCE6ECC15EF7,2.28,-8.91,30.80,0.35,0.43,0.70,BODY
D0C90CCD2B444335,4.12,-8.97,31.60,0.81,0.81,0.84,BODY
344040D3717B8BE4,-3.70,-9.07,32.40,0.94,0.81,0.84,BODY
750BAA5D43CCFC61,2.76,-8.63,30.00,0.16,0.49,0.94,BODY
629C9E6955CE1D6A,4.45,-9.03,30.80,0.45,0.39,0.56,BODY
F9E07C7E6AA303E9,-3.23,-8.89,31.60,1.00,0.86,0.91,BODY
D83B58D987447843,3.19,-8.85,32.40,0.29,0.38,0.68,BODY
629227D578689B9D,-4.46,-8.99,30.00,0.41,0.55,0.91,BODY
0FD408FB36DF5513,-3.20,-8.52,30.80,0.65,0.59,0.64,BODY
6A47E34A65FD4265,3.23,-8.54,31.60,0.45,0.51,0.78,BODY
900B37B3C0D98871,-4.58,-8.74,32.40,0.65,0.73,1.00,BODY
FDD0A72A8906A9F6,-1.35,-8.76,30.00,0.24,0.37,0.69,BODY
4D76A8900D20A539,3.44,-8.63,30.80,0.57,0.41,0.54,BODY
9FB651DE1AE3ED6C,-4.62,-8.77,31.60,0.67,0.71,0.98,BODY
771BD9606D6BDFEC,-1.22,-8.63,32.40,0.35,0.47,0.84,BODY
46706A0B900EB158,3.47,-8.93,30.00,0.59,0.49,0.65,BODY
934423D4FEB622F6,-4.38,-8.46,30.80,0.33,0.41,0.83,BODY
CC17F58381F7FB7C,-0.93,-8.42,31.60,0.61,0.67,0.97,BODY
15F1DEFB46D853D2,3.71,-8.42,32.40,0.61,0.57,0.84,BODY
722C13C539FC04AC,-4.35,-8.71,30.00,0.71,0.75,0.97,BODY
82858A0330D493D1,-0.99,-8.75,30.80,0.72,0.66,0.83,BODY
584A3EDE0E98F098,3.61,-8.30,31.60,0.81,0.87,0.97,BODY
0B8570DD9885A324,-4.15,-8.61,32.40,0.71,0.75,0.97,BODY
B47F46EA55E5595B,-0.69,-8.31,30.00,0.43,0.43,0.70,BODY
430588DC37DBB3B8,3.32,-8.75,30.80,0.24,0.41,0.75,BODY
F14D1B90A9166381,-5.12,-8.77,31.60,0.20,0.27,0.44,BODY
B7815DCCEE2826B8,-3.14,-8.76,32.40,1.00,0.95,0.97,BODY
AF8B359351DF91B0,-0.54,-8.80,30.00,1.00,0.89,0.94,BODY
2000CB2AFA786243,3.43,-8.33,30.80,0.35,0.32,0.61,BODY
5C8B8DF504293F46,-4.56,-8.37,31.60,0.45,0.57,0.91,BODY
D6B4ECE77EB1A9D2,-1.93,-8.29,32.40,0.33,0.36,0.47,BODY
BF9DE38FB9E4CC11,0.48,-8.55,30.00,0.42,0.46,0.71,BODY
730EF5640F11F921,3.35,-8.74,30.80,0.81,0.87,0.97,BODY
127ECC366EBACA05,-4.36,-8.54,31.60,0.41,0.54,0.86,BODY
B9CB80E2A30730C4,-1.88,-8.30,32.40,0.42,0.44,0.65,BODY
C7C257335D219CE9,0.11,-8.12,30.00,0.55,0.54,0.71,BODY
AABA6285E2F4E713,3.63,-8.25,30.80,0.72,0.73,0.76,BODY
DE9659FC71CAA7DD,-4.45,-8.13,31.60,0.20,0.34,0.72,BODY
7265FAF21787DFBD,-1.49,-8.60,32.40,0.51,0.53,0.74,BODY
18895E9C9BDDC87C,0.45,-8.18,30.00,0.55,0.54,0.71,BODY
AC91D68761DFA8E5,3.69,-8.27,30.80,0.78,0.81,0.97,BODY
2F4581D51500E00B,-4.93,-8.35,31.60,0.22,0.38,0.67,BODY
B27E532F49D0E06D,-1.97,-8.18,32.40,0.55,0.52,0.67,BODY
25457A901834A487,0.44,-8.42,30.00,0.16,0.44,0.84,BODY
1A797EA50FDE0A1D,3.37,-8.51,30.80,0.64,0.65,0.86,BODY
8F07876F718BA9FE,-5.00,-8.31,31.60,0.35,0.53,0.84,BODY
9A4B6AB4D3E1569F,-1.80,-8.52,32.40,0.09,0.38,0.91,BODY
DFF332061B442C08,0.11,-7.96,30.00,0.29,0.52,0.90,BODY
C84014ED92547447,3.37,-8.35,30.80,0.52,0.56,0.81,BODY
0F43C3344900447E,-5.14,-8.17,31.60,0.25,0.42,0.72,BODY
79BEB39A8B2079D1,-1.87,-8.01,32.40,0.13,0.27,0.58,BODY
14C5249FE1011357,-0.55,-8.09,30.00,0.91,0.86,0.94,BODY
C955D31FF2629B41,2.64,-8.43,30.80,0.39,0.62,0.84,BODY
2715D54E2997862E,-5.39,-8.37,31.60,0.03,0.30,0.68,BODY
367323C15E12498A,-3.76,-8.18,32.40,0.58,0.62,0.89,BODY
7A8076C113F389EA,-0.74,-8.27,30.00,0.78,0.71,0.91,BODY
CB05EE16DA7CA8CF,1.20,-8.28,30.80,0.35,0.45,0.68,BODY
6D179E63C6ED3A7F,3.76,-8.08,31.60,0.74,0.76,0.87,BODY
0C7C0D5E7EE320DB,-4.91,-8.23,32.40,0.41,0.61,0.82,BODY
2712A1209B3B537E,-1.85,-8.11,30.00,0.36,0.45,0.80,BODY
7C0A92F5D5CB3A79,0.09,-8.21,30.80,0.42,0.64,1.00,BODY
0BDACBBA3439862C,3.20,-8.07,31.60,0.29,0.57,0.94,BODY
E0FF8F59D7D60490,-5.39,-8.00,32.40,0.27,0.55,0.87,BODY
09445AA3527B47ED,-3.68,-8.14,30.00,0.38,0.48,0.83,BODY
D6192E1D9599C13A,-0.95,-8.16,30.80,0.55,0.47,0.61,BODY
FE3B346C788F750F,0.81,-8.14,31.60,0.45,0.45,0.64,BODY
AEF8AB0C79852BF7,3.77,-7.96,32.40,0.61,0.71,0.89,BODY
F030808B23E8FBB7,-4.94,-8.20,30.00,0.65,0.83,1.00,BODY
325339A7F8C12987,-1.93,-7.95,30.80,0.35,0.57,1.00,BODY
6C93F7A5AD3D3662,-0.62,-7.98,31.60,0.71,0.67,0.81,BODY
CD9C3D27CE95BBAA,1.63,-7.82,32.40,0.74,0.64,0.74,BODY
35EFB1B05C472DB0,4.56,-7.74,30.00,0.77,0.73,0.77,BODY
9124F3C907211940,-4.48,-8.01,30.80,0.64,0.75,0.95,BODY
B588E44F2C208806,-1.70,-7.69,31.60,0.68,0.65,0.81,BODY
8E02E57FD018EDCD,0.73,-8.01,32.40,0.19,0.46,0.84,BODY
286423AC44B4AAD3,3.08,-7.97,30.00,0.94,0.87,0.97,BODY
90847FAB3AC565A2,-5.66,-7.85,30.80,0.36,0.61,0.89,BODY
03222C6A0DBD0247,-4.08,-7.99,31.60,0.55,0.64,0.91,BODY
20F376CDCCEFF677,-0.84,-8.14,32.40,0.86,0.76,0.89,BODY
CE3D5F536C8DF26E,1.08,-8.01,30.00,0.48,0.60,0.78,BODY
7B9A08CC8F9AA52E,3.92,-8.03,30.80,0.39,0.35,0.35,BODY
DD096EB1DD9E22FA,-4.75,-8.12,31.60,0.51,0.71,0.94,BODY
429EDD22619C80B1,-2.12,-7.84,32.40,0.24,0.38,0.67,BODY
5A2A5DA7F9C89A88,-0.71,-7.58,30.00,0.84,0.80,0.87,BODY
9574D8289226FAA8,1.46,-8.15,30.80,0.74,0.64,0.74,BODY
DD7C4A3D2B05F2F4,4.46,-8.15,31.60,0.58,0.62,0.65,BODY
77D2FCFDA26A2B32,-4.12,-7.71,32.40,0.46,0.57,0.89,BODY
05446CBE6F808071,-1.61,-7.57,30.00,0.35,0.52,0.85,BODY
95510240C2FB481D,0.47,-7.58,30.80,0.47,0.49,0.74,BODY
172735B40A23CFBE,3.39,-7.58,31.60,0.59,0.49,0.60,BODY
096930F7D27B9773,-5.21,-7.52,32.40,0.65,0.84,1.00,BODY
592DBE55F6917BAA,-3.58,-7.65,30.00,0.19,0.29,0.78,BODY
F459EA40289D511F,-1.05,-7.99,30.80,0.94,0.86,0.94,BODY
367EA7A86D80DEC0,1.35,-8.05,31.60,0.87,0.86,0.97,BODY
55330231AF089831,4.39,-7.59,32.40,0.81,0.80,0.86,BODY
F52EDFC09F57C5F2,-4.73,-7.98,30.00,1.00,0.98,1.00,BODY
5B2D57530B19A06C,-1.55,-7.46,30.80,0.39,0.67,1.00,BODY
4E9C9C03CBA81A79,0.07,-7.80,31.60,0.48,0.65,0.97,BODY
D2E8A51C879025EB,2.87,-7.84,32.40,0.71,0.71,0.94,BODY
9B60CBB162163493,5.10,-7.58,30.00,0.94,0.87,0.97,BODY
41782540162D5C67,-3.62,-7.37,30.80,0.29,0.40,0.78,BODY
4BE536B3CB967619,-1.04,-7.54,31.60,0.80,0.75,0.89,BODY
A8668848375AB58B,1.40,-7.38,32.40,0.29,0.30,0.58,BODY
CB898F70E9A23E30,3.89,-7.80,30.00,0.91,0.94,0.97,BODY
8F9F8F50B510756E,-4.81,-7.63,30.80,0.94,0.95,1.00,BODY
79BDAD621A92EAF9,-1.59,-7.63,31.60,0.22,0.42,0.76,BODY
0C14062729915ECF,0.57,-7.50,32.40,0.32,0.56,0.94,BODY
8026F24451F78EF2,3.63,-7.34,30.00,0.39,0.32,0.39,BODY
FC9F57FF11BD7438,-5.23,-7.58,30.80,0.68,0.78,0.91,BODY
23D1CB3170ACC416,-2.11,-7.32,31.60,0.35,0.57,0.87,BODY
349E4FBBD07C7079,0.20,-7.52,32.40,0.22,0.52,0.84,BODY
8081AE6B4EF10E72,3.07,-7.40,30.00,0.46,0.43,0.64,BODY
6213842757EDA45D,4.69,-7.70,30.80,1.00,0.97,1.00,BODY
9876D23C51A5F737,-3.29,-7.46,31.60,0.56,0.46,0.69,BODY
CFC6DC507C89A08D,0.36,-7.41,32.40,0.32,0.60,0.90,BODY
7DA51658EF37DE20,2.89,-7.65,30.00,0.27,0.34,0.62,BODY
995CFE606A1221A2,4.75,-7.47,30.80,1.00,0.97,1.00,BODY
25D45DEEE6209253,-1.83,-7.25,31.60,0.22,0.42,0.76,BODY
C88921935DC5D6E7,0.56,-7.33,32.40,0.52,0.60,0.91,BODY
B1D8C34B83FE717A,3.15,-7.21,30.00,0.71,0.62,0.78,BODY
3AFB1BB3DB4B4BB5,-4.25,-7.53,30.80,0.34,0.55,0.91,BODY
A610F2243C9219E2,-1.50,-7.19,31.60,0.80,0.71,0.91,BODY
C04B46E7DDB79AEF,1.17,-7.23,32.40,0.87,0.84,0.97,BODY
2C540E2467259BF2,3.92,-7.24,30.00,0.71,0.78,1.00,BODY
E7FBE435B3422404,-3.28,-7.59,30.80,0.13,0.46,0.97,BODY
3523DFD2EB36974E,-1.05,-7.29,31.60,0.71,0.51,0.58,BODY
919F885EBEECA503,1.29,-7.34,32.40,0.94,0.89,0.94,BODY
7EB8D951574071F6,4.25,-7.39,30.00,0.91,0.92,1.00,BODY
3918E340ED0A0679,-2.95,-7.55,30.80,0.52,0.41,0.58,BODY
F63331A346B021E4,0.24,-7.22,31.60,0.30,0.38,0.60,BODY
1489864E37135720,3.03,-7.24,32.40,0.59,0.56,0.78,BODY
0E52EBC71E60838A,4.83,-7.07,30.00,0.55,0.55,0.64,BODY
0C7DF03D287D954B,-2.14,-7.42,30.80,0.32,0.38,0.71,BODY
76F58006DF7DF90C,0.38,-7.29,31.60,0.31,0.58,0.91,BODY
9BF8BE17952E883B,3.15,-7.23,32.40,0.61,0.52,0.67,BODY
8C4D721590A24DDE,-2.89,-7.33,30.00,0.65,0.33,0.45,BODY
3F1D41B2B8B95932,0.17,-7.34,30.80,0.55,0.73,0.97,BODY
91E7EDE31319E49E,2.68,-7.49,31.60,0.97,0.91,0.91,BODY
AFF39A807C17BF6D,-3.15,-7.44,32.40,0.17,0.42,0.91,BODY
8C1F1FBE2B3B03BD,-1.13,-6.86,30.00,0.80,0.83,0.90,BODY
0AE149E26A39C7B3,1.70,-7.27,30.80,0.46,0.36,0.41,BODY
46FFEA6190879BF4,-3.50,-6.99,31.60,0.58,0.53,0.84,BODY
0B44604BFE1B05CA,-1.19,-6.82,32.40,0.51,0.42,0.54,BODY
A838A7AE3DE04B38,1.03,-6.97,30.00,0.63,0.65,0.90,BODY
111000BA63099CB5,3.59,-6.95,30.80,0.61,0.52,0.69,BODY
708F4B4A05A7B70E,-1.94,-7.09,31.60,0.55,0.53,0.78,BODY
C8F7C6F497665BE4,0.55,-7.10,32.40,0.55,0.68,1.00,BODY
2EAE4FC2930CB63C,3.14,-7.00,30.00,0.16,0.14,0.42,BODY
C64E9FB75A924143,-2.70,-6.72,30.80,0.84,0.69,0.80,BODY
11B636C71B96D543,0.64,-6.82,31.60,0.45,0.64,0.94,BODY
D89DDA4DE5CE1D18,2.81,-6.73,32.40,0.86,0.79,0.83,BODY
D8B052D34404F7DD,-3.29,-6.73,30.00,0.67,0.69,0.93,BODY
BC1CA1354ED59634,-0.91,-6.76,30.80,0.82,0.76,0.89,BODY
8F416DF80DA99EFC,2.25,-6.69,31.60,0.32,0.33,0.61,BODY
D11389302C8558C8,-3.50,-7.07,32.40,0.54,0.38,0.70,BODY
68726E0EA9F49D00,-1.28,-6.70,30.00,0.81,0.75,0.88,BODY
07F90BEE0EED10F0,1.73,-6.99,30.80,0.87,0.78,0.86,BODY
F2F52AD6C8DFE26A,-4.05,-7.12,31.60,0.38,0.44,0.72,BODY
1F19BEA96B4B2A79,-1.46,-6.94,32.40,0.48,0.41,0.65,BODY
A8BD7B09A7E9D2E8,1.11,-6.58,30.00,0.36,0.42,0.71,BODY
6275D9371D72CAA2,3.34,-6.64,30.80,0.67,0.58,0.80,BODY
434D7D86705FB3B3,-1.90,-6.76,31.60,0.64,0.60,0.82,BODY
D44D5A7E358D51D0,1.03,-6.92,32.40,0.49,0.66,0.95,BODY
B6DA734114CACA08,3.07,-6.66,30.00,0.06,0.08,0.42,BODY
04185AF77F87910C,-2.04,-6.94,30.80,0.27,0.27,0.56,BODY
E8B05EA3FA4EC823,0.74,-6.51,31.60,0.61,0.83,0.97,BODY
0805082F75BED48F,3.16,-6.69,32.40,0.71,0.64,0.78,BODY
BF8F484A940916CC,-1.98,-6.41,30.00,0.42,0.43,0.59,BODY
68F05B097A7DCE33,0.47,-6.82,30.80,0.38,0.65,0.88,BODY
00F37FDCC51BBB86,2.83,-6.53,31.60,0.65,0.56,0.61,BODY
36EC065B8B364F31,-2.61,-6.73,32.40,0.47,0.36,0.62,BODY
FF52B6569BD667E5,0.51,-6.56,30.00,0.26,0.46,0.87,BODY
FF2BC52EA7F9E439,2.81,-6.48,30.80,0.94,0.94,0.97,BODY
84E3320694FD0060,-2.96,-6.57,31.60,0.16,0.51,0.94,BODY
2E7F2A5F674CBD85,-1.00,-6.38,32.40,0.81,0.64,0.84,BODY
A23CCB938241F10C,2.29,-6.75,30.00,0.41,0.42,0.70,BODY
DE90CC2E93677DDA,-3.49,-6.82,30.80,0.32,0.35,0.91,BODY
DC12C01374BDEB21,-1.35,-6.60,31.60,0.97,0.91,0.87,BODY
7284901C3437A9F6,2.11,-6.82,32.40,0.28,0.30,0.53,BODY
3AF562D9F393D2B2,-3.59,-6.70,30.00,0.78,0.57,0.74,BODY
B78B5F87FD72843A,-1.12,-6.58,30.80,0.87,0.83,0.86,BODY
3E7B2FAE65C96201,1.62,-6.54,31.60,0.26,0.14,0.22,BODY
3C19A4C1E11D8AC6,-3.70,-6.61,32.40,0.58,0.49,0.74,BODY
6EF7208A0024F911,-1.81,-6.58,30.00,0.78,0.71,0.88,BODY
C8C2D444450F6404,1.72,-6.75,30.80,0.65,0.57,0.65,BODY
594A1AFF5E53014D,-3.31,-6.18,31.60,0.65,0.57,0.81,BODY
A1C625AE1281EDCD,-1.84,-6.34,32.40,0.42,0.47,0.71,BODY
2DF6E7B3F2BFB499,1.49,-6.58,30.00,0.67,0.59,0.69,BODY
6595C4DBEEEC33BB,-3.42,-6.19,30.80,0.47,0.44,0.74,BODY
9BC457275E69D41A,-1.83,-6.31,31.60,0.42,0.32,0.55,BODY
7254377E20191890,1.44,-6.62,32.40,0.61,0.70,0.94,BODY
3F51E759B538C9D2,-5.23,-6.33,30.00,0.58,0.62,0.87,BODY
AE6072C268DA258D,-2.13,-6.01,30.80,0.52,0.40,0.61,BODY
DFCF270BECFE7392,1.58,-6.24,31.60,0.29,0.43,0.78,BODY
248D04B0994F86E9,-5.41,-6.33,32.40,0.32,0.44,0.71,BODY
350542963B321D6C,-2.09,-6.17,30.00,0.25,0.21,0.40,BODY
565C1D20F6059CD2,1.22,-6.12,30.80,0.29,0.49,0.87,BODY
ACA0DD377963C6E2,2.88,-6.53,31.60,0.51,0.49,0.76,BODY
17C78D6FF1E14E2D,-3.20,-6.02,32.40,0.29,0.35,0.84,BODY
377E7765F0F573C9,-1.25,-6.46,30.00,0.87,0.81,0.81,BODY
BB422BE850C21009,2.26,-5.93,30.80,0.91,0.87,0.94,BODY
C7C1A2BC455BA9F4,-3.53,-6.33,31.60,0.09,0.29,0.74,BODY
FDD1574F92169C5E,-1.77,-6.41,32.40,0.52,0.30,0.58,BODY
EF98C86BF1E872E9,1.78,-5.96,30.00,0.42,0.41,0.55,BODY
64548236CFC6FDA8,-5.17,-6.09,30.80,0.09,0.29,0.71,BODY
8A3012A9E5E6A049,-2.23,-6.24,31.60,0.42,0.30,0.59,BODY
9BC7799206A79F7C,1.22,-6.07,32.40,0.55,0.65,0.91,BODY
84FEBD32DDF378CB,3.29,-6.35,30.00,0.45,0.44,0.67,BODY
8AEEAE89279CB68A,-3.25,-5.80,30.80,0.59,0.53,0.84,BODY
A7789BFB257E8650,-1.24,-5.97,31.60,0.87,0.81,0.81,BODY
36B3341B43520091,2.32,-5.97,32.40,0.91,0.87,0.94,BODY
84880E09808D026F,-4.97,-5.80,30.00,0.84,0.68,0.74,BODY
5061C9FFE649A8D9,-2.23,-5.72,30.80,0.84,0.81,0.97,BODY
CD0311B2D8803AA8,1.40,-5.71,31.60,0.46,0.53,0.83,BODY
7F272C8926EBE359,-5.08,-6.16,32.40,0.18,0.45,0.93,BODY
049E9CF0FF809F98,-2.63,-5.69,30.00,0.64,0.67,0.86,BODY
0156CE829FE7B4E3,1.31,-6.08,30.80,0.42,0.55,0.82,BODY
A69C01B91B3C81AC,3.09,-5.73,31.60,0.91,0.81,0.94,BODY
978CD548096DAACB,-3.32,-5.82,32.40,0.94,0.73,0.81,BODY
DA41E5EE9CEDE7E3,-1.61,-6.13,30.00,0.90,0.82,0.87,BODY
755F0B4E5F463D36,2.53,-5.72,30.80,0.87,0.89,0.97,BODY
547FDADE8A3A3C1D,-4.90,-6.11,31.60,0.47,0.53,0.82,BODY
F13E2F1CA8FB1338,-2.40,-6.10,32.40,0.84,0.86,0.97,BODY
357D6FCE39E2F93F,1.45,-5.87,30.00,0.36,0.39,0.72,BODY
D2E8451B73C16858,4.38,-5.55,30.80,0.33,0.36,0.51,BODY
A9434472ED454E35,-3.30,-5.90,31.60,0.94,0.78,0.91,BODY
0E903150E8933C1E,0.75,-5.61,32.40,0.37,0.52,0.83,BODY
EB8975865E0F2375,2.71,-5.94,30.00,0.39,0.38,0.55,BODY
3AB5BF5F48CF8C0E,-5.37,-5.93,30.80,0.15,0.36,0.69,BODY
18B814EE68F01EF8,-3.37,-5.73,31.60,0.78,0.62,0.68,BODY
B16A975BB3FD51D0,-1.35,-5.81,32.40,0.60,0.53,0.60,BODY
E581B8B9A9DA14AC,2.69,-5.72,30.00,0.51,0.47,0.64,BODY
D7A79FC6F0B1285D,-5.87,-5.91,30.80,0.35,0.47,0.78,BODY
1AA5D954425F36BC,-4.15,-5.54,31.60,0.52,0.35,0.52,BODY
9DF666FB27A843E3,-2.04,-6.00,32.40,0.94,0.84,0.94,BODY
8C6ADEDF5E934733,2.05,-5.92,30.00,0.91,0.91,0.97,BODY
0925AA9539843A80,4.42,-5.45,30.80,0.65,0.55,0.67,BODY
A2B721D6747F8274,-4.42,-5.75,31.60,0.12,0.11,0.24,BODY
E1D9EF3C58BEAF4B,-2.20,-5.93,32.40,0.32,0.53,0.87,BODY
E35EDB0F89BFC286,1.57,-5.87,30.00,0.74,0.73,0.94,BODY
B86A090FD28F56E9,3.84,-5.45,30.80,0.22,0.29,0.54,BODY
FBAA7935A7D04CD2,-5.04,-5.51,31.60,0.33,0.56,0.88,BODY
1215A9E16460DF9F,-3.21,-5.45,32.40,0.61,0.60,0.84,BODY
FDC01DAA883AA67D,0.99,-5.89,30.00,0.58,0.65,0.87,BODY
52EBD55B98A1804D,2.79,-5.60,30.80,0.30,0.45,0.78,BODY
A853C36A7ABAB267,4.81,-5.85,31.60,0.39,0.41,0.58,BODY
5C71F6596C086AAC,-4.41,-5.70,32.40,0.27,0.29,0.56,BODY
BB008FC72E3A66E8,-2.53,-5.76,30.00,0.24,0.29,0.71,BODY
9755179D669D9E54,1.28,-5.60,30.80,0.16,0.44,0.84,BODY
C0F19BE7AB5DF3E1,3.61,-5.48,31.60,0.16,0.28,0.49,BODY
C4FF026650E14C0C,-5.87,-5.76,32.40,0.20,0.39,0.80,BODY
C4810B5A8959E9A6,-4.41,-5.21,30.00,0.67,0.61,0.78,BODY
86510D9A521108A2,-2.46,-5.73,30.80,0.39,0.57,0.93,BODY
368398F4E286CAAF,1.66,-5.67,31.60,0.97,0.91,1.00,BODY
411AC16668049199,4.12,-5.78,32.40,0.06,0.16,0.32,BODY
93192FCDDADB033D,-6.01,-5.67,30.00,0.37,0.53,0.91,BODY
2685D8210F33A4BB,-4.14,-5.73,30.80,0.13,0.09,0.35,BODY
79A31631A132C9CD,-2.65,-5.19,31.60,0.32,0.51,0.91,BODY
42657A542389C15F,1.82,-5.73,32.40,0.88,0.82,0.93,BODY
BF974EF6ACD4B7F8,3.63,-5.28,30.00,0.36,0.38,0.60,BODY
629BEF840A505AA5,-5.86,-5.24,30.80,0.31,0.51,0.96,BODY
7058C1222E37EB07,-3.96,-5.12,31.60,0.19,0.24,0.55,BODY
C3C32D46FFC4F701,-2.67,-5.47,32.40,0.20,0.38,0.80,BODY
1D493BE9CD47A049,2.17,-5.57,30.00,0.70,0.69,0.76,BODY
B2166944E0950BE6,3.87,-5.63,30.80,0.64,0.58,0.74,BODY
7CF2F935B63C6E08,-5.91,-5.21,31.60,0.31,0.51,0.96,BODY
52C579744FC951A7,-4.10,-5.40,32.40,0.32,0.38,0.67,BODY
1507934AC748982E,-2.53,-5.16,30.00,0.13,0.36,0.81,BODY
04751C9D98C5F2D7,2.02,-5.56,30.80,0.70,0.69,0.76,BODY
8425C675D5BD214D,3.70,-5.30,31.60,0.64,0.58,0.74,BODY
C774641232F2434C,-5.81,-5.51,32.40,0.29,0.50,0.93,BODY
3BC0638B3A2B62F5,-4.67,-5.07,30.00,0.19,0.41,0.87,BODY
0E05710B30B73197,-2.62,-5.21,30.80,0.54,0.57,0.88,BODY
1225DE0582CAEFBD,1.54,-5.19,31.60,0.62,0.73,0.89,BODY
4AE18E690C5FCEEA,3.37,-5.26,32.40,0.36,0.34,0.51,BODY
593C4002DBE4FB74,6.82,-5.09,30.00,0.32,0.38,0.61,BODY
8C8E3D17B9C7D3E8,-4.84,-5.00,30.80,0.42,0.59,0.93,BODY
68DA07E894817D41,-3.23,-5.24,31.60,0.81,0.83,0.97,BODY
52392191C5475156,1.04,-5.06,32.40,0.19,0.47,0.84,BODY
4ABF49F0117FDEEB,2.77,-5.18,30.00,0.09,0.12,0.29,BODY
C6EF3C67B38255AB,4.94,-5.52,30.80,0.78,0.70,0.84,BODY
628AFA7BA9D85EB2,-5.88,-5.43,31.60,0.48,0.64,0.94,BODY
B165C14D452F8EA0,-4.24,-4.92,32.40,0.58,0.69,0.89,BODY
F67DB4B11FEB9BA9,-2.17,-5.29,30.00,0.31,0.49,0.88,BODY
A7C05680E591D689,2.01,-5.22,30.80,0.71,0.62,0.74,BODY
94C8A070ACC6325D,4.19,-5.37,31.60,0.29,0.27,0.48,BODY
8A7251514CD89DEA,7.13,-5.03,32.40,0.67,0.55,0.64,BODY
D823D322324F42BC,-4.75,-5.31,30.00,0.48,0.63,0.85,BODY
E74C9FC975CF57A9,-3.25,-5.23,30.80,0.76,0.76,0.93,BODY
8ECE3C35B897CBB6,1.35,-5.41,31.60,0.72,0.70,0.90,BODY
713F1DD2613CF30F,3.27,-5.32,32.40,0.42,0.37,0.55,BODY
5CDA1D6330916795,4.97,-5.36,30.00,0.86,0.79,0.96,BODY
96492BAC985F4661,-5.94,-5.19,30.80,0.22,0.36,0.58,BODY
02670491B85A69A5,-3.88,-4.92,31.60,0.51,0.59,0.78,BODY
3E1EE3DE587C368C,-2.15,-5.00,32.40,0.31,0.49,0.88,BODY
116F31D78D5AFFF2,2.04,-5.05,30.00,0.39,0.29,0.39,BODY
AB387003535A6B0F,3.64,-5.32,30.80,0.91,0.84,0.97,BODY
62CC7EEBE6B51E2B,6.77,-5.40,31.60,0.21,0.30,0.55,BODY
25ACCA6747082C50,-5.02,-4.91,32.40,0.22,0.38,0.58,BODY
801C48F0E8372018,-3.72,-5.25,30.00,0.45,0.56,0.76,BODY
127AC1CA6263B105,-2.05,-4.84,30.80,0.84,0.75,0.94,BODY
AFA3014081E392D6,2.59,-4.92,31.60,0.55,0.64,0.91,BODY
A65D9A318FE48DBA,4.13,-4.87,32.40,0.87,0.84,0.97,BODY
D9AB0A9D4D38DA36,6.92,-4.85,30.00,0.78,0.64,0.71,BODY
5A791BCD1D47DB82,-4.75,-4.98,30.80,0.48,0.60,0.81,BODY
384114E3C08E74ED,-3.22,-5.20,31.60,0.76,0.78,0.91,BODY
E7596EC2F11A29AB,0.97,-5.09,32.40,0.19,0.24,0.58,BODY
830B4F140843FF3F,3.08,-4.75,30.00,0.91,0.89,0.94,BODY
033583EFD28FEBCE,4.33,-5.06,30.80,0.81,0.81,0.91,BODY
CE24FF55C91830CE,-6.35,-5.09,31.60,0.55,0.80,1.00,BODY
7798E846D7348C20,-4.78,-4.90,32.40,0.71,0.78,0.97,BODY
90C7F0BB788CEB7A,-2.86,-4.99,30.00,0.57,0.58,0.76,BODY
3A6C77174FCC876C,1.22,-5.02,30.80,0.49,0.50,0.71,BODY
CED5595A18D6807E,2.94,-5.17,31.60,0.78,0.80,0.84,BODY
FEFE5DB68CD4671F,4.64,-5.09,32.40,0.67,0.68,0.75,BODY
5E85F421E91172C2,-6.32,-4.97,30.00,0.60,0.81,0.98,BODY
00919BEEDF612133,-4.44,-4.69,30.80,0.38,0.51,0.80,BODY
EEDE153EECA1472A,-2.43,-5.13,31.60,0.73,0.76,0.98,BODY
5C57D5FAA6D08CDA,1.75,-4.80,32.40,0.64,0.70,0.95,BODY
B50DC04A283442F5,3.08,-4.63,30.00,0.48,0.60,0.61,BODY
53B75A5FC445D454,4.98,-4.67,30.80,0.68,0.64,0.65,BODY
3B01DCD87F981991,-5.94,-4.81,31.60,0.55,0.71,0.94,BODY
1C11EB343F47B53C,-3.97,-4.92,32.40,0.38,0.51,0.80,BODY
F85C7D479E51CCE1,-2.40,-5.10,30.00,0.57,0.60,0.91,BODY
7EA7B29F5B83739B,1.43,-4.82,30.80,0.64,0.70,0.95,BODY
646908B70A90E257,3.13,-4.89,31.60,0.48,0.60,0.61,BODY
44A5744B8AC52242,4.84,-5.04,32.40,0.81,0.76,0.78,BODY
3B1875A561014AD4,-5.80,-4.87,30.00,0.52,0.70,0.94,BODY
AB70739140CAC3AC,-4.50,-5.09,30.80,0.50,0.61,0.89,BODY
ABBB9FE0F1660532,-2.82,-4.51,31.60,0.78,0.78,0.94,BODY
42D57F3B7B9D20F8,1.77,-5.00,32.40,0.54,0.58,0.78,BODY
9D2276164E8B8278,3.37,-4.79,30.00,0.68,0.68,0.78,BODY
F9AC08726FF3FB90,5.24,-4.52,30.80,0.91,0.91,0.91,BODY
F5BBB182B02E53AE,-6.20,-4.79,31.60,0.55,0.73,0.96,BODY
34B294C1E8168B71,-4.29,-4.92,32.40,0.50,0.61,0.89,BODY
B42B30B0370AF0D3,-2.66,-5.00,30.00,0.78,0.78,0.94,BODY
C670F4CB5F5C43A0,1.27,-4.56,30.80,0.52,0.47,0.71,BODY
FC519C20DD2C53C2,3.17,-4.79,31.60,0.68,0.68,0.78,BODY
FBA3D4B527DDE88C,4.83,-4.88,32.40,0.94,0.95,1.00,BODY
ADE9CC5B27E07DF9,-6.03,-4.70,30.00,0.58,0.76,0.98,BODY
1FFB5E17E7986DCB,-4.08,-4.89,30.80,0.50,0.61,0.89,BODY
033FAFE2D685585F,-2.93,-4.56,31.60,0.78,0.78,0.96,BODY
2D958E87282070D4,1.66,-4.69,32.40,0.64,0.58,0.77,BODY
88DBC0A5F2BAB830,3.23,-4.77,30.00,0.58,0.53,0.61,BODY
6AD6DB8DD72BD120,4.68,-4.62,30.80,0.94,0.95,1.00,BODY
79DD2BEB8F234356,-5.98,-4.62,31.60,0.53,0.76,0.98,BODY
26A7D3047D71C931,-4.75,-4.83,32.40,0.29,0.46,0.81,BODY
6DF71136152C7D95,-3.00,-4.70,30.00,0.81,0.76,0.87,BODY
B5A4F98780262A5F,1.47,-4.69,30.80,0.78,0.86,1.00,BODY
08C3D95764D7FF39,3.21,-4.58,31.60,0.71,0.76,0.84,BODY
EC369A599968857C,4.74,-4.54,32.40,0.84,0.87,0.94,BODY
FEC99B7A3C0D354F,-6.18,-4.76,30.00,0.58,0.70,0.91,BODY
A73E93BF1FFB89BA,-4.84,-4.45,30.80,0.87,0.94,1.00,BODY
E4F14A28A7525197,-2.89,-4.89,31.60,0.81,0.75,0.94,BODY
C9CBB0FB2A0D52EE,1.13,-4.46,32.40,0.62,0.64,0.86,BODY
4156066383C61474,3.11,-4.84,30.00,0.71,0.81,0.94,BODY
4E339EFCD1518551,4.48,-4.85,30.80,0.89,0.87,0.96,BODY
04CE65C911467177,6.86,-4.40,31.60,0.84,0.73,0.77,BODY
982673E7FBC30ECB,-4.91,-4.52,32.40,0.87,0.94,1.00,BODY
0239AB5B15AEF936,-3.09,-4.42,30.00,0.67,0.64,0.89,BODY
B2D666872AA8CA9C,1.34,-4.73,30.80,0.13,0.19,0.58,BODY
A59F80C35E39329D,2.80,-4.82,31.60,0.64,0.70,0.86,BODY
7F6EFAA889568EB0,4.39,-4.26,32.40,0.89,0.87,0.96,BODY
0D8211EB63A02A4D,6.87,-4.78,30.00,0.97,0.86,0.91,BODY
514E33F5278AB5EA,-4.92,-4.31,30.80,0.84,0.89,0.96,BODY
53CCFA0821EB6D36,-2.84,-4.67,31.60,0.39,0.44,0.81,BODY
7A2A7139A55BC0D3,1.12,-4.58,32.40,0.13,0.19,0.58,BODY
122B85F22A8637E7,2.92,-4.21,30.00,0.29,0.38,0.65,BODY
CF8896F510A44D9B,4.51,-4.42,30.80,0.94,0.94,1.00,BODY
00A4E3CE5E869FF6,6.82,-4.75,31.60,0.90,0.79,0.84,BODY
EEDD412C24B3684E,-4.76,-4.61,32.40,0.67,0.76,0.91,BODY
311A560EFC6F0C17,-2.97,-4.39,30.00,0.45,0.36,0.52,BODY
A7ED583DF292BA57,1.30,-4.47,30.80,0.87,0.87,1.00,BODY
7AEDC879A639C0A1,3.01,-4.30,31.60,0.71,0.81,0.94,BODY
DD52D6E4279F1C82,4.55,-4.24,32.40,0.91,0.91,0.98,BODY
1BC7FA272082FEED,6.92,-4.49,30.00,0.90,0.79,0.84,BODY
7C1513A3A982C0E1,-4.77,-4.56,30.80,0.84,0.84,0.96,BODY
481DB8B1FECF8651,-3.01,-4.42,31.60,0.48,0.58,0.93,BODY
8370E9EFD91BC44C,0.95,-4.59,32.40,0.19,0.29,0.65,BODY
5512FECC94D6C818,2.97,-4.61,30.00,0.44,0.36,0.62,BODY
998780B9900BF7F2,4.36,-4.46,30.80,0.91,0.91,1.00,BODY
4D15BA5DF460D99F,6.66,-4.31,31.60,0.86,0.79,0.94,BODY
5AF6574000F5F199,-5.22,-4.22,32.40,0.86,0.91,0.98,BODY
3BA2AE9C080FCCBB,-3.05,-4.27,30.00,0.24,0.31,0.59,BODY
1936CF7FBB572412,-1.09,-4.62,30.80,0.68,0.65,0.81,BODY
B4A37FDACA70C0B6,2.22,-4.25,31.60,0.58,0.57,0.70,BODY
E55883E339B51D08,4.20,-4.58,32.40,0.88,0.91,0.94,BODY
5467100DF052CE5E,6.82,-4.16,30.00,0.81,0.75,0.94,BODY
D559F9D70A2C2DA1,-4.86,-4.47,30.80,0.70,0.74,0.93,BODY
0EFEB0C7AAF84B59,-2.98,-4.24,31.60,0.24,0.31,0.59,BODY
8D75ADDD949F80B5,-1.22,-4.22,32.40,0.46,0.43,0.55,BODY
BD337C9581DD6234,2.38,-4.18,30.00,0.48,0.46,0.58,BODY
D7A636443006C733,3.87,-4.21,30.80,0.87,0.94,1.00,BODY
83327405D7697EB4,6.62,-4.59,31.60,0.75,0.74,0.95,BODY
D6D6551CA9A71098,-5.00,-4.51,32.40,0.70,0.74,0.93,BODY
26D287A9053E8B4F,-1.99,-4.22,30.00,0.46,0.40,0.62,BODY
15008462884A91CB,1.47,-4.32,30.80,0.42,0.44,0.63,BODY
92CCF10553CC3E64,3.03,-4.23,31.60,0.84,0.91,0.96,BODY
A8CB6BF2C8B38EF5,4.62,-4.17,32.40,0.81,0.84,0.97,BODY
6EF44166BDB2F197,-6.79,-4.20,30.00,0.55,0.53,0.78,BODY
510A4481746F6AF1,-2.10,-4.08,30.80,0.06,0.19,0.58,BODY
1D052C4F4A6CD82E,1.66,-4.17,31.60,0.39,0.38,0.58,BODY
754110F46F91EAE5,3.78,-4.36,32.40,0.74,0.81,0.97,BODY
5BE505BF39FCA816,5.98,-4.32,30.00,0.61,0.68,1.00,BODY
D9876E02B7255615,-2.97,-3.98,30.80,0.22,0.38,0.81,BODY
9B7C28F2B0FCC0D5,0.91,-4.13,31.60,0.45,0.54,0.84,BODY
7B801EB62C116CB6,2.76,-4.08,32.40,0.65,0.51,0.63,BODY
DCFDB51D8A51B640,3.97,-4.00,30.00,0.74,0.81,0.94,BODY
7C21DEB5234859F9,7.00,-4.42,30.80,0.65,0.56,0.61,BODY
91A51BBC4E8D45D0,-2.24,-4.37,31.60,0.16,0.16,0.45,BODY
1B60420CCBF22243,1.62,-4.26,32.40,0.57,0.47,0.59,BODY
5779E99E999E532F,3.16,-3.89,30.00,0.31,0.34,0.43,BODY
6DCEE13354CFF88D,6.03,-4.35,30.80,0.70,0.72,0.93,BODY
7E0C174E7A5A9F4F,-2.81,-4.19,31.60,0.22,0.38,0.81,BODY
AD5E244341357DF4,0.81,-4.27,32.40,0.21,0.28,0.51,BODY
109E929E7EB3558A,2.33,-4.02,30.00,0.52,0.35,0.48,BODY
4BFD61B29246108C,-6.76,-3.77,30.80,0.19,0.35,0.78,BODY
197F5FC599567693,-2.02,-4.26,31.60,0.19,0.27,0.61,BODY
B00569E2DDE08F50,1.83,-4.12,32.40,0.19,0.16,0.26,BODY
87E45103E8277965,6.31,-3.94,30.00,0.82,0.77,0.96,BODY
E7A53094CBF8A31D,-2.58,-4.17,30.80,0.42,0.56,0.91,BODY
EA6A8E27298AF227,-0.78,-3.93,31.60,0.42,0.37,0.52,BODY
D94387DAD5F068C6,2.60,-3.83,32.40,0.44,0.35,0.46,BODY
0BCAA146EC66460D,-6.68,-3.77,30.00,0.26,0.49,0.97,BODY
A568D18234ADD4D7,-2.01,-3.78,30.80,0.31,0.42,0.84,BODY
5EC68A41D60B9F02,1.42,-4.11,31.60,0.78,0.67,0.81,BODY
457F644579319449,6.12,-4.16,32.40,0.32,0.46,0.78,BODY
115554078227EA72,-6.49,-3.66,30.00,0.61,0.60,0.84,BODY
CF5CFEF2903A1CE4,-1.63,-3.93,30.80,0.40,0.45,0.77,BODY
782B0770FB14B71F,2.12,-3.66,31.60,0.40,0.41,0.67,BODY
7562D26EBB21C513,6.65,-4.11,32.40,0.85,0.75,0.80,BODY
050B2E80496A2124,-2.52,-3.68,30.00,0.20,0.28,0.61,BODY
2F1DDF0FCC1C31A2,-0.99,-3.62,30.80,0.58,0.48,0.58,BODY
7A2656E66ADE1001,2.68,-3.69,31.60,0.48,0.43,0.65,BODY
3FC2F3F4E3B4E2F8,-6.58,-3.79,32.40,0.26,0.51,1.00,BODY
E8F723EC3A80E747,-2.23,-3.65,30.00,0.31,0.41,0.82,BODY
6F8EEDD147585432,0.97,-3.61,30.80,0.29,0.19,0.45,BODY
726C6D8F3E82D38A,6.06,-3.57,31.60,0.55,0.66,0.96,BODY
A60AC844DEC04CCF,-6.16,-3.54,32.40,0.58,0.59,0.94,BODY
3F20642058079AA1,-1.27,-3.58,30.00,0.44,0.51,0.84,BODY
AD0787F232C71DCB,1.77,-3.70,30.80,0.78,0.68,0.81,BODY
ECD58560CE774250,6.62,-3.53,31.60,0.91,0.89,1.00,BODY
172CD325A910796F,-2.53,-3.62,32.40,0.34,0.42,0.74,BODY
6DE73A6AC9BFB4CF,-1.18,-3.69,30.00,0.58,0.48,0.58,BODY
32CCE6A7323CF7F5,2.64,-3.66,30.80,0.61,0.53,0.65,BODY
A7AE26F226F0E93B,-7.01,-3.75,31.60,0.20,0.47,0.93,BODY
D9DDB3402F4F995F,-2.49,-3.53,32.40,0.62,0.57,0.80,BODY
939F6411098BE825,1.27,-3.42,30.00,0.55,0.53,0.74,BODY
07D7756F08397A68,5.71,-3.39,30.80,0.58,0.70,0.97,BODY
00573D41BE386619,-6.42,-3.52,31.60,0.13,0.33,0.71,BODY
3CA38310A64E7189,-1.63,-3.31,32.40,0.41,0.55,0.87,BODY
6A7249B38CA1E980,1.69,-3.67,30.00,0.67,0.56,0.72,BODY
B4CF55C555C53F68,6.23,-3.32,30.80,0.87,0.84,1.00,BODY
C33521D330D07274,-5.95,-3.69,31.60,0.67,0.64,0.87,BODY
2B4D224C4934CFD4,-1.52,-3.68,32.40,0.46,0.34,0.53,BODY
711F2F46233CE8CE,1.27,-3.52,30.00,0.67,0.56,0.72,BODY
3964CE60595A27C8,6.07,-3.44,30.80,0.80,0.79,0.95,BODY
1CA781BC6160B19C,-5.99,-3.59,31.60,0.81,0.70,0.78,BODY
9C6541951BA4A4E6,-1.41,-3.20,32.40,0.57,0.47,0.67,BODY
B50D996E99D5D173,1.38,-3.68,30.00,0.75,0.71,0.87,BODY
AA1113D013D3BC8A,6.06,-3.62,30.80,0.87,0.84,1.00,BODY
5C78376346FD732C,-6.35,-3.43,31.60,0.58,0.58,0.86,BODY
D8717AE02FED8970,-1.62,-3.33,32.40,0.68,0.71,0.94,BODY
1754A17597447C10,1.30,-3.47,30.00,0.78,0.76,0.91,BODY
3B24024D6148D51C,5.86,-3.56,30.80,0.47,0.58,0.85,BODY
A49C19FE9EE254F5,-6.37,-3.10,31.60,0.27,0.49,0.91,BODY
86B570A1A76A4C84,-1.48,-3.60,32.40,0.31,0.54,0.88,BODY
98F701BEADEB90B3,0.91,-3.12,30.00,0.69,0.64,0.78,BODY
17D5578FD34EEDBD,5.73,-3.10,30.80,0.55,0.65,0.94,BODY
25ABD12FF17971A2,-6.67,-3.27,31.60,0.31,0.52,0.91,BODY
B0F17964E9A0F55B,-1.91,-3.42,32.40,0.81,0.70,0.81,BODY
C898BDE845194535,0.38,-3.40,30.00,0.58,0.53,0.78,BODY
6EC5ACAC9B28F3FD,5.36,-3.31,30.80,0.47,0.45,0.68,BODY
F5618999FB96CF34,-6.80,-3.25,31.60,0.32,0.58,0.97,BODY
02FF4271B85194B2,-1.80,-3.45,32.40,0.35,0.25,0.52,BODY
51C01B2D950187D5,0.64,-3.31,30.00,0.43,0.37,0.59,BODY
ABF68A1B7A36A3F9,5.18,-3.20,30.80,0.30,0.34,0.55,BODY
EC5723A7ABD3F58E,-7.04,-3.26,31.60,0.39,0.60,0.87,BODY
5C5CACD366BF063F,-2.11,-2.96,32.40,0.55,0.65,0.87,BODY
058B34EBDBBCF67E,-0.44,-3.32,30.00,0.48,0.38,0.52,BODY
DF922E377F926604,2.02,-3.22,30.80,0.43,0.35,0.51,BODY
2A9A552937C494D1,6.49,-2.91,31.60,0.65,0.56,0.67,BODY
8F6DE87E619590F0,-2.38,-3.10,32.40,0.55,0.65,0.87,BODY
827696EA98121D2B,-0.66,-3.08,30.00,0.74,0.70,0.91,BODY
2EE19445EEB9C30C,1.65,-3.21,30.80,0.53,0.47,0.70,BODY
D7A6D1AC0822D7D8,6.38,-3.20,31.60,0.74,0.75,0.84,BODY
B15F3586DDEBBCE6,-5.81,-2.95,32.40,0.67,0.59,0.71,BODY
A6583812222C57AA,-0.80,-2.89,30.00,0.69,0.64,0.83,BODY
15DB0458C99742B8,1.65,-3.28,30.80,0.27,0.40,0.76,BODY
A641AD286A8B48D5,6.58,-2.82,31.60,0.80,0.79,0.87,BODY
D08E1A1681CD2E20,-5.75,-3.30,32.40,0.49,0.38,0.51,BODY
B6F547F74E075F6A,-0.86,-2.92,30.00,0.55,0.43,0.68,BODY
A88A9BEE15272E50,1.06,-3.11,30.80,0.16,0.32,0.78,BODY
96913387760B74DE,6.21,-3.01,31.60,0.80,0.79,0.87,BODY
205E83A28E9D93BB,-5.46,-2.76,32.40,0.76,0.69,0.88,BODY
96F84AE2611CF0CC,-0.73,-2.90,30.00,0.55,0.45,0.67,BODY
CF01DF03CD2F6D0E,0.97,-2.82,30.80,0.29,0.53,0.94,BODY
74A40FF82BC6C1C4,5.95,-3.13,31.60,0.67,0.75,0.82,BODY
AC7EE13CC6A23C10,-5.59,-2.88,32.40,0.76,0.69,0.88,BODY
5DCBCC5F1E1AE852,-0.95,-2.75,30.00,0.71,0.62,0.81,BODY
5185E2948C79C04D,1.25,-2.92,30.80,0.20,0.43,0.86,BODY
A6B43D9AD6846A1E,6.22,-2.86,31.60,0.62,0.61,0.67,BODY
A503124C80482A0E,-5.75,-2.87,32.40,0.49,0.60,0.87,BODY
FBE23741E7406E99,-1.24,-3.16,30.00,0.22,0.13,0.39,BODY
5D2AE1DAF04E2098,1.28,-2.90,30.80,0.64,0.73,0.93,BODY
2E883F0AF63B355B,5.91,-2.81,31.60,0.87,0.91,0.97,BODY
16C8D2B606F32158,-5.94,-2.81,32.40,0.49,0.60,0.87,BODY
16FC038A57353C70,-0.92,-3.03,30.00,0.43,0.37,0.53,BODY
0FE95E5E225E3254,0.70,-2.60,30.80,0.91,0.95,1.00,BODY
CBBEAA8A12CB4054,6.01,-2.71,31.60,0.80,0.78,0.94,BODY
E570F1F4C4D33DC7,-6.34,-2.61,32.40,0.39,0.60,1.00,BODY
B6E66970A05A0D40,-1.21,-2.51,30.00,0.81,0.70,0.81,BODY
D77AE76579FC8C9F,0.23,-2.58,30.80,0.55,0.54,0.82,BODY
575E57E9E67244C7,5.45,-3.02,31.60,0.58,0.67,0.94,BODY
D968AF325F2C1AE4,-6.85,-3.04,32.40,0.29,0.46,0.81,BODY
F877D6570BA49340,-2.17,-2.48,30.00,0.71,0.75,0.94,BODY
6E8B9FEE3025295B,-0.04,-2.51,30.80,0.87,0.80,0.87,BODY
73B5FFEF9CD4D7F8,1.85,-2.93,31.60,0.27,0.22,0.38,BODY
FFADE36059F94A67,6.48,-2.99,32.40,0.19,0.19,0.26,BODY
3D79C93AB760BD74,-5.94,-2.90,30.00,0.57,0.53,0.74,BODY
E506DD598D902DB3,-0.79,-2.93,30.80,0.64,0.62,0.80,BODY
6BAD40DA281F96A5,0.65,-2.93,31.60,0.80,0.88,0.99,BODY
73C1AEB85AB2C891,5.56,-2.47,32.40,0.75,0.76,0.87,BODY
8E0FC10EFB0CC4E1,-6.68,-2.90,30.00,0.13,0.30,0.58,BODY
CCD867FD207860CF,-1.48,-2.39,30.80,0.87,0.67,0.74,BODY
C8CAA68B324EF4F0,0.32,-2.38,31.60,0.14,0.17,0.27,BODY
225CB1AE93AAF307,4.96,-2.64,32.40,0.29,0.44,0.81,BODY
78C59DF5CCA93E90,-7.15,-2.66,30.00,0.09,0.30,0.65,BODY
D4954F3A9B701238,-5.58,-2.32,30.80,0.54,0.46,0.54,BODY
C832423FC5C0E0F3,-0.93,-2.32,31.60,0.46,0.31,0.51,BODY
21BB1D02676F8B06,0.94,-2.75,32.40,0.19,0.49,0.97,BODY
3E04AA880A359BB9,6.14,-2.48,30.00,0.91,0.89,0.97,BODY
F3246509E6CE85B0,-6.46,-2.81,30.80,0.53,0.73,0.93,BODY
80ADC51903A9A542,-1.77,-2.65,31.60,0.27,0.28,0.56,BODY
79832F259623E3EB,-0.23,-2.31,32.40,0.03,0.05,0.19,BODY
CFB8B22686EB5124,4.65,-2.46,30.00,0.15,0.17,0.32,BODY
22DFD1DD4EA41C50,6.78,-2.85,30.80,0.65,0.59,0.74,BODY
171A8FE49FC74454,-5.38,-2.67,31.60,0.81,0.83,0.94,BODY
6FC8AD7AC30458DE,-0.89,-2.78,32.40,0.48,0.67,0.94,BODY
D85D3B7E58B71FC1,0.87,-2.71,30.00,0.94,0.94,1.00,BODY
FB2BA291DB5E5234,5.47,-2.32,30.80,0.29,0.41,0.68,BODY
04158B495417976E,-6.62,-2.34,31.60,0.48,0.69,0.88,BODY
2BCD0AFD0C8AEF9B,-2.18,-2.43,32.40,0.16,0.20,0.45,BODY
F6B1FDD5FAE8ABFE,-0.57,-2.71,30.00,0.69,0.53,0.67,BODY
0C3ECACD7C6AEE5E,1.13,-2.55,30.80,0.22,0.33,0.52,BODY
1A6A4978675160BB,5.91,-2.61,31.60,0.45,0.67,0.84,BODY
0F12A91D07A51F51,-5.93,-2.26,32.40,0.19,0.35,0.84,BODY
417CC3A51E965CA3,-1.97,-2.29,30.00,0.43,0.53,0.82,BODY
F2D4F35F600B7DED,0.13,-2.21,30.80,0.03,0.13,0.42,BODY
B01D7E79FB2B6977,4.80,-2.49,31.60,0.03,0.05,0.35,BODY
CECDFF2231868D47,6.82,-2.11,32.40,0.60,0.54,0.72,BODY
F623CF6583E196E5,-5.90,-2.24,30.00,0.34,0.46,0.83,BODY
39882884F9B05EEC,-1.17,-2.41,30.80,0.91,0.83,0.94,BODY
C4D7F9364D79F972,0.21,-2.65,31.60,0.80,0.76,0.89,BODY
68581C94FF33FA68,5.25,-2.61,32.40,0.40,0.49,0.75,BODY
CEE4E21701127C77,-7.11,-2.53,30.00,0.21,0.49,0.86,BODY
31BE1A885036EA35,-5.56,-2.04,30.80,0.91,0.73,0.84,BODY
1FE4D20E6BF6A713,-1.09,-2.31,31.60,0.48,0.65,0.87,BODY
A3350D17E489A175,0.75,-2.42,32.40,0.70,0.82,0.98,BODY
5131AAF844593723,5.48,-2.00,30.00,0.87,0.86,0.97,BODY
55BF46546B36E356,-6.94,-2.47,30.80,0.32,0.59,0.97,BODY
F983F36753469F92,-5.14,-2.09,31.60,0.68,0.54,0.61,BODY
F294D9FD0F7DAD2F,-0.71,-2.13,32.40,0.68,0.70,0.94,BODY
8E0D34469BC50525,0.96,-1.96,30.00,0.09,0.36,0.91,BODY
05B3CFD15D099C1E,6.00,-2.28,30.80,0.84,0.86,0.87,BODY
568DA1498EA5991F,-6.50,-2.21,31.60,0.59,0.73,0.96,BODY
4E5190240B159955,-2.21,-2.45,32.40,0.42,0.54,0.84,BODY
DF19A4673A291930,-0.70,-2.49,30.00,0.64,0.62,0.73,BODY
6C852D10C4EEF49A,1.14,-2.39,30.80,0.74,0.78,0.91,BODY
F9092BA9944882C4,6.23,-2.11,31.60,0.50,0.47,0.64,BODY
B7EA25EA3F05AFF5,-6.53,-1.88,32.40,0.91,0.95,1.00,BODY
3B07E18C0DA76525,-1.95,-2.31,30.00,0.32,0.43,0.80,BODY
4FE3A012AC291B77,-0.71,-2.33,30.80,0.45,0.33,0.45,BODY
41ABCC0AC1589D70,1.27,-2.14,31.60,0.74,0.76,0.87,BODY
8C3E5EDB92A9B67F,5.94,-2.25,32.40,0.71,0.67,0.91,BODY
205387874156E95C,-5.90,-2.28,30.00,0.22,0.35,0.65,BODY
50C8CD40C15042AD,-1.75,-2.23,30.80,0.78,0.76,0.97,BODY
4943A614D89FE695,0.08,-1.98,31.60,0.29,0.43,0.74,BODY
24C90384D36797F2,4.64,-1.88,32.40,0.19,0.20,0.34,BODY
FA5623ABFA80EEEE,8.20,-2.32,30.00,0.43,0.47,0.73,BODY
D5AB4384654164EA,-5.59,-2.32,30.80,0.20,0.35,0.81,BODY
EE5AAD1ADAB92CB3,-1.18,-2.11,31.60,0.91,0.80,0.87,BODY
371E318EC3E30104,0.28,-1.93,32.40,0.87,0.88,0.98,BODY
B630313A17D39503,5.41,-1.95,30.00,0.47,0.55,0.74,BODY
AECA05FE7D56E81E,-8.53,-2.12,30.80,0.29,0.35,0.58,BODY
C21BEB795451965F,-4.98,-2.11,31.60,0.32,0.14,0.19,BODY
A18F3043F0D28CFD,-0.88,-1.93,32.40,0.44,0.65,0.91,BODY
D6319F51F830E7D2,0.86,-1.81,30.00,0.74,0.71,0.87,BODY
22FCA9AEAC2EC80B,5.64,-2.22,30.80,0.84,0.76,0.97,BODY
DB4E141756B8CEB0,-6.21,-2.13,31.60,0.06,0.36,0.91,BODY
075FEA51C046931A,-1.79,-1.79,32.40,0.28,0.34,0.59,BODY
76EC36D3C379C37F,-0.12,-1.81,30.00,0.91,0.75,0.71,BODY
B474448A5C2867FB,4.40,-2.08,30.80,0.30,0.33,0.58,BODY
3A7214E11B965665,8.31,-1.71,31.60,0.42,0.54,0.87,BODY
AC0F2DDAEBD80B29,-5.98,-2.02,32.40,0.55,0.57,0.87,BODY
E057A32E5C03A1CE,-1.39,-1.96,30.00,0.87,0.80,0.94,BODY
47C6CD2686B1A2C2,0.45,-1.90,30.80,0.93,0.90,0.99,BODY
0E9927014BF84F3A,5.01,-2.01,31.60,0.64,0.70,0.91,BODY
0CF904A1881E454A,-8.50,-1.68,32.40,0.22,0.36,0.81,BODY
B52649B4DDF347D4,-5.32,-2.05,30.00,0.42,0.50,0.75,BODY
339D7E1C6AB15FEB,-0.53,-1.95,30.80,0.61,0.83,1.00,BODY
A3FC27A9A5ED2B1F,0.96,-1.93,31.60,0.54,0.61,0.87,BODY
9C57966645EFC8BE,5.63,-2.15,32.40,0.91,0.91,0.94,BODY
1BDA4A659D06E1FA,-8.58,-1.87,30.00,0.55,0.51,0.74,BODY
2424199EAA5ABB11,-5.25,-1.68,30.80,0.65,0.52,0.54,BODY
459C0228C4C5895E,-0.54,-2.05,31.60,0.71,0.70,0.91,BODY
F39B0D04A1E7437D,1.24,-2.07,32.40,0.64,0.66,0.78,BODY
A54D278B2231497C,5.38,-1.70,30.00,0.69,0.70,0.76,BODY
C5E4843451046346,-8.68,-1.78,30.80,0.41,0.45,0.75,BODY
A6D541EB4EF5177A,-4.98,-1.98,31.60,0.55,0.45,0.58,BODY
7230E01CFF165FBF,-0.56,-1.81,32.40,0.38,0.56,0.91,BODY
D9795E4E763FAFDB,0.87,-1.93,30.00,0.74,0.78,0.97,BODY
3A75D20F00E4CD36,5.35,-1.84,30.80,0.44,0.58,0.84,BODY
E64CFD41B7D9E6B5,-8.64,-1.97,31.60,0.11,0.38,0.90,BODY
58503F16AE37D983,-5.26,-1.61,32.40,0.34,0.46,0.85,BODY
411E304FAAA94B59,-0.83,-1.95,30.00,0.81,0.81,1.00,BODY
0ABBF9E3CA910815,0.68,-1.98,30.80,0.41,0.55,0.90,BODY
476F6B2E5A8418E6,4.56,-1.84,31.60,0.45,0.41,0.61,BODY
7BAAD034168810FC,8.07,-1.79,32.40,0.32,0.43,0.71,BODY
D5B6703B23A4D86A,-6.06,-1.38,30.00,0.46,0.63,0.90,BODY
B64CFDDF076420EE,-1.53,-1.74,30.80,0.68,0.75,0.94,BODY
BCDCB3BFB3342B58,-0.02,-1.50,31.60,0.60,0.57,0.80,BODY
8C9737BB59C938B2,1.96,-1.67,32.40,0.17,0.20,0.33,BODY
8CFA7ECC4936D5E6,5.42,-1.51,30.00,0.26,0.46,0.78,BODY
F99ACD514AD66DA3,-8.84,-1.33,30.80,0.16,0.46,1.00,BODY
E8F4CBA6AC43B2F7,-5.09,-1.48,31.60,0.30,0.44,0.84,BODY
F35A2CF7600C1399,-0.96,-1.78,32.40,0.85,0.76,0.87,BODY
2B1146FFC21665A6,0.43,-1.63,30.00,0.20,0.38,0.83,BODY
E357FF516C4E8528,2.29,-1.80,30.80,0.35,0.41,0.61,BODY
F8CB451E877CBC10,5.83,-1.72,31.60,0.48,0.36,0.61,BODY
45E6E6EFCF0CB94B,-8.26,-1.67,32.40,0.55,0.54,0.81,BODY
C5BBE33DD00A384B,-5.19,-1.76,30.00,0.54,0.40,0.44,BODY
5EF8C9051FEAE5D6,-1.22,-1.66,30.80,0.87,0.68,0.74,BODY
AE5E036FC2F2E356,0.91,-1.63,31.60,0.09,0.32,0.81,BODY
BB08A53C8CE32010,2.64,-1.27,32.40,0.58,0.60,0.84,BODY
9E79CFB36E50374E,5.52,-1.71,30.00,0.51,0.44,0.54,BODY
4D6F2FE6AC145A14,-8.26,-1.29,30.80,0.19,0.35,0.78,BODY
AD7C04108CA7AC04,-4.96,-1.71,31.60,0.35,0.36,0.61,BODY
29D03466F0D33E73,-1.38,-1.44,32.40,0.64,0.60,0.75,BODY
BFB28FE96EBCBBA0,0.43,-1.33,30.00,0.43,0.62,0.96,BODY
137EC271E611385F,1.92,-1.36,30.80,0.30,0.26,0.42,BODY
699A624C36CA536C,5.37,-1.74,31.60,0.13,0.36,0.74,BODY
A380096E0D1EA4DA,-8.48,-1.49,32.40,0.12,0.40,0.96,BODY
EB19065022EF9D70,-5.38,-1.35,30.00,0.22,0.38,0.81,BODY
951DC6162E5F91B9,-1.16,-1.22,30.80,0.39,0.58,0.88,BODY
9B13735D813D030C,0.18,-1.19,31.60,0.61,0.73,0.94,BODY
D6F2007F1594D30A,2.01,-1.27,32.40,0.84,0.62,0.65,BODY
CF06C52051A909C5,4.76,-1.21,30.00,0.81,0.83,0.97,BODY
E563EFE1A8B395A6,8.68,-1.53,30.80,0.80,0.69,0.80,BODY
6757A4252095452E,-5.66,-1.43,31.60,0.33,0.46,0.83,BODY
11B7DA08A93DE463,-1.66,-1.51,32.40,0.71,0.73,0.97,BODY
7F975EE68AB666F3,-0.33,-1.40,30.00,0.42,0.42,0.67,BODY
612501E99BD5558D,1.87,-1.54,30.80,0.38,0.50,0.74,BODY
14D3F9D367E108E3,4.75,-1.11,31.60,0.85,0.79,0.86,BODY
B01EFDDC9D27ABFF,8.39,-1.36,32.40,0.82,0.74,0.87,BODY
D1AFDC13C280458A,-5.91,-1.27,30.00,0.48,0.62,0.89,BODY
D34028E9121AFADA,-2.10,-1.14,30.80,0.54,0.61,0.88,BODY
B64DE413BCFDD398,-0.39,-1.35,31.60,0.41,0.38,0.46,BODY
3E9C0A3D4D060C56,1.35,-1.42,32.40,0.46,0.43,0.56,BODY
6AC9790884743511,2.70,-1.62,30.00,0.43,0.36,0.54,BODY
7CD777B711C488FB,7.47,-1.21,30.80,0.35,0.43,0.74,BODY
CF836971862A7F2B,-8.37,-1.37,31.60,0.32,0.39,0.75,BODY
103CB0B3B52DC243,-4.99,-1.07,32.40,0.48,0.43,0.55,BODY
238CF4115FF859C9,-1.25,-1.21,30.00,0.00,0.20,0.52,BODY
9ACF0D099023BDA3,0.52,-1.33,30.80,0.09,0.29,0.78,BODY
A6F441E4BE138602,1.93,-1.29,31.60,0.09,0.08,0.35,BODY
E5CAFF3AC794F9E5,4.65,-1.52,32.40,0.97,0.89,0.94,BODY
DE65EF0797578429,8.21,-1.34,30.00,0.74,0.69,0.90,BODY
620FA3ADCA7E7484,-5.51,-1.24,30.80,0.16,0.27,0.68,BODY
BFD6232338A068DD,-2.22,-1.35,31.60,0.58,0.67,0.97,BODY
A1ED33FB24EB0E03,-0.57,-1.28,32.40,0.55,0.70,0.96,BODY
034EA6B92C7D3E8D,1.31,-1.53,30.00,0.16,0.11,0.32,BODY
B852B1E9A989E882,3.81,-1.41,30.80,0.18,0.18,0.20,BODY
81B12D9197C6AE6E,5.28,-1.22,31.60,0.29,0.32,0.55,BODY
AE6F6CC4E5F7CB43,-8.54,-1.02,32.40,0.29,0.49,0.97,BODY
AF41E139EB3C61CE,-4.66,-1.32,30.00,0.56,0.49,0.60,BODY
EBF3AE72605D3B2A,-2.21,-1.02,30.80,0.55,0.62,0.94,BODY
9FFBA5DA44CA07C0,-0.39,-1.37,31.60,0.73,0.84,0.98,BODY
DB8F440A254E64E6,1.16,-1.48,32.40,0.48,0.44,0.63,BODY
82071CA24DF1A8B6,3.40,-1.44,30.00,0.12,0.14,0.28,BODY
FBBBEFB10E315FE7,5.21,-1.37,30.80,0.58,0.60,0.74,BODY
C7F05E09397FE9CA,-8.41,-1.14,31.60,0.29,0.49,0.97,BODY
19ED2A3F878497FF,-4.78,-1.36,32.40,0.71,0.71,0.91,BODY
91A00B19A9090202,-2.22,-1.21,30.00,0.28,0.38,0.71,BODY
5FD397D17E8B4506,-0.49,-1.14,30.80,0.87,0.83,0.94,BODY
76EC531DC12857B1,1.02,-1.24,31.60,0.09,0.06,0.29,BODY
96E6DB8ACD74FA4B,3.09,-1.32,32.40,0.61,0.56,0.74,BODY
FF540354D9CE3934,4.87,-0.90,30.00,0.36,0.51,0.72,BODY
D192A70F7EF2A814,-8.58,-0.86,30.80,0.21,0.46,0.96,BODY
6CDA4B5B5929F10B,-4.72,-1.12,31.60,0.71,0.71,0.91,BODY
EB07461A898D13E1,-2.35,-1.13,32.40,0.58,0.64,0.94,BODY
E0673BF097A2EE55,-0.52,-1.21,30.00,0.71,0.60,0.68,BODY
ED3EB02366C1B7A1,1.05,-0.80,30.80,0.35,0.37,0.50,BODY
36449940CDC543F3,3.00,-0.91,31.60,0.58,0.49,0.61,BODY
C0C8A603F978EEF7,5.24,-1.03,32.40,0.50,0.60,0.80,BODY
DDFFF895F45CBD4D,-8.44,-0.84,30.00,0.22,0.46,0.97,BODY
2815B00861218729,-5.08,-0.90,30.80,0.58,0.70,1.00,BODY
483234CDD6385BED,-3.45,-0.83,31.60,0.26,0.28,0.47,BODY
4DA45967ABCCC1DF,-1.29,-1.12,32.40,0.50,0.59,0.84,BODY
9F6DE177ED543F76,0.07,-1.28,30.00,0.06,0.35,0.68,BODY
145B64F3B0340E73,2.35,-1.20,30.80,0.71,0.80,0.94,BODY
DBCDF8AF81ABCC4A,3.99,-0.91,31.60,0.71,0.75,0.87,BODY
33682FCF95FA6D42,7.35,-0.98,32.40,0.29,0.40,0.82,BODY
C199270A35101BA1,-8.04,-1.19,30.00,0.42,0.35,0.48,BODY
9D2E8BB66711A81C,-4.32,-0.80,30.80,0.61,0.64,0.89,BODY
D93C485B56350563,-2.34,-1.14,31.60,0.22,0.26,0.57,BODY
9A1AFCB59A764E0B,-0.67,-0.95,32.40,0.64,0.61,0.74,BODY
644D54ECB2DA417D,1.41,-1.03,30.00,0.09,0.16,0.41,BODY
34CDF2B76F7DC3A8,2.78,-1.24,30.80,0.61,0.47,0.65,BODY
5B27B27BD170670E,4.37,-0.94,31.60,0.67,0.78,0.93,BODY
0B78A834EFEC9206,7.96,-1.27,32.40,0.26,0.38,0.55,BODY
A0CF06CC88EEC393,-7.42,-0.91,30.00,0.78,0.59,0.65,BODY
219144EF7877DCAE,-4.00,-0.70,30.80,0.84,0.84,1.00,BODY
BB296D1451B3BC60,-2.51,-0.86,31.60,0.44,0.55,0.82,BODY
853805FED5785DE4,-0.86,-0.68,32.40,0.32,0.51,0.81,BODY
39370A43CB09B7EB,1.17,-1.21,30.00,0.17,0.20,0.29,BODY
9BCD3A79681C0DB8,3.01,-0.93,30.80,0.48,0.38,0.54,BODY
A4C4FD55BCBEBEFD,4.77,-0.96,31.60,0.67,0.69,0.83,BODY
0933D48B8D2F33F6,7.31,-0.86,32.40,0.44,0.52,0.86,BODY
F47479C3B5CBDD59,-8.31,-1.13,30.00,0.19,0.27,0.65,BODY
BCF5F6B6A76B26B0,-4.72,-1.09,30.80,0.65,0.73,1.00,BODY
1DA41A93768DFD01,-3.02,-0.79,31.60,0.16,0.17,0.33,BODY
4C3A73AEE571E38A,-1.73,-0.74,32.40,0.21,0.39,0.68,BODY
55A5D03FE552D6C6,-0.04,-0.84,30.00,0.24,0.34,0.58,BODY
31D3ECDD2336111C,2.45,-0.71,30.80,0.16,0.17,0.48,BODY
8005F3287C948D0B,4.20,-1.02,31.60,0.71,0.80,0.93,BODY
D65FB1BF8E8627A5,6.66,-0.95,32.40,0.17,0.16,0.27,BODY
BC203FD55839D190,8.83,-0.96,30.00,0.05,0.05,0.09,BODY
CBD16F8FDCAA049B,-7.07,-1.10,30.80,0.21,0.23,0.42,BODY
90FB93EBDD990C42,-4.57,-0.73,31.60,0.40,0.54,0.89,BODY
27D7CB0CA13BC4B3,-2.71,-0.62,32.40,0.29,0.48,0.86,BODY
B41AFB2A9B9285DE,-0.84,-1.00,30.00,0.65,0.71,0.97,BODY
1198177C273EED76,0.70,-1.13,30.80,0.32,0.20,0.29,BODY
78008C4DA09A1BC5,2.53,-0.78,31.60,0.33,0.38,0.63,BODY
4A245BAD939B14AC,3.96,-0.92,32.40,0.39,0.56,0.81,BODY
8B7FE004B0AF5C73,6.58,-1.06,30.00,0.17,0.16,0.27,BODY
4AAFA2DB689C64CA,8.39,-0.72,30.80,0.55,0.53,0.69,BODY
D0C5950FCF1F5BF4,-8.27,-0.87,31.60,0.22,0.46,0.94,BODY
DD1582B07504F8F2,-6.27,-0.74,32.40,0.39,0.36,0.65,BODY
0ACAD13337879EB6,-4.45,-1.03,30.00,0.63,0.77,0.95,BODY
FD40ABA69B76A788,-2.47,-1.07,30.80,0.34,0.36,0.69,BODY
051DF55BB0D84FB9,-0.66,-0.57,31.60,0.61,0.67,0.87,BODY
C6077F3B1A23BE97,0.75,-0.59,32.40,0.09,0.08,0.22,BODY
C72A83991B9C8F0F,2.69,-0.81,30.00,0.81,0.76,0.84,BODY
4AEB1264C8DCF1F5,4.34,-1.04,30.80,0.42,0.57,0.91,BODY
0FA0F6FADA351C63,6.28,-0.84,31.60,0.39,0.40,0.58,BODY
DCED4D45D78B2323,8.60,-1.05,32.40,0.34,0.39,0.57,BODY
EF5AC2314027F70F,-9.71,-0.77,30.00,0.22,0.25,0.54,BODY
7C65027CABC4464C,-7.79,-1.01,30.80,0.51,0.46,0.67,BODY
52236BB69BFC91FA,-5.69,-0.62,31.60,0.38,0.37,0.55,BODY
0343E7403174D7F1,-4.42,-0.76,32.40,0.57,0.59,0.78,BODY
58C4A8CA96D1CDFB,-2.35,-0.80,30.00,0.45,0.46,0.81,BODY
AA04012B561A48AE,-0.91,-1.01,30.80,0.37,0.51,0.80,BODY
53C9ECE8DA847B87,0.71,-0.66,31.60,0.09,0.08,0.22,BODY
40B09695D4E556F4,2.38,-0.81,32.40,0.29,0.29,0.41,BODY
5C37F6DE828C425E,4.12,-0.75,30.00,0.91,0.92,0.97,BODY
F94431A0AD1E53E9,6.19,-0.77,30.80,0.16,0.14,0.35,BODY
E9147170739F67B8,7.91,-1.03,31.60,0.91,0.89,0.87,BODY
15E5BE0C77E17DD0,9.47,-0.86,32.40,0.24,0.24,0.38,BODY
05EEEDDDE0E422B1,-9.21,-0.53,30.00,0.13,0.14,0.48,BODY
878280CA35A1EEBA,-7.53,-0.91,30.80,0.18,0.25,0.60,BODY
1F9A861CA724A18B,-5.69,-0.72,31.60,0.38,0.37,0.55,BODY
B919278C5E226525,-3.91,-0.91,32.40,0.72,0.73,0.89,BODY
5CF187657BB71758,-2.67,-0.59,30.00,0.34,0.36,0.69,BODY
5DD4B19BB3DA43A3,-0.98,-0.81,30.80,0.27,0.42,0.72,BODY
6D72A146B2E4F690,1.17,-0.67,31.60,0.42,0.40,0.61,BODY
97BDF6F54628A6A2,2.56,-0.47,32.40,0.29,0.29,0.41,BODY
A4653984724FBD4E,4.56,-0.43,30.00,0.74,0.80,0.95,BODY
9031A744027ACC22,5.89,-0.94,30.80,0.16,0.14,0.35,BODY
D04A8C5767C34CDC,7.66,-0.94,31.60,0.91,0.89,0.87,BODY
6DBA5C2784322D68,9.27,-0.60,32.40,0.26,0.30,0.45,BODY
4953585BD4052296,-9.68,-0.89,30.00,0.34,0.36,0.63,BODY
A2E0CA0E68A26FB4,-7.78,-0.83,30.80,0.35,0.30,0.53,BODY
D8A7963EEEBC2673,-5.90,-0.84,31.60,0.55,0.53,0.78,BODY
C0EA85CC0EFDC476,-4.48,-0.88,32.40,0.63,0.77,0.95,BODY
C8E022C02E991E09,-2.32,-0.50,30.00,0.13,0.17,0.45,BODY
9C52D27B07FD4A39,-0.65,-0.46,30.80,0.48,0.54,0.72,BODY
7B6FEAE24FA610B8,0.96,-0.84,31.60,0.35,0.32,0.58,BODY
4316A3FE07681BBF,2.60,-0.78,32.40,0.09,0.09,0.09,BODY
9A99C0AD09F1FA2B,4.40,-0.85,30.00,0.55,0.60,0.94,BODY
DC2809C178CDD2E1,5.89,-0.64,30.80,0.61,0.62,0.71,BODY
BE17D27B2111C098,7.65,-0.69,31.60,0.35,0.51,0.81,BODY
ACB0419A61202A82,9.25,-0.63,32.40,0.18,0.15,0.24,BODY
BBFC8AC67253216A,-9.82,-0.82,30.00,0.16,0.24,0.58,BODY
75ECC1C14B6A9FE1,-8.28,-0.59,30.80,0.45,0.49,0.75,BODY
88F054886EDABE64,-6.44,-0.57,31.60,0.29,0.33,0.68,BODY
93C7CB12910DB28B,-4.68,-0.67,32.40,0.67,0.76,0.98,BODY
F958C76779C253F8,-3.25,-0.48,30.00,0.35,0.35,0.52,BODY
A7761CD639523AB0,-1.41,-0.37,30.80,0.65,0.64,0.81,BODY
13D3F54A419C60BF,0.15,-0.52,31.60,0.29,0.14,0.19,BODY
54EFF5C62724562A,1.91,-0.46,32.40,0.42,0.39,0.51,BODY
61197AB1420AA83D,3.75,-0.51,30.00,0.48,0.55,0.72,BODY
820BAF1581E7796C,5.25,-0.31,30.80,0.58,0.73,0.87,BODY
0F5E9BBF7AEA61EF,7.17,-0.62,31.60,0.29,0.22,0.45,BODY
1A9CB47FF246E6AC,8.41,-0.43,32.40,0.26,0.35,0.71,BODY
9CC89D52E19D426A,10.53,-0.65,30.00,0.26,0.27,0.42,BODY
861E4BE8CCEE635A,-9.73,-0.42,30.80,0.38,0.45,0.75,BODY
6EA7061C522E42E4,-8.07,-0.67,31.60,0.48,0.59,0.88,BODY
4C7B596797025195,-6.48,-0.49,32.40,0.65,0.62,0.84,BODY
D3FB2FD85718129E,-4.66,-0.56,30.00,0.65,0.78,0.97,BODY
EFF87A0CB19B6AA6,-2.92,-0.59,30.80,0.84,0.85,0.93,BODY
23076E06D961E50D,-1.21,-0.84,31.60,0.67,0.68,0.76,BODY
F3F3CBBBD308F3CF,0.41,-0.64,32.40,0.40,0.36,0.51,BODY
141D9D61C33B88A5,1.96,-0.80,30.00,0.13,0.11,0.22,BODY
4A2CDDFCD64FFDBF,3.77,-0.66,30.80,0.35,0.44,0.71,BODY
A5FB9F7218B74A3D,5.82,-0.58,31.60,0.74,0.82,0.89,BODY
6A428160CB6B1FA2,7.10,-0.82,32.40,0.61,0.59,0.71,BODY
0F9837985A990546,9.04,-0.26,30.00,0.62,0.65,0.84,BODY
FE4EF1D1265BDC36,10.36,-0.28,30.80,0.25,0.25,0.40,BODY
612BA99462FF9AA6,-9.87,-0.34,31.60,0.58,0.68,0.97,BODY
A3662D2A4E69EB7C,-7.88,-0.28,32.40,0.28,0.44,0.83,BODY
44C41D8A4998877C,-6.07,-0.54,30.00,0.65,0.62,0.84,BODY
FC9A417701212F7E,-4.88,-0.78,30.80,0.61,0.71,0.94,BODY
A52A5DE5850CBB87,-2.97,-0.71,31.60,0.91,0.92,0.97,BODY
FBB21D94B609809F,-1.29,-0.21,32.40,0.83,0.85,0.96,BODY
CF25ACF64A25C7C7,0.20,-0.41,30.00,0.63,0.64,0.75,BODY
CE040FC741AED310,2.31,-0.70,30.80,0.32,0.32,0.44,BODY
C7F7E3839E2259FD,4.08,-0.76,31.60,0.35,0.44,0.71,BODY
FC7BB95083170131,5.50,-0.64,32.40,0.84,0.94,1.00,BODY
3EACE1F386813983,7.23,-0.76,30.00,0.61,0.59,0.71,BODY
CD8561D717C017C3,8.67,-0.28,30.80,0.74,0.80,0.97,BODY
4B379A40A7D34173,10.64,-0.66,31.60,0.40,0.40,0.58,BODY
80B9F05DAA9DAE83,-9.78,-0.28,32.40,0.48,0.60,0.91,BODY
C2AE34BEE2899099,-8.30,-0.40,30.00,0.78,0.81,0.97,BODY
DB3190096FF29DEC,-6.71,-0.72,30.80,0.94,0.92,0.97,BODY
6904C6B6D9746B6B,-4.78,-0.18,31.60,0.67,0.76,0.98,BODY
6A317CDB8B54BD9E,-2.91,-0.50,32.40,0.87,0.87,1.00,BODY
2DE1EF2EC7F8CD7C,-1.35,-0.56,30.00,0.91,0.92,1.00,BODY
68C236D785579223,0.18,-0.72,30.80,0.59,0.56,0.64,BODY
15A68E1EEDB22A5C,1.91,-0.25,31.60,0.81,0.86,0.97,BODY
E936108C57127F05,3.26,-0.61,32.40,0.68,0.73,0.84,BODY
83EFD270639A0BFA,5.05,-0.19,30.00,0.58,0.73,0.87,BODY
243A5E1C22727864,6.97,-0.52,30.80,0.81,0.80,0.91,BODY
3D32B0674ED5117B,8.81,-0.42,31.60,0.60,0.65,0.88,BODY
688864467BB30696,10.13,-0.63,32.40,0.54,0.52,0.70,BODY
26DFFF9B4CE777A1,-10.75,-0.30,30.00,0.48,0.59,0.91,BODY
5AA36194991C36B3,-9.01,-0.17,30.80,0.61,0.75,0.94,BODY
13EB055224E33271,-6.86,-0.38,31.60,0.84,0.84,1.00,BODY
00AEB5390765135F,-5.44,-0.14,32.40,0.78,0.81,0.91,BODY
5825AD4C54D08B1D,-3.76,-0.46,30.00,0.61,0.65,0.87,BODY
625C69821C40A0C9,-2.03,-0.15,30.80,0.91,0.94,1.00,BODY
4AF89F0A356537E1,-0.25,-0.58,31.60,0.91,0.83,0.87,BODY
C48630CFAEEDD287,1.30,-0.68,32.40,0.65,0.78,0.96,BODY
AB9427FF4C301CB5,2.86,-0.44,30.00,0.74,0.81,0.84,BODY
C7993F28C854669F,4.97,-0.22,30.80,0.61,0.71,0.78,BODY
9D5171785567BDAA,6.75,-0.69,31.60,0.74,0.87,0.97,BODY
CE338DAEFEA37F47,8.17,-0.63,32.40,0.51,0.64,0.75,BODY
1CA90CA54C267FC5,9.54,-0.60,30.00,0.58,0.67,0.82,BODY
573C4E305E85F1B0,-11.40,-0.25,30.80,0.03,0.16,0.48,BODY
B0D6786677EA0F0F,-9.57,-0.10,31.60,0.47,0.59,0.78,BODY
BD92CC74BCC61F39,-7.75,-0.14,32.40,0.53,0.65,0.83,BODY
31A08D0602F0AE3E,-5.96,-0.17,30.00,0.57,0.57,0.73,BODY
404D46D21E868719,-4.59,-0.29,30.80,0.51,0.63,0.85,BODY
77DD826311692A9A,-2.62,-0.45,31.60,0.74,0.76,0.93,BODY
E8435D711B340DA4,-0.74,-0.43,32.40,0.86,0.89,0.98,BODY
6511BE494311D43D,0.76,-0.16,30.00,0.74,0.81,0.97,BODY
374697095658CFFF,2.15,-0.64,30.80,0.34,0.47,0.54,BODY
E990422575524295,4.39,-0.18,31.60,0.41,0.48,0.60,BODY
61D146DF42CAF7C1,5.83,-0.44,32.40,0.39,0.60,0.65,BODY
A3A3EA9980739357,7.58,-0.30,30.00,0.52,0.62,0.68,BODY
6C6A96B803EFB9B4,9.41,-0.29,30.80,0.45,0.59,0.71,BODY
BEF88B3B0C033873,11.00,-0.19,31.60,0.53,0.52,0.60,BODY
92A8D992355FB9C8,-10.28,-0.44,32.40,0.16,0.30,0.48,BODY
73296C900FA98691,-8.62,-0.23,30.00,0.32,0.38,0.58,BODY
D1E9478C199AC9B3,-6.93,-0.42,30.80,0.48,0.44,0.65,BODY
035A03BEDAA1BE7A,-4.82,0.00,31.60,0.26,0.33,0.58,BODY
B419D504C87497A7,-3.27,-0.58,32.40,0.76,0.75,0.88,BODY
5C449B9AD899572A,-1.66,-0.47,30.00,0.77,0.80,0.97,BODY
C5665E1F694CD46F,-0.21,-0.38,30.80,0.13,0.22,0.48,BODY
A5E36AE67646F95E,1.67,-0.05,31.60,0.45,0.62,0.91,BODY
18420C433B9EEEC8,3.38,-0.27,32.40,0.45,0.53,0.55,BODY
D00F35E1D54838CB,5.01,-0.24,30.00,0.32,0.46,0.65,BODY
2CD250A536F1D5BB,6.58,-0.55,30.80,0.56,0.70,0.86,BODY
CD3AE8D8217AB425,8.25,-0.16,31.60,0.42,0.60,0.71,BODY
2D8DC0374E407CB9,10.06,-0.35,32.40,0.55,0.65,0.78,BODY
84E6EB74E3803F33,-10.76,0.05,30.00,0.32,0.49,0.74,BODY
922169543723A746,-9.27,-0.27,30.80,0.34,0.45,0.65,BODY
F13635858FE0F853,-7.64,-0.25,31.60,0.22,0.30,0.52,BODY
C5E641184C96072C,-6.18,-0.38,32.40,0.55,0.56,0.69,BODY
C69297E565C11740,-3.93,-0.22,30.00,0.49,0.58,0.83,BODY
0EF8160335E10F51,-2.65,-0.47,30.80,0.80,0.82,0.96,BODY
44B3B557AADDF578,-0.73,-0.37,31.60,0.65,0.67,0.80,BODY
C462A58B4CE30265,0.73,-0.30,32.40,0.62,0.73,0.93,BODY
E2975C7587DFDE21,2.46,0.00,30.00,0.46,0.59,0.65,BODY
6FEF5A5686F0C8D3,4.18,-0.21,30.80,0.65,0.71,0.81,BODY
A0D00A31A26AB404,5.71,-0.37,31.60,0.65,0.83,0.91,BODY
7FEEA121FE2AB188,7.85,-0.28,32.40,0.68,0.76,0.84,BODY
600073575E2B0488,9.61,-0.17,30.00,0.68,0.78,0.91,BODY
AE2C02AB5406F75A,11.19,-0.37,30.80,0.81,0.80,0.81,BODY
70E9940D3E6ACB37,-9.96,-0.12,31.60,0.58,0.68,0.94,BODY
83B30C4BA36C65EF,-8.10,-0.30,32.40,0.68,0.73,0.94,BODY
3106661BDE627D68,-6.93,-0.13,30.00,0.65,0.68,0.81,BODY
7AB78C8C63F1C063,-5.23,-0.09,30.80,0.78,0.83,0.94,BODY
04268BB2FEEA7D39,-3.02,0.05,31.60,0.65,0.65,0.81,BODY
4F45E1FE3126FA61,-1.46,0.03,32.40,0.71,0.75,0.97,BODY
DC2D846098446ED4,0.27,-0.21,30.00,0.42,0.44,0.68,BODY
51DCCA81160B6B62,1.75,-0.03,30.80,0.43,0.59,0.84,BODY
EAD8A5EE3C5D5F8B,3.77,-0.43,31.60,0.81,0.84,0.94,BODY
A46D2B71A92C3815,5.42,0.02,32.40,0.81,0.91,0.97,BODY
E891B1010822CE32,6.99,-0.50,30.00,0.51,0.53,0.76,BODY
85B0B02C99A63771,8.40,-0.30,30.80,0.87,0.92,0.97,BODY
8152D9CCB530B871,10.43,-0.34,31.60,0.87,0.91,0.98,BODY
33559D71A4A02FCB,-10.89,-0.25,32.40,0.65,0.81,0.97,BODY
14F9979F8BE3B003,-8.87,-0.18,30.00,0.54,0.64,0.90,BODY
4FDE98FF9D3B162E,-7.37,-0.39,30.80,0.47,0.51,0.69,BODY
5932DD03CB58D638,-5.96,-0.34,31.60,0.62,0.64,0.82,BODY
C7CC901BCF2C76BD,-3.74,-0.09,32.40,0.20,0.31,0.59,BODY
59166DCEBC1BF048,-2.56,-0.04,30.00,0.63,0.67,0.86,BODY
C948463739D9DF88,-0.45,-0.16,30.80,0.30,0.40,0.59,BODY
98F5E9D6010EB925,1.17,-0.40,31.60,0.61,0.71,0.97,BODY
6E73B52A2608A7BA,2.86,-0.07,32.40,0.40,0.44,0.50,BODY
15F18EC51E86D80D,4.27,0.08,30.00,0.78,0.85,0.95,BODY
BFC5279D8D151B80,6.06,0.11,30.80,0.48,0.64,0.76,BODY
34D11DCCD21CA258,8.04,-0.17,31.60,0.81,0.91,0.97,BODY
4D2A4942A9AEC4EF,9.55,0.07,32.40,0.77,0.83,0.95,BODY
1F2664BCF1209B2F,10.98,-0.32,30.00,0.84,0.80,0.97,BODY
C7B5CA8C9B043158,-9.97,-0.35,30.80,0.48,0.53,0.84,BODY
802BD888641047C1,-8.30,-0.14,31.60,0.51,0.62,0.88,BODY
16178FA759FAE744,-6.44,0.00,32.40,0.26,0.25,0.42,BODY
F8364D56D2F788E7,-4.82,-0.39,30.00,0.37,0.42,0.65,BODY
1F006725B676547B,-2.73,0.12,30.80,0.28,0.31,0.44,BODY
E4458254D0EEA522,-1.42,-0.08,31.60,0.59,0.65,0.84,BODY
2B8DC6E979968700,0.47,-0.13,32.40,0.09,0.19,0.42,BODY
6AE4A3F811233259,1.84,0.01,30.00,0.40,0.57,0.72,BODY
E62DCBCAE2D1C084,4.04,0.11,30.80,0.82,0.86,0.94,BODY
513E76556E91E4DE,5.36,0.14,31.60,0.52,0.64,0.80,BODY
D358F71A4E848F70,6.87,0.01,32.40,0.54,0.60,0.84,BODY
D9F1456627CE4148,8.68,-0.01,30.00,0.67,0.76,0.95,BODY
42814356868E94B7,10.61,0.17,30.80,0.91,0.93,0.98,BODY
DF0F4FFC0E0F14EA,-10.56,0.24,31.60,0.56,0.64,0.91,BODY
E477F4BB0E7B5C5C,-8.50,0.17,32.40,0.32,0.43,0.78,BODY
B72AA04B56038C50,-7.16,0.10,30.00,0.13,0.11,0.29,BODY
C2C0DF15454958A8,-5.18,-0.25,30.80,0.61,0.67,0.83,BODY
9B35FBA91D0E8614,-3.39,-0.28,31.60,0.51,0.58,0.82,BODY
48C06D686D1C1D80,-2.13,0.00,32.40,0.51,0.59,0.75,BODY
46E32B9C009CD0D7,-0.09,-0.11,30.00,0.35,0.30,0.42,BODY
E047F9B139D282C2,1.56,0.07,30.80,0.13,0.33,0.55,BODY
035CE95F4164008E,3.34,0.10,31.60,0.63,0.65,0.77,BODY
D795D9D1127E2E12,5.15,0.10,32.40,0.61,0.73,0.93,BODY
9F5FD6D5346E92AF,6.84,-0.22,30.00,0.13,0.25,0.29,BODY
FA6FCC6E704DCDA2,8.25,-0.28,30.80,0.67,0.75,0.93,BODY
6F4BA33BFD8C1996,10.17,0.23,31.60,0.68,0.75,0.91,BODY
95DD3023614F1778,-10.69,-0.05,32.40,0.65,0.83,1.00,BODY
6294900F0EFF114F,-8.84,-0.17,30.00,0.47,0.53,0.83,BODY
8982C9C8A2C1980F,-7.68,0.15,30.80,0.19,0.17,0.55,BODY
E5C53EA32FFE03F0,-5.57,-0.07,31.60,0.52,0.53,0.61,BODY
E8062DB2B607B91A,-3.83,0.27,32.40,0.48,0.59,0.84,BODY
18A2BDFA95B13A93,-2.43,0.03,30.00,0.58,0.56,0.71,BODY
78BB2A3481D16B21,-0.84,0.30,30.80,0.22,0.25,0.48,BODY
87C9D0AFBD32AB29,1.23,0.08,31.60,0.16,0.24,0.45,BODY
6D7C70D210C533B5,2.49,-0.15,32.40,0.63,0.66,0.78,BODY
1130FA47D1AF41B1,4.31,0.11,30.00,0.67,0.71,0.96,BODY
367B5CDC896CB89D,5.85,0.28,30.80,0.43,0.49,0.72,BODY
7B09DE711A1C0B98,7.50,0.20,31.60,0.68,0.75,0.97,BODY
B5053CC0C0775EED,9.68,0.13,32.40,0.78,0.86,0.97,BODY
10962C7ADC6FC823,-10.89,0.20,30.00,0.58,0.76,0.97,BODY
44FEFD92FD1D23B6,-9.05,-0.02,30.80,0.72,0.74,0.96,BODY
35CBC53C948892CB,-7.33,0.17,31.60,0.64,0.69,0.91,BODY
3DF0252FA183DFA4,-6.25,-0.04,32.40,0.32,0.33,0.53,BODY
51BE051EFE844578,-4.02,-0.13,30.00,0.53,0.54,0.82,BODY
D5C0188B9A815484,-2.42,-0.16,30.80,0.59,0.52,0.65,BODY
841E00A1E0298A23,-1.09,-0.06,31.60,0.70,0.73,0.80,BODY
AB1294B12B7B9C92,0.71,0.23,32.40,0.33,0.38,0.58,BODY
6C04C0E91DEDEB01,2.82,0.04,30.00,0.68,0.76,0.87,BODY
5AECE930532E7502,4.00,-0.04,30.80,0.58,0.65,0.97,BODY
8BA1FD19E9CC7290,5.79,0.34,31.60,0.58,0.59,0.71,BODY
7F363546738D1627,7.60,-0.12,32.40,0.74,0.73,0.91,BODY
7A9B4053D4E71318,9.49,0.15,30.00,0.57,0.65,0.87,BODY
8AE10AF98F4C125E,10.77,0.14,30.80,0.47,0.50,0.57,BODY
67293BF57B593595,-9.44,0.34,31.60,0.81,0.83,1.00,BODY
1349C6B2AAD1E7B4,-7.83,-0.16,32.40,0.78,0.83,1.00,BODY
C85A3C64D8221C3E,-6.23,0.36,30.00,0.32,0.33,0.53,BODY
E59C27CF06B07490,-4.15,0.18,30.80,0.37,0.40,0.70,BODY
634786465AABC763,-2.45,0.34,31.60,0.47,0.41,0.54,BODY
5DFB5B199185B175,-1.02,0.36,32.40,0.70,0.73,0.80,BODY
B294A07746185044,0.77,-0.11,30.00,0.54,0.60,0.77,BODY
8AC0C975581DE583,2.43,0.25,30.80,0.68,0.76,0.87,BODY
8E5A79BB69ABAC37,3.95,0.35,31.60,0.63,0.69,0.98,BODY
CB5B78672AFA6678,5.66,-0.18,32.40,0.78,0.76,0.87,BODY
3AD7BB84634B202A,7.57,0.38,30.00,0.74,0.73,0.91,BODY
17C08D1D5EE86982,9.40,0.16,30.80,0.65,0.76,0.93,BODY
4AC5D5F880C98041,-10.74,0.07,31.60,0.39,0.46,0.65,BODY
62E262DC8EDDD122,-8.81,0.28,32.40,0.68,0.73,0.97,BODY
646DC9A44F8F8EF6,-7.25,0.04,30.00,0.68,0.68,0.97,BODY
9C520B6125791522,-5.73,0.32,30.80,0.52,0.53,0.61,BODY
3916F5177E1E28D5,-3.69,0.08,31.60,0.45,0.49,0.80,BODY
3724D3584E9EF77A,-2.17,0.44,32.40,0.58,0.56,0.71,BODY
6908A90E9213CC09,-0.74,0.02,30.00,0.42,0.49,0.76,BODY
A449CCFC7836B7A0,1.40,-0.15,30.80,0.55,0.61,0.80,BODY
774C63B64AC7B8ED,2.63,-0.10,31.60,0.50,0.55,0.73,BODY
0F57272AB48D2CC1,4.36,0.07,32.40,0.58,0.67,0.94,BODY
18A57B5A3802F373,6.25,-0.13,30.00,0.48,0.57,0.78,BODY
464D740F494E95FE,7.61,-0.09,30.80,0.26,0.36,0.65,BODY
D3B9942BCAEB7D32,9.83,0.15,31.60,0.57,0.65,0.85,BODY
9560846E9DF56E05,-9.63,0.18,32.40,0.68,0.71,0.97,BODY
AFF8CFCFE8E8AADC,-7.99,0.01,30.00,0.60,0.60,0.85,BODY
C76A0B59570A5FF9,-6.60,0.32,30.80,0.67,0.62,0.82,BODY
2A9C23AFBF8755A3,-4.73,0.07,31.60,0.87,0.86,1.00,BODY
99E926190244893A,-3.08,0.13,32.40,0.56,0.60,0.75,BODY
E53C6DF3260C8B41,-1.56,0.02,30.00,0.78,0.82,0.87,BODY
EC890BBCEB7E6D5E,0.40,-0.03,30.80,0.13,0.44,0.87,BODY
FA4A3B57C9AA5C1A,2.05,0.14,31.60,0.15,0.20,0.42,BODY
037F669DE60F6543,3.53,0.16,32.40,0.38,0.44,0.67,BODY
E6F017E72E5A9945,5.11,0.46,30.00,0.55,0.54,0.74,BODY
D84DEF74A2996E91,7.10,0.44,30.80,0.43,0.42,0.70,BODY
34713B7A62EDC0C7,8.96,0.41,31.60,0.68,0.62,0.71,BODY
5598FAED78EA3C60,-10.34,0.01,32.40,0.59,0.59,0.77,BODY
C8EACF878ED4EEC6,-8.69,0.35,30.00,0.59,0.59,0.81,BODY
C2BFCD54105EB5D1,-7.03,0.20,30.80,0.38,0.38,0.69,BODY
C88FE30672299062,-4.83,0.01,31.60,0.43,0.52,0.89,BODY
E3EF72C27E7B10D4,-3.62,0.24,32.40,0.40,0.45,0.70,BODY
C6F46E7C7251444E,-1.65,0.03,30.00,0.43,0.44,0.73,BODY
B291494D74F677C1,-0.26,0.39,30.80,0.49,0.46,0.68,BODY
F8936A0B17A4EF73,1.82,0.37,31.60,0.26,0.30,0.58,BODY
C057297BFC668AE7,3.39,-0.05,32.40,0.09,0.16,0.48,BODY
8E3E8C6020290ABE,5.21,0.15,30.00,0.22,0.22,0.46,BODY
3DDD6DB4431C4208,6.68,0.16,30.80,0.25,0.30,0.59,BODY
748C49EA81F39545,8.72,0.40,31.60,0.55,0.47,0.74,BODY
6DD9818CAC3DF879,-9.96,0.49,32.40,0.59,0.59,0.77,BODY
A55A9291469E4E41,-8.49,0.32,30.00,0.34,0.37,0.67,BODY
4F154C41BCA41131,-6.64,0.29,30.80,0.61,0.62,0.91,BODY
A26BB98CEEBB9CE7,-5.00,0.26,31.60,0.45,0.42,0.62,BODY
10CF3387600CA422,-3.55,0.33,32.40,0.03,0.08,0.35,BODY
2BFCADB9CA0F0234,-1.75,0.45,30.00,0.61,0.68,0.91,BODY
8E7E723DFEDA8394,0.15,0.08,30.80,0.32,0.56,0.94,BODY
1EC6B2FAC66FF900,1.76,0.28,31.60,0.45,0.68,1.00,BODY
4446A711E725A6DF,3.84,0.52,32.40,0.61,0.64,0.87,BODY
C16BB60A3C077ADC,5.11,0.11,30.00,0.42,0.45,0.62,BODY
9A0CC85BF061471B,7.00,0.07,30.80,0.54,0.58,0.82,BODY
07D0A027010709C6,8.49,0.07,31.60,0.63,0.70,0.87,BODY
EC396AD9781A4321,-9.04,0.64,32.40,0.51,0.50,0.80,BODY
50147B88ABCBC2C0,-7.46,0.61,30.00,0.71,0.67,0.94,BODY
486D3A58B1CCAC76,-4.41,0.25,30.80,0.57,0.60,0.78,BODY
AFA0F651926C7F18,-3.27,0.22,31.60,0.64,0.68,0.84,BODY
A5A3BC8834FF4EAA,-1.23,0.45,32.40,0.91,0.92,0.94,BODY
1FED1785A5E4B080,0.17,0.28,30.00,0.32,0.54,0.87,BODY
959E3797041B56DD,2.54,0.58,30.80,0.19,0.22,0.52,BODY
067E3107F2C11E9E,4.09,0.45,31.60,0.35,0.40,0.61,BODY
B04D542FB3477609,6.40,0.23,32.40,0.19,0.14,0.55,BODY
F9016FDADC33AC13,7.94,0.65,30.00,0.34,0.34,0.57,BODY
C2EB6AA08C205662,-9.26,0.48,30.80,0.61,0.64,0.87,BODY
732EB58D32FE603A,-6.69,0.22,31.60,0.55,0.56,0.78,BODY
142CFFCF84A50C52,-4.26,0.44,32.40,0.45,0.54,0.81,BODY
5A66E5F8A494D705,-2.36,0.42,30.00,0.64,0.49,0.62,BODY
C2AEB18450BB5C74,-0.83,0.47,30.80,0.77,0.76,0.95,BODY
8428A6114DA80A7D,1.44,0.12,31.60,0.42,0.51,0.76,BODY
3E48C9B947DC1C1D,2.81,0.68,32.40,0.49,0.53,0.73,BODY
3492D03B3B62CCA2,4.59,0.67,30.00,0.58,0.64,0.91,BODY
327B959D5F58F26E,7.58,0.49,30.80,0.21,0.46,0.86,BODY
CBA4F5B8BEDF8103,-8.32,0.71,31.60,0.28,0.31,0.62,BODY
45EFE427BA27F660,-5.38,0.62,32.40,0.26,0.38,0.78,BODY
1AD563D8800C553C,-3.77,0.50,30.00,0.22,0.20,0.48,BODY
64DE2E856C59E265,-2.04,0.60,30.80,0.69,0.61,0.71,BODY
F29086F3424E6412,-0.14,0.35,31.60,0.46,0.42,0.65,BODY
19F3B91ABE443C40,1.65,0.52,32.40,0.14,0.22,0.53,BODY
308B3CDDE0A6167B,3.62,0.70,30.00,0.77,0.82,0.96,BODY
9FD2FD259E942DF0,5.39,0.48,30.80,0.19,0.22,0.39,BODY
79E33B843FC9E0D0,7.59,0.17,31.60,0.84,0.75,0.86,BODY
036837B49834A3B9,-5.40,0.55,32.40,0.13,0.11,0.32,BODY
0D914D6919038D9F,-3.68,0.58,30.00,0.49,0.48,0.68,BODY
B39EA080F0503F7E,-2.04,0.69,30.80,0.60,0.52,0.78,BODY
E18F5549E3C442F6,-0.44,0.32,31.60,0.13,0.29,0.61,BODY
A3CF6F5EB5B6C6CD,1.68,0.43,32.40,0.42,0.51,0.76,BODY
4DA8C55D93D4F926,3.42,0.79,30.00,0.03,0.16,0.52,BODY
4284E5EC50F7B2F2,4.96,0.72,30.80,0.48,0.56,0.80,BODY
21C90DBBDDE2E0AA,7.73,0.25,31.60,0.63,0.76,0.93,BODY
78B644DE8409F2F2,-5.96,0.52,32.40,0.11,0.12,0.20,BODY
8F5A890B34D1E471,-4.07,0.61,30.00,0.67,0.66,0.84,BODY
D10E8E500E117B8B,-1.97,0.29,30.80,0.60,0.52,0.78,BODY
BE6FEE46C007541A,-0.35,0.70,31.60,0.00,0.14,0.52,BODY
DFE80C9E0F12C415,1.98,0.32,32.40,0.16,0.17,0.34,BODY
271F5712C1E7319A,3.63,0.27,30.00,0.87,0.92,1.00,BODY
8C282E2C9A4F26C3,5.08,0.65,30.80,0.29,0.27,0.38,BODY
650CC2EEF46A62A6,8.12,0.47,31.60,0.18,0.18,0.30,BODY
920911A973F47C5A,-5.42,0.43,32.40,0.74,0.77,0.95,BODY
C72E75E377127978,-3.21,0.87,30.00,0.68,0.68,0.97,BODY
0566D507993E4C6E,-1.47,0.86,30.80,0.78,0.91,1.00,BODY
760897C0F467A759,0.07,0.37,31.60,0.69,0.55,0.68,BODY
C0CEA11BACC1C6B5,2.00,0.75,32.40,0.29,0.27,0.52,BODY
32A49EB46AE13697,3.91,0.78,30.00,0.71,0.63,0.75,BODY
F25E0B24A3FFC7C6,7.37,0.66,30.80,0.09,0.41,0.94,BODY
75EDA296761D99EF,-7.96,0.95,31.60,0.94,0.95,0.97,BODY
36A40B49D72DF7E1,-4.48,0.52,32.40,0.74,0.71,0.91,BODY
E3ECBD6E4578B511,-2.47,0.44,30.00,0.44,0.47,0.76,BODY
4ABC5CB8D16292CD,-0.53,0.48,30.80,0.64,0.67,0.97,BODY
A9B89512AA11F084,1.35,0.49,31.60,0.06,0.14,0.42,BODY
9080BC146CDC83E8,3.31,0.48,32.40,0.67,0.73,0.86,BODY
826F2BADEFD3C22D,4.99,0.90,30.00,0.30,0.25,0.31,BODY
7C7FD2049F91AC32,-8.38,0.50,30.80,0.38,0.54,0.88,BODY
189CD995B0F9EDC9,-5.16,0.55,31.60,0.64,0.68,0.89,BODY
0C9163EAF938FF20,-3.11,0.61,32.40,0.51,0.50,0.61,BODY
5D68E0CDDF867D32,-1.53,0.93,30.00,0.03,0.20,0.55,BODY
B6138C9AA5E045A2,0.70,0.57,30.80,0.42,0.61,0.97,BODY
7679E49E52AB6894,2.21,0.91,31.60,0.49,0.58,0.78,BODY
2EAB258947C39939,4.45,0.42,32.40,0.69,0.73,0.96,BODY
62899996ECB92404,8.03,0.58,30.00,0.67,0.52,0.63,BODY
558594C6818653EC,-5.34,0.64,30.80,0.58,0.63,0.85,BODY
28CD3BC39349738C,-2.02,0.86,31.60,0.69,0.62,0.65,BODY
9F5E0EE01DCDC231,-0.22,1.00,32.40,0.34,0.35,0.65,BODY
FF9D1D4FEF9FDFAF,1.84,0.68,30.00,0.59,0.57,0.73,BODY
3EFC5ADE3719B9B3,3.85,0.49,30.80,0.19,0.25,0.39,BODY
942B35559632536E,7.56,0.98,31.60,0.09,0.41,0.94,BODY
BEA271E33DBA8F11,-8.10,1.08,32.40,0.94,0.95,1.00,BODY
BA3FE49331B600B2,-2.59,0.66,30.00,0.58,0.65,0.88,BODY
F500E03077AE121A,-0.73,0.78,30.80,0.91,0.86,1.00,BODY
721BA4900A297AAF,0.89,1.08,31.60,0.71,0.75,0.94,BODY
37B83FC163AA7812,2.59,1.09,32.40,0.32,0.27,0.49,BODY
345A14DA4826866B,5.01,0.76,30.00,0.58,0.51,0.74,BODY
F7A4EEBC5FC90DC9,8.66,0.60,30.80,0.46,0.37,0.54,BODY
89A931C2DF057410,-5.57,0.78,31.60,0.26,0.25,0.52,BODY
0801E697BDF0D866,-2.05,1.09,32.40,0.47,0.56,0.72,BODY
3D0EC5118BF1A74F,-0.17,0.82,30.00,0.00,0.11,0.58,BODY
8D9EAA4430CB7183,1.66,1.02,30.80,0.43,0.42,0.58,BODY
5C59D46BBAD71568,4.76,0.63,31.60,0.69,0.64,0.83,BODY
3826B2515617DA35,8.39,0.81,32.40,0.46,0.37,0.54,BODY
B67D1D2DE4F3E263,-5.42,0.71,30.00,0.35,0.38,0.61,BODY
94C399B8D9B9FF20,-1.85,1.04,30.80,0.44,0.43,0.49,BODY
718A38DE81345288,-0.42,0.84,31.60,0.13,0.22,0.63,BODY
E48A281E40792A95,2.16,1.14,32.40,0.46,0.45,0.57,BODY
0D4D3BAB123EF8D4,5.54,0.66,30.00,0.35,0.35,0.48,BODY
540F1DD1FAA94850,-8.41,0.78,30.80,0.84,0.87,1.00,BODY
F2E84ED05F21959C,-5.01,1.00,31.60,0.87,0.76,0.75,BODY
B9C01E48555CFB9E,-1.24,1.08,32.40,0.29,0.40,0.69,BODY
C0A3579751FCF7F0,0.12,0.85,30.00,0.65,0.71,1.00,BODY
27EDA8E9408AAACE,4.60,0.95,30.80,0.58,0.64,0.90,BODY
E2CF337C59257B50,8.07,1.04,31.60,0.94,0.81,0.91,BODY
0D9139680E45FE91,-6.02,1.22,32.40,0.61,0.76,0.96,BODY
AB4EC31DEEC1FAF2,-2.21,1.06,30.00,0.58,0.58,0.74,BODY
73D71B851A2F7D22,-0.18,0.98,30.80,0.57,0.34,0.45,BODY
755651C0EA6C5BB3,1.42,0.70,31.60,0.33,0.47,0.62,BODY
D2F4799093C20845,7.68,0.92,32.40,0.33,0.47,0.76,BODY
354C61764B887EDE,-8.61,1.09,30.00,0.74,0.80,0.91,BODY
EA3BC8CC15D17372,-5.11,1.24,30.80,0.89,0.81,0.76,BODY
2660C9E302818393,-0.87,1.34,31.60,0.86,0.80,0.97,BODY
2882C4DDCFB73580,0.70,0.78,32.40,0.48,0.62,0.99,BODY
FDDF95A5BE3CD6CF,4.86,1.31,30.00,0.54,0.60,0.85,BODY
E98A3CEE8CA711B3,8.10,1.16,30.80,0.91,0.80,0.93,BODY
7AAD6284BC3C042C,-5.55,1.19,31.60,0.45,0.64,0.91,BODY
3C2F57742761B487,-1.54,1.10,32.40,0.46,0.52,0.78,BODY
532BA3DCABD127B4,0.04,1.03,30.00,0.71,0.70,0.84,BODY
9CF8E88F8A0D4141,4.54,1.34,30.80,0.09,0.33,0.84,BODY
511E96D2CC225B61,7.92,1.12,31.60,0.71,0.87,1.00,BODY
82F5E27B07E06CE0,-7.91,1.13,32.40,0.84,0.78,0.91,BODY
96FD1DA38684584B,-1.74,1.07,30.00,0.55,0.59,0.84,BODY
A249A39CBC0EF521,-0.02,1.08,30.80,0.35,0.40,0.72,BODY
B2DC849217630EE0,1.48,1.39,31.60,0.33,0.33,0.52,BODY
40E0F99A878463F0,7.60,0.88,32.40,0.33,0.47,0.76,BODY
02CC471F924CDE71,-8.47,0.94,30.00,0.88,0.91,0.97,BODY
AEF1257D69E046F2,-4.76,1.01,30.80,0.78,0.65,0.72,BODY
DA22889118A86383,-0.58,1.40,31.60,0.81,0.80,0.91,BODY
5F479A4673907148,1.09,1.17,32.40,0.29,0.49,0.68,BODY
1C27B2EC859BC2E5,5.58,0.94,30.00,0.29,0.13,0.19,BODY
027D213E03CBF546,-8.43,1.06,30.80,0.84,0.89,0.97,BODY
66F0A3513F73B6BD,-5.03,1.25,31.60,0.61,0.64,0.78,BODY
5D78982AC9702227,-0.53,1.11,32.40,0.09,0.32,0.74,BODY
FBC279AA0857A22C,1.39,1.48,30.00,0.81,0.87,0.97,BODY
05756BB9962A7FD8,5.81,1.52,30.80,0.52,0.33,0.42,BODY
CF188AF0A0F37A5C,-8.81,1.26,31.60,0.24,0.46,0.91,BODY
8913C2CF507CC11D,-5.28,1.26,32.40,0.42,0.56,0.87,BODY
5ED9BDFF43170152,-1.29,1.12,30.00,0.65,0.67,1.00,BODY
CDA558CD647EF040,0.79,1.37,30.80,0.13,0.29,0.61,BODY
29824BD10BFE2435,5.49,1.31,31.60,0.78,0.66,0.72,BODY
519C79141B12C0A3,-8.96,1.30,32.40,0.19,0.41,0.87,BODY
D2BE0DAD0BF0A440,-5.58,1.63,30.00,0.42,0.56,0.87,BODY
0B570D5E19D91E44,-1.27,1.61,30.80,0.68,0.70,0.97,BODY
99C95024CA6493A9,0.73,1.60,31.60,0.29,0.46,0.74,BODY
EAFBDE1E2EFD80D9,5.16,1.60,32.40,0.81,0.81,0.94,BODY
D4519612653991CC,-8.71,1.34,30.00,0.42,0.62,1.00,BODY
C738DA41E85AE429,-5.44,1.15,30.80,0.26,0.33,0.71,BODY
6344946E85971B93,-1.28,1.57,31.60,0.64,0.69,0.98,BODY
16577ECADA6434DF,0.78,1.62,32.40,0.13,0.41,0.87,BODY
83A75C4F0CE6160E,5.65,1.37,30.00,0.78,0.75,0.91,BODY
66CAE9BFFDBB6204,-9.14,1.51,30.80,0.29,0.43,0.71,BODY
9DA116A28350A507,-5.58,1.16,31.60,0.84,0.89,1.00,BODY
C1666D970FCE5883,-0.67,1.25,32.40,0.55,0.68,1.00,BODY
B0686F5866B20500,1.00,1.15,30.00,0.21,0.22,0.38,BODY
65ABD1C98E36B158,5.32,1.60,30.80,0.77,0.74,0.77,BODY
3D2BD1AF01009C20,-8.86,1.78,31.60,0.87,0.95,1.00,BODY
3BA301D2F6FCE511,-5.41,1.36,32.40,0.84,0.74,0.83,BODY
8210E3DB0F2494A9,-0.54,1.22,30.00,0.45,0.56,0.85,BODY
79694A9559EFAFBC,1.53,1.29,30.80,0.19,0.25,0.42,BODY
69BE00F68055EFAC,5.74,1.67,31.60,0.73,0.59,0.57,BODY
0FEC5034EF12B157,-8.49,1.47,32.40,0.90,0.94,0.98,BODY
87C686A82F942F34,-5.19,1.64,30.00,0.35,0.43,0.68,BODY
4A4CF4CFFFFC7132,-0.86,1.80,30.80,0.45,0.56,0.85,BODY
4EAB73430D6D8379,1.49,1.40,31.60,0.09,0.16,0.32,BODY
AD075CD9475F1A99,5.62,1.54,32.40,0.87,0.84,0.87,BODY
D50702D348A16CC7,-8.26,1.40,30.00,0.84,0.84,1.00,BODY
746A0FBC5906DF82,-5.30,1.33,30.80,0.81,0.86,0.97,BODY
1EB061CAA078BAC8,-0.92,1.73,31.60,0.34,0.45,0.74,BODY
320B914C9C5F71DF,1.12,1.62,32.40,0.16,0.43,0.87,BODY
07524BECBE008170,5.50,1.49,30.00,0.91,0.86,0.97,BODY
E45178DDBEBFCE86,8.01,1.46,30.80,0.86,0.90,0.98,BODY
A5C5A92A991CAF71,-6.18,1.92,31.60,0.20,0.34,0.64,BODY
B129F5C44A8CFD2B,-1.84,1.72,32.40,0.84,0.83,0.97,BODY
286377D4A68FFB29,0.40,1.83,30.00,0.46,0.45,0.64,BODY
6251012973DD14F2,4.94,1.42,30.80,0.06,0.36,0.84,BODY
1675321B5A7D7043,6.60,1.39,31.60,0.42,0.38,0.56,BODY
CED170C1968BC552,-6.55,1.72,32.40,0.20,0.27,0.53,BODY
5B0E662C845160D3,-2.00,1.44,30.00,0.25,0.40,0.68,BODY
5AB3CC20BA34C080,0.09,1.87,30.80,0.27,0.25,0.42,BODY
E8896D6017DE0A15,4.26,1.80,31.60,0.42,0.62,1.00,BODY
D0D147B973A9D406,6.43,1.79,32.40,0.38,0.34,0.56,BODY
ECAD885ED2D2BCC1,-6.89,1.71,30.00,0.26,0.47,0.97,BODY
8AB2C5122E273438,-2.17,1.62,30.80,0.26,0.41,0.71,BODY
7F91155A89F4BCB9,-0.48,1.57,31.60,0.61,0.62,0.84,BODY
BD5AF8EA3FDA31A7,1.55,1.45,32.40,0.26,0.24,0.35,BODY
199F779808B4B0D6,6.01,1.49,30.00,0.40,0.31,0.46,BODY
2BA4C3629F138E40,-7.08,1.95,30.80,0.12,0.38,0.84,BODY
F072EE60D9958F4F,-5.32,1.68,31.60,0.89,0.80,0.83,BODY
55072A68887AAF40,-0.41,1.73,32.40,0.52,0.67,0.94,BODY
DA5CD5737D840677,1.33,1.76,30.00,0.28,0.41,0.62,BODY
CD22523420D2A50B,5.61,2.03,30.80,0.75,0.67,0.82,BODY
066F853EA00E78C3,8.84,1.54,31.60,0.59,0.58,0.69,BODY
E0FF4B5B8D969F34,-5.73,2.12,32.40,0.57,0.66,0.83,BODY
069443CED76FA870,-1.27,1.68,30.00,0.29,0.33,0.58,BODY
B3137C81A9E818C4,0.86,1.97,30.80,0.59,0.56,0.75,BODY
73B7052E4AE8F1FB,5.08,1.78,31.60,0.61,0.77,0.96,BODY
16B340501902A942,8.40,1.94,32.40,0.42,0.59,0.94,BODY
17614219A116DBC4,-5.92,1.68,30.00,0.61,0.65,0.80,BODY
0CB1A8DDC49A68D3,-1.28,2.12,30.80,0.60,0.65,0.95,BODY
BC355CA708821071,0.60,1.61,31.60,0.26,0.27,0.49,BODY
D7D1F89E96E7159C,5.06,2.18,32.40,0.16,0.49,0.94,BODY
53015E15ADF2A6F2,6.40,2.10,30.00,0.78,0.67,0.78,BODY
A1BB2B69394B469F,-6.11,1.71,30.80,0.74,0.83,1.00,BODY
F29C03BB456948E7,-1.47,1.79,31.60,0.87,0.81,0.94,BODY
D959F181A5F94264,0.32,1.85,32.40,0.91,0.94,0.97,BODY
5D555BD9F514020D,4.83,2.21,30.00,0.26,0.46,0.94,BODY
C01B79AB09CF036B,6.25,2.13,30.80,0.61,0.60,0.71,BODY
FB9BBCD0B24CF1F5,-6.05,1.93,31.60,0.62,0.61,0.81,BODY
25CD1DD4EC10F42D,-1.19,2.22,32.40,0.30,0.45,0.80,BODY
C0B0052D0565B7D5,0.69,1.90,30.00,0.09,0.06,0.26,BODY
BDEF7E8B537BF9CE,4.94,2.12,30.80,0.53,0.72,0.96,BODY
B9DA11D80CE5D2D6,6.84,1.93,31.60,0.58,0.53,0.58,BODY
B0D6FABB55DEDB1B,-5.67,2.09,32.40,0.65,0.71,0.93,BODY
54B46D52FA6BDB4A,-1.32,2.27,30.00,0.38,0.49,0.80,BODY
2BF39990F442E2AF,0.62,2.23,30.80,0.43,0.46,0.56,BODY
FE19727EBF34771C,5.11,1.85,31.60,0.29,0.44,0.84,BODY
5C4018FD71F914BB,6.96,2.20,32.40,0.71,0.64,0.87,BODY
B15219F076D7BE34,-5.70,2.03,30.00,0.67,0.68,0.80,BODY
D2DF1D1B88CE91EF,-0.61,2.39,30.80,0.32,0.32,0.45,BODY
4A0C07865132DFD4,0.98,1.98,31.60,0.64,0.59,0.75,BODY
868C915904A5347D,5.41,1.90,32.40,0.45,0.60,0.91,BODY
95286B95E5BEB09B,-7.17,1.93,30.00,0.52,0.76,0.97,BODY
9D97F943A1612759,-5.34,2.21,30.80,0.65,0.51,0.65,BODY
10B734A360F56349,-0.54,2.16,31.60,0.44,0.50,0.77,BODY
0EC9FE0CCB6301F7,0.92,2.32,32.40,0.43,0.58,0.91,BODY
66C82B7C469259D9,5.48,1.96,30.00,0.87,0.81,0.97,BODY
74E239A5DE80883B,-6.36,2.19,30.80,0.68,0.87,1.00,BODY
8138EE42DBC48078,-2.22,2.34,31.60,0.46,0.51,0.69,BODY
3E25BD9AABF2F85C,-0.07,2.11,32.40,0.68,0.70,0.87,BODY
801C6206C0F1B939,1.30,2.32,30.00,0.06,0.03,0.09,BODY
9B1AABAF44886936,6.07,1.95,30.80,0.87,0.87,0.97,BODY
39826004C2DD57A4,-5.95,2.40,31.60,0.68,0.75,0.91,BODY
F82018C4B09A9807,-1.25,2.08,32.40,0.61,0.60,0.84,BODY
800D01C54FC3D999,0.45,2.42,30.00,0.45,0.33,0.51,BODY
E6BA670E4346DE21,5.03,2.52,30.80,0.27,0.49,0.93,BODY
BE8AEB29BB538781,6.82,2.03,31.60,0.86,0.73,0.84,BODY
3672F1552D5F05B9,-5.89,2.55,32.40,0.76,0.78,0.86,BODY
61C0852BE76CD7FC,-0.88,2.19,30.00,0.22,0.19,0.48,BODY
352272055479A406,0.69,2.29,30.80,0.46,0.45,0.64,BODY
E8F48FBD9A5E2138,5.81,2.15,31.60,0.81,0.76,0.94,BODY
435588F5B5DA3DD1,-6.39,2.14,32.40,0.39,0.59,0.81,BODY
8AC798CA66486EA7,-1.52,2.14,30.00,0.94,0.83,0.84,BODY
D50A0C0F09D8264D,-0.40,2.27,30.80,0.22,0.33,0.71,BODY
E7E489AA076D4335,1.30,2.65,31.60,0.28,0.29,0.36,BODY
F004CFFE490B9552,6.06,2.44,32.40,0.83,0.86,0.91,BODY
4FAC454AED4BFDE6,-5.77,2.67,30.00,0.67,0.75,0.96,BODY
35C533ECF4A34216,-0.81,2.51,30.80,0.47,0.40,0.49,BODY
3B2261197234B92E,0.45,2.38,31.60,0.48,0.49,0.61,BODY
ACEF7972CEA0CC26,4.98,2.36,32.40,0.19,0.46,0.87,BODY
A07FC79C42FCF4A9,-7.26,2.68,30.00,0.35,0.45,0.67,BODY
314EBE08FF626BA2,-2.18,2.22,30.80,0.12,0.17,0.42,BODY
478219CBAB601A79,-0.75,2.38,31.60,0.74,0.83,1.00,BODY
2FC1F53EF9E688CC,1.54,2.35,32.40,0.29,0.43,0.83,BODY
804C55D7887EE89E,5.83,2.71,30.00,0.80,0.75,0.96,BODY
B385AAEAE8DE21D0,-6.58,2.75,30.80,0.50,0.65,0.87,BODY
04CE7DD358211AD5,-1.65,2.54,31.60,0.71,0.62,0.81,BODY
8EBBA93756A8142E,0.08,2.72,32.40,0.45,0.53,0.71,BODY
1C257ADE195E7B41,2.12,2.24,30.00,0.35,0.27,0.45,BODY
4F403A57C440ABE3,6.68,2.42,30.80,0.76,0.71,0.77,BODY
4AFDDD21ECDA0A59,-5.33,2.52,31.60,0.84,0.78,0.94,BODY
93C4B18EBDB5423E,-0.96,2.69,32.40,0.54,0.65,0.93,BODY
0A52669F6E8FC139,1.01,2.80,30.00,0.45,0.49,0.68,BODY
37516C71C080E277,5.54,2.75,30.80,0.74,0.86,1.00,BODY
982068F8D36E23C5,-6.85,2.60,31.60,0.35,0.54,0.91,BODY
19EC1B0CE7F2F05A,-2.55,2.81,32.40,0.11,0.13,0.27,BODY
3C0A20C307CE0FBD,-0.68,2.39,30.00,0.45,0.49,0.68,BODY
A41356F485D415C4,1.51,2.66,30.80,0.19,0.32,0.74,BODY
79B6CA0E9BB64075,5.98,2.78,31.60,0.81,0.76,0.94,BODY
54485E82FBAB396F,-6.05,2.58,32.40,0.59,0.69,0.87,BODY
F32E2A13930A9829,-1.92,2.69,30.00,0.30,0.31,0.61,BODY
1223EE8951CD6A61,0.11,2.92,30.80,0.30,0.32,0.47,BODY
6E15915BEFC1967B,1.93,2.57,31.60,0.13,0.13,0.28,BODY
1DEA087E5774B9C8,6.48,2.41,32.40,0.65,0.59,0.71,BODY
D8CD546E58427643,-5.61,2.89,30.00,0.61,0.65,0.85,BODY
6AC84DF67644E21A,-1.45,2.59,30.80,0.24,0.29,0.58,BODY
FE0C7E98AD7B0338,1.22,2.78,31.60,0.34,0.55,0.84,BODY
224458FB10A8C48C,6.12,2.50,32.40,0.80,0.76,0.94,BODY
39949C12715AB2BA,-6.14,2.78,30.00,0.70,0.75,0.93,BODY
9F52C308B2B5FCA1,-2.25,2.84,30.80,0.54,0.55,0.80,BODY
61A6A3B878B65033,0.80,2.46,31.60,0.38,0.44,0.64,BODY
36746A793BC884EB,5.48,2.82,32.40,0.47,0.58,0.89,BODY
1A6F9EFBAE70E2FA,-6.68,2.91,30.00,0.29,0.53,0.94,BODY
34125EF38F2260C8,-4.15,3.06,30.80,0.47,0.44,0.63,BODY
2A09CD22B039D946,0.62,2.66,31.60,0.06,0.08,0.35,BODY
E41F04B7F000C6F6,5.42,2.55,32.40,0.71,0.83,1.00,BODY
D32F6A1086EB010B,-7.12,2.90,30.00,0.19,0.40,0.84,BODY
4DB74DB1D1A17BFF,-4.63,2.71,30.80,0.19,0.30,0.61,BODY
7B5212B197FC0933,-1.76,2.62,31.60,0.27,0.39,0.81,BODY
4E79832845D3F5AB,1.62,2.94,32.40,0.39,0.40,0.48,BODY
13F794862E32139B,6.03,2.72,30.00,0.75,0.73,0.84,BODY
A5662FDCF68B7255,-6.07,3.19,30.80,0.74,0.79,0.93,BODY
E445680734FA2E32,-2.21,3.16,31.60,0.81,0.83,0.97,BODY
7C0A9BD8E02427EB,1.20,3.00,32.40,0.78,0.83,0.94,BODY
696C3543FF1DECFE,5.54,2.68,30.00,0.62,0.78,0.99,BODY
635F1C5A9BBE0CDC,-6.48,3.17,30.80,0.38,0.59,0.96,BODY
8AE50C7CE2F76AF8,-4.41,2.96,31.60,0.38,0.35,0.48,BODY
C7948AFD4B5A8E1B,-1.41,2.89,32.40,0.29,0.23,0.36,BODY
A012A7DD54D9C540,1.94,2.77,30.00,0.26,0.19,0.32,BODY
4F83911DD482270C,6.70,3.20,30.80,0.94,0.89,1.00,BODY
E992F12493D9DF7E,-5.59,2.78,31.60,0.78,0.70,0.91,BODY
03ADE76DEFF7E6C5,-2.02,3.12,32.40,0.44,0.38,0.51,BODY
A4DE099371A8BD42,1.34,2.86,30.00,0.44,0.60,0.87,BODY
7EA2916D7B30554B,5.42,3.27,30.80,0.42,0.65,0.95,BODY
30B343D0C74DE973,-7.01,3.06,31.60,0.18,0.48,0.93,BODY
DE88D25FACD76C84,-4.53,2.93,32.40,0.42,0.37,0.55,BODY
E60FF81B45B47764,-1.81,3.17,30.00,0.48,0.41,0.68,BODY
6E6709085D5F6917,1.63,2.90,30.80,0.32,0.36,0.55,BODY
B493BC0E8FF6095B,6.08,3.16,31.60,0.81,0.80,0.97,BODY
0BEC63B1AC1D8E1F,-6.17,2.85,32.40,0.69,0.74,0.91,BODY
747E831B5A301D46,-3.07,3.33,30.00,0.12,0.14,0.29,BODY
F81251EA16D279E9,0.86,3.33,30.80,0.41,0.45,0.61,BODY
03ECAE5BC99DD202,2.60,3.40,31.60,0.22,0.19,0.32,BODY
B32CE1AABC9432D7,6.82,3.06,32.40,0.85,0.73,0.78,BODY
0ED253F4C765D930,-5.20,3.33,30.00,0.18,0.37,0.70,BODY
1934D5524B12F673,-2.09,3.19,30.80,0.22,0.16,0.29,BODY
6167202A77780489,1.26,3.41,31.60,0.67,0.68,0.89,BODY
60C112348A338894,5.66,3.22,32.40,0.42,0.69,0.96,BODY
3D1C3E62BB5C7102,-6.46,3.00,30.00,0.22,0.40,0.68,BODY
39EFC9B823CECE9A,-4.54,3.24,30.80,0.68,0.70,0.94,BODY
7745D64EC77B353F,-1.74,3.15,31.60,0.13,0.33,0.74,BODY
59D0CD814480C5FC,1.89,3.38,32.40,0.65,0.83,0.97,BODY
3679F2A76CE2A5E4,6.19,3.38,30.00,0.87,0.84,1.00,BODY
F23FEB56A055DE2F,-6.05,3.38,30.80,0.87,0.86,0.97,BODY
A44A53B8C3345B4D,-2.57,3.16,31.60,0.78,0.87,1.00,BODY
2FDFE54F4AEC5CAA,1.38,3.34,32.40,0.26,0.36,0.71,BODY
42988CE09C9EA67C,5.46,3.00,30.00,0.44,0.60,0.90,BODY
616B4B6FFFCA3963,-7.08,3.15,30.80,0.39,0.62,1.00,BODY
B352D4BACE47FA18,-4.66,3.23,31.60,0.44,0.49,0.72,BODY
9D2ABF056AF12DD0,-1.32,3.50,32.40,0.13,0.33,0.74,BODY
7D51FCDB73A51731,1.89,3.03,30.00,0.36,0.57,0.88,BODY
C70C05D96F5C7557,6.50,3.31,30.80,0.87,0.84,1.00,BODY
BE79867E379DE36A,-4.91,3.37,31.60,0.42,0.54,0.94,BODY
F2FD707110935A10,-2.59,3.40,32.40,0.51,0.56,0.73,BODY
902850DF186EDD46,1.24,3.46,30.00,0.48,0.52,0.72,BODY
B1031953C0A99F04,5.52,3.54,30.80,0.45,0.71,0.97,BODY
61429EF7431DF0D0,-6.37,3.36,31.60,0.84,0.91,1.00,BODY
9D918528841DC9A9,-3.13,3.17,32.40,0.32,0.41,0.81,BODY
62242313EC8F230C,-1.36,3.42,30.00,0.45,0.43,0.71,BODY
D55305A48E9E4AF5,2.31,3.14,30.80,0.58,0.80,1.00,BODY
2BA2F0124BD99825,6.49,3.52,31.60,0.93,0.84,0.91,BODY
C04D519BEFBFC9F7,-4.60,3.36,32.40,0.42,0.54,0.89,BODY
8819C241998DAD99,-1.84,3.74,30.00,0.58,0.58,0.77,BODY
CF6D33D557B5BFC6,1.56,3.45,30.80,0.48,0.49,0.78,BODY
6F6C2D8EDCDD7ED9,5.84,3.17,31.60,0.55,0.65,0.94,BODY
F5D3B6AFA5C526D5,-6.44,3.60,32.40,0.94,0.94,1.00,BODY
7AB43A4801803B79,-2.40,3.69,30.00,0.59,0.60,0.78,BODY
1193DAE02CE4632C,1.48,3.41,30.80,0.33,0.33,0.60,BODY
1BB2CA52C349C5AC,4.15,3.78,31.60,0.28,0.36,0.53,BODY
FCE49D5A087E6780,6.24,3.57,32.40,0.65,0.76,0.99,BODY
729346E9BE4C574C,-5.97,3.51,30.00,0.73,0.73,0.80,BODY
88F5DB674F5855EA,-2.42,3.63,30.80,0.59,0.60,0.78,BODY
3B6B1F03DA07DDA8,1.52,3.33,31.60,0.41,0.42,0.69,BODY
2326FD30120EE46C,3.32,3.47,32.40,0.16,0.29,0.42,BODY
E982A91A04818DC6,5.64,3.26,30.00,0.45,0.68,0.94,BODY
A92E2110C9F78605,-6.33,3.64,30.80,0.75,0.84,0.98,BODY
6FDAE2664B1EE189,-4.24,3.76,31.60,0.43,0.56,0.75,BODY
472F09786C100816,-2.15,3.43,32.40,0.16,0.24,0.58,BODY
62A81799AAC0BFE3,1.78,3.81,30.00,0.45,0.52,0.88,BODY
A9E85A6EDFC0CE22,3.62,3.34,30.80,0.06,0.11,0.29,BODY
CB5E89F1A13EC2CB,5.00,3.44,31.60,0.19,0.19,0.32,BODY
6A9602CCF896FC02,-6.48,3.44,32.40,0.68,0.78,0.97,BODY
3595C7B39BAAFCA6,-4.40,3.94,30.00,0.59,0.67,0.76,BODY
3E2EA6147116BFD7,-2.55,3.82,30.80,0.67,0.71,0.85,BODY
8FDC1E0A121D6EFB,0.84,3.89,31.60,0.61,0.73,0.97,BODY
C1C904DE7D9CAFE7,2.76,3.77,32.40,0.39,0.44,0.55,BODY
AB69B20006135F45,4.29,3.38,30.00,0.31,0.43,0.67,BODY
3DA0E764982170DE,6.21,3.73,30.80,0.89,0.85,0.97,BODY
9F6C311BEA127769,-5.12,3.40,31.60,0.09,0.22,0.58,BODY
4DF0735B0047B3EA,-3.74,3.42,32.40,0.29,0.24,0.26,BODY
07D7767E1DDEF42B,-1.70,3.96,30.00,0.36,0.42,0.69,BODY
FA76652DC0C53080,2.08,3.51,30.80,0.58,0.56,0.74,BODY
80A23DC405E1526C,3.80,3.64,31.60,0.19,0.20,0.38,BODY
FF435C747CE68CFF,4.94,3.75,32.40,0.34,0.34,0.54,BODY
FE67863A7292A44F,-6.87,3.64,30.00,0.84,0.92,1.00,BODY
24767E729D8850DC,-4.59,3.60,30.80,0.84,0.91,0.97,BODY
C4F3A41B4ABB6C97,-3.10,3.66,31.60,0.62,0.75,0.90,BODY
A6348532761D1A44,-1.21,3.68,32.40,0.35,0.38,0.58,BODY
C396F0A829D01438,2.74,3.64,30.00,0.60,0.75,0.88,BODY
3E78D070ADC0076B,4.03,3.77,30.80,0.35,0.49,0.77,BODY
C5C4F12757C6941C,6.35,3.60,31.60,0.59,0.76,0.98,BODY
E65267423D8196E2,-5.62,3.92,32.40,0.06,0.22,0.52,BODY
082658EE116C32BD,-4.50,3.58,30.00,0.53,0.57,0.74,BODY
883019F01FC3E7F7,-2.65,3.82,30.80,0.72,0.79,0.93,BODY
7A242A70B620CC65,1.37,3.55,31.60,0.67,0.67,0.84,BODY
CCCFDF6F3BAC9F83,2.82,3.69,32.40,0.06,0.03,0.09,BODY
58F97BF0E864D9CA,4.90,4.06,30.00,0.32,0.30,0.48,BODY
0C0ADEEBDAF1B28C,6.17,3.62,30.80,0.84,0.86,0.95,BODY
77A0FE4F1F841105,-5.23,3.71,31.60,0.13,0.32,0.71,BODY
C8CB6E436211A355,-3.70,3.94,32.40,0.71,0.68,0.84,BODY
22A2FB1CFC6B4B06,-1.87,3.63,30.00,0.19,0.24,0.58,BODY
6724CAC3CA2FC791,1.69,3.62,30.80,0.62,0.75,0.93,BODY
9D1613AF70208081,3.08,3.83,31.60,0.19,0.23,0.50,BODY
E012730E42402E3E,4.89,3.70,32.40,0.68,0.67,0.87,BODY
3307699FEE1F1293,6.44,3.68,30.00,0.91,0.80,0.97,BODY
DBC9E0BB294BB97D,-5.17,3.82,30.80,0.16,0.32,0.78,BODY
E3B6F818E5AD6FE4,-3.42,4.18,31.60,0.39,0.45,0.65,BODY
C870BC094A0DBB6E,-2.03,3.70,32.40,0.61,0.67,0.91,BODY
58EA85CB78214117,1.94,3.89,30.00,0.64,0.61,0.78,BODY
CCBBA595EDF6F6C9,3.83,4.14,30.80,0.42,0.29,0.38,BODY
EE03B92B9C8EE7AE,5.50,3.90,31.60,0.61,0.62,0.87,BODY
B43BACC190CDFDE5,-6.59,3.65,32.40,0.71,0.83,0.97,BODY
3AB924D030A32926,-4.73,4.11,30.00,0.16,0.35,0.84,BODY
3BF589F011E5AACE,-3.19,3.82,30.80,0.32,0.37,0.59,BODY
B5872391F8E1D03E,-1.69,3.74,31.60,0.68,0.71,0.88,BODY
7A4CCF3E434CCA47,1.87,3.82,32.40,0.58,0.65,0.87,BODY
DAC0A85D6867987A,3.45,3.77,30.00,0.09,0.14,0.45,BODY
4FFEDD580226F6AF,5.20,3.84,30.80,0.65,0.60,0.78,BODY
C5D20684BEB5807B,-6.35,4.07,31.60,0.29,0.47,0.84,BODY
F4151C9A395B4CA3,-4.73,4.04,32.40,0.47,0.64,0.93,BODY
02BD06045FCF2C17,-2.76,4.11,30.00,0.91,0.92,1.00,BODY
D14DC3E8D8CE0520,0.51,3.79,30.80,0.00,0.08,0.32,BODY
CE708E751E150710,2.58,4.18,31.60,0.45,0.66,0.87,BODY
71CF1492399E7C61,4.25,3.84,32.40,0.32,0.35,0.58,BODY
3F6610CFB73EEFF7,5.56,3.78,30.00,0.58,0.54,0.77,BODY
A56A920C14CB0882,-5.56,3.83,30.80,0.31,0.49,0.94,BODY
599515AE8D88365B,-4.39,4.14,31.60,0.36,0.47,0.70,BODY
BF761B390426B9CF,-2.33,4.20,32.40,0.29,0.30,0.58,BODY
4DD71F5A46831A46,1.57,4.10,30.00,0.81,0.74,0.88,BODY
AF0E6B615F27E604,2.88,3.79,30.80,0.87,0.83,0.91,BODY
8A11CF3CD54BAE5E,4.75,4.03,31.60,0.68,0.68,0.97,BODY
C1C4AC96893E4E02,6.10,4.29,32.40,0.87,0.91,0.97,BODY
3938278E0BD72B24,-5.32,4.21,30.00,0.45,0.70,0.94,BODY
9BB58925440A0373,-3.22,3.89,30.80,0.65,0.71,1.00,BODY
1709BF15E2D159EB,-1.56,4.08,31.60,0.68,0.75,0.97,BODY
99563925325DD6CF,2.26,4.20,32.40,0.63,0.64,0.93,BODY
D6B8A4A76C80B44F,3.55,3.86,30.00,0.78,0.75,0.94,BODY
9649256CA00F270E,5.71,3.98,30.80,0.71,0.68,0.97,BODY
84C25A117935B545,-5.83,3.91,31.60,0.35,0.56,0.97,BODY
4437C19F99F54E97,-4.14,4.21,32.40,0.65,0.86,1.00,BODY
59D28AEF2050BB56,-2.56,4.23,30.00,0.49,0.51,0.70,BODY
9FB71A8B9B494A03,1.41,4.29,30.80,0.81,0.74,0.88,BODY
040B02EDECFA2738,3.13,3.85,31.60,0.81,0.86,1.00,BODY
F57F0AD8C25E27AF,4.78,4.03,32.40,0.68,0.68,0.97,BODY
69AF12441DD5362F,6.29,4.23,30.00,0.70,0.85,0.97,BODY
A71BFCFA178031E4,-5.14,4.20,30.80,0.35,0.59,0.74,BODY
810DC8802B99F70D,-3.34,4.38,31.60,0.51,0.66,0.82,BODY
182D06FA67430116,-1.87,3.98,32.40,0.81,0.83,0.97,BODY
F5A321666AA1E7B6,2.37,4.12,30.00,0.58,0.65,0.90,BODY
31771001DC3E3E03,3.72,4.36,30.80,0.58,0.62,0.71,BODY
867F4C6879772075,5.60,3.92,31.60,0.58,0.56,0.78,BODY
33638065AF5EB96B,-5.65,4.16,32.40,0.19,0.40,0.58,BODY
02CA9615E94CBF68,-3.89,4.45,30.00,0.35,0.60,0.68,BODY
3CF37515B1F3354B,-2.29,4.27,30.80,0.57,0.53,0.82,BODY
BF9CBDD7A4363901,1.44,4.41,31.60,0.84,0.83,0.94,BODY
8D3F2A242E7EEC50,3.07,4.29,32.40,0.67,0.75,0.77,BODY
90484BE350ED6616,4.99,4.54,30.00,0.67,0.67,0.82,BODY
28212804C63AEF3E,-6.28,4.04,30.80,0.28,0.52,0.74,BODY
EE0995358D04E8E1,-4.63,4.33,31.60,0.38,0.60,0.76,BODY
FCDB9DC7238BDE60,-2.95,4.03,32.40,0.61,0.68,0.94,BODY
62C5F1DC924A7DE1,1.32,4.23,30.00,0.09,0.43,0.94,BODY
FCD0EBB38A161F4E,2.53,4.56,30.80,0.53,0.71,0.85,BODY
2FD0989E3266ABB4,4.67,4.35,31.60,0.78,0.80,0.89,BODY
63D8F6329F684A1B,6.20,4.60,32.40,0.65,0.68,0.87,BODY
8D6F324FE0AD2C39,-4.68,4.11,30.00,0.52,0.75,0.94,BODY
3A78D39A358A0F0E,-3.40,4.31,30.80,0.81,0.83,1.00,BODY
26258533BE176698,-1.78,4.25,31.60,0.43,0.40,0.59,BODY
4F8281647A69397F,2.74,4.41,32.40,0.74,0.81,0.94,BODY
1DBB3960CFA68C79,4.32,4.14,30.00,0.91,0.94,0.97,BODY
CA094B96A659814B,6.06,4.62,30.80,0.94,0.89,0.97,BODY
C14CAE694AEE4599,-5.06,4.67,31.60,0.61,0.76,1.00,BODY
B5D56E014AC6EB86,-3.31,4.64,32.40,0.47,0.65,0.84,BODY
3715D29C0522961B,-1.93,4.66,30.00,0.71,0.76,0.94,BODY
AF0FD66B8D2269DA,2.10,4.66,30.80,0.65,0.53,0.78,BODY
377DADB2BC658AF4,4.01,4.19,31.60,0.91,0.94,1.00,BODY
916DA6A4474E2742,5.75,4.26,32.40,0.91,0.91,1.00,BODY
BAA3EFB4DA9F528E,-5.50,4.29,30.00,0.56,0.73,0.97,BODY
F53800A5BE362103,-3.58,4.23,30.80,0.19,0.38,0.61,BODY
2B7D69985981AB8E,-1.78,4.29,31.60,0.22,0.33,0.78,BODY
ECCCFE6808470445,2.05,4.30,32.40,0.26,0.44,0.81,BODY
E41F8E8A86AB5A5A,3.88,4.22,30.00,0.80,0.86,0.95,BODY
C7625726499ECAF9,5.53,4.32,30.80,0.87,0.85,0.97,BODY
61C7D2F1AC1C1923,-5.56,4.41,31.60,0.42,0.60,0.91,BODY
DEFC8D40438B75AD,-3.78,4.70,32.40,0.30,0.46,0.78,BODY
FE3E4B7BC3C8C191,-1.97,4.69,30.00,0.65,0.71,0.91,BODY
F50F9949806B2AA8,1.77,4.38,30.80,0.58,0.68,0.96,BODY
8F33FB7896B163BA,3.64,4.37,31.60,0.75,0.81,0.93,BODY
940AAC97FBE3CF19,5.14,4.38,32.40,0.81,0.80,0.97,BODY
8307F6C3FEBA20D3,-5.34,4.38,30.00,0.49,0.67,0.94,BODY
6F517B0B449FF828,-4.03,4.68,30.80,0.41,0.56,0.86,BODY
5FC54C9886967D85,-2.32,4.49,31.60,0.53,0.59,0.87,BODY
55148F411FC66129,2.11,4.83,32.40,0.65,0.70,0.94,BODY
6092D9377F962826,3.44,4.58,30.00,0.84,0.91,0.97,BODY
D8EF9E398C4506C0,5.30,4.75,30.80,0.81,0.81,0.97,BODY
E7AB36CA0809B333,-5.22,4.60,31.60,0.58,0.77,0.96,BODY
697346D973AC2380,-3.51,4.30,32.40,0.65,0.76,0.91,BODY
5646E80EF458F072,-2.32,4.78,30.00,0.39,0.46,0.74,BODY
E970F5A0CA845A9B,1.95,4.90,30.80,0.29,0.49,0.84,BODY
2B0DA1816B96A261,3.96,4.44,31.60,0.75,0.84,0.97,BODY
4DA25282D62993C2,5.48,4.80,32.40,0.81,0.81,0.99,BODY
F19C70578025F521,-5.30,4.66,30.00,0.71,0.87,1.00,BODY
C1255093863A38B6,-3.39,4.71,30.80,0.52,0.70,0.91,BODY
C3409147CBF1C39E,-1.95,4.73,31.60,0.68,0.73,0.91,BODY
AE4B0096004F5328,2.43,4.47,32.40,0.65,0.73,0.97,BODY
AF8B297B1E59237B,4.26,4.35,30.00,0.70,0.70,0.91,BODY
43FC5EDB8B3569D9,5.64,4.57,30.80,0.97,0.91,1.00,BODY
E48F5F1C7D16B215,-5.08,4.53,31.60,0.55,0.70,0.91,BODY
6D8C580312482083,-3.26,4.87,32.40,0.56,0.54,0.70,BODY
F903A02B2FAA6FC1,1.20,4.74,30.00,0.19,0.28,0.56,BODY
5DCE6B89A1DBD0F8,2.78,4.99,30.80,0.26,0.35,0.61,BODY
FB0550A00C0C8317,4.57,4.89,31.60,0.70,0.71,0.87,BODY
9B9FEAC2E0C23E57,-6.31,4.52,32.40,0.29,0.59,0.97,BODY
C7F307CD8E552D50,-4.57,4.84,30.00,0.71,0.84,0.94,BODY
A709741DFF6746D1,-2.53,4.97,30.80,0.70,0.68,0.82,BODY
E5E38B32BA77F85D,2.08,4.74,31.60,0.22,0.36,0.65,BODY
4BEAB67C4F4B5919,3.21,4.59,32.40,0.91,0.87,0.94,BODY
10B17B0F2496D439,5.24,4.78,30.00,0.87,0.86,1.00,BODY
02A11AC01BA835C2,-5.37,4.88,30.80,0.32,0.54,0.78,BODY
E0935053E8D911AE,-4.02,5.07,31.60,0.91,0.94,1.00,BODY
D1C1F9AB1DB188A7,-1.92,4.97,32.40,0.16,0.32,0.65,BODY
A34F9BA34070082B,2.43,4.57,30.00,0.55,0.54,0.81,BODY
9FCBDC2A19061B0D,3.98,4.87,30.80,0.64,0.71,0.87,BODY
E3672FAAF8A76346,5.77,4.61,31.60,0.97,0.94,1.00,BODY
7D9FB68106ADD036,-4.76,5.05,32.40,0.87,0.91,1.00,BODY
895CC9B212093F93,-3.43,5.10,30.00,0.67,0.62,0.74,BODY
65855CAF8696FF92,1.29,4.94,30.80,0.06,0.06,0.16,BODY
FDB1FD7DDE1A367D,3.00,4.91,31.60,0.35,0.41,0.68,BODY
C86E4F386A7C52DE,4.55,4.85,32.40,0.65,0.66,0.80,BODY
298AC4902F565914,-5.88,5.18,30.00,0.36,0.56,0.87,BODY
85692F7E4DBA2C1C,-4.20,5.14,30.80,0.84,0.89,0.93,BODY
A3541645C5BC97B9,-2.45,5.07,31.60,0.52,0.64,0.97,BODY
51ACF28FFB7FB285,1.97,4.60,32.40,0.87,0.87,1.00,BODY
E47CDA3B2F205BFF,3.52,4.73,30.00,0.22,0.47,0.84,BODY
058E3510206356B3,5.62,5.12,30.80,0.84,0.87,1.00,BODY
EC35E82E5406C8A9,-5.29,5.20,31.60,0.26,0.47,0.83,BODY
56B9BACA640FBA28,-3.38,4.99,32.40,0.68,0.64,0.81,BODY
D1D329CEC92B0936,-1.61,4.84,30.00,0.09,0.17,0.33,BODY
20C39093538875AA,2.72,4.91,30.80,0.12,0.29,0.68,BODY
D2475D8CA4EEADEC,4.63,4.83,31.60,0.81,0.75,0.91,BODY
3CFD2FE2AD272BB8,-5.71,5.14,32.40,0.74,0.85,0.98,BODY
5A5E7FC4450C2DB0,-3.71,5.12,30.00,0.58,0.64,0.87,BODY
FFAE4466C5757790,-2.02,5.02,30.80,0.78,0.69,0.90,BODY
01D02F32C481A2F6,2.36,5.30,31.60,0.19,0.43,0.87,BODY
BB3384F6BBEAF723,4.07,5.01,32.40,0.33,0.56,0.89,BODY
D9705CAE8AD0C063,-5.92,5.01,30.00,0.55,0.70,1.00,BODY
F53A1FA81E95896A,-4.44,4.78,30.80,0.84,0.92,1.00,BODY
4E5BDFD4A1907C6C,-2.01,5.20,31.60,0.29,0.52,0.91,BODY
AF0E46F557F5A475,2.11,5.33,32.40,0.58,0.62,0.81,BODY
E9D2BB6C302FDA88,3.87,4.89,30.00,0.87,0.97,1.00,BODY
ACFCD7D4AAA0E60B,5.41,5.18,30.80,0.90,0.82,0.95,BODY
C377973FCE9BAC48,-4.50,5.32,31.60,0.86,0.78,0.83,BODY
108F47BC2DBFACC4,-2.59,4.93,32.40,0.41,0.50,0.80,BODY
FB74469A365DE866,1.46,5.20,30.00,0.81,0.86,1.00,BODY
7757ADA211B9BC9A,3.74,4.88,30.80,0.80,0.89,0.98,BODY
27EA7CE3AEB63DBD,5.57,5.15,31.60,0.71,0.82,0.91,BODY
E081127A756B5B53,-4.44,5.42,32.40,0.86,0.78,0.83,BODY
67307770CEE5CA4D,-1.72,4.88,30.00,0.81,0.73,0.97,BODY
2C1F823F6EF9D34F,2.08,5.04,30.80,0.47,0.58,0.93,BODY
A927F6F6EB5ABFDB,4.41,5.27,31.60,0.74,0.84,1.00,BODY
FB7515494202134D,-5.40,4.96,32.40,0.29,0.56,0.91,BODY
59C0BA11FFF597EC,-2.93,5.08,30.00,0.57,0.48,0.62,BODY
B992735F9B4E1AE9,1.47,4.96,30.80,0.58,0.54,0.81,BODY
CE426DA5AEE01F08,2.65,5.13,31.60,0.35,0.44,0.58,BODY
29362DDF465706FA,5.51,5.10,32.40,0.81,0.78,0.97,BODY
4A6C0E316EFEBE3B,-3.21,5.08,30.00,0.97,0.89,0.94,BODY
A3BB93D9FD1E037B,-1.29,5.40,30.80,0.09,0.11,0.39,BODY
B59685ECA92DC764,2.15,5.54,31.60,0.33,0.44,0.89,BODY
FE4FC0DF1F8E97B0,5.40,5.03,32.40,0.93,0.85,0.96,BODY
97598BA5D99DC30F,-3.46,5.29,30.00,0.45,0.49,0.68,BODY
ADB013CCB1FC647E,-2.03,5.24,30.80,0.73,0.73,0.86,BODY
0D037761CDD77EB2,2.24,5.45,31.60,0.22,0.25,0.51,BODY
810F4E705FBDE208,4.86,5.50,32.40,0.80,0.77,0.94,BODY
4421D3D4D60B5A5A,-4.44,5.31,30.00,0.61,0.47,0.71,BODY
0498F4BBFC4ED686,-1.69,5.51,30.80,0.40,0.51,0.89,BODY
63F54EF73E830D91,2.06,5.25,31.60,0.52,0.62,0.81,BODY
F7F4983464C328AF,4.64,5.27,32.40,0.74,0.83,1.00,BODY
F46F2200BFCE5816,-3.61,5.13,30.00,0.25,0.36,0.64,BODY
D195774BEE156EE6,-1.77,5.55,30.80,0.19,0.38,0.91,BODY
B0A934397A59DC3E,1.64,5.38,31.60,0.52,0.54,0.74,BODY
7227D9BB56953E0A,4.56,5.38,32.40,0.74,0.92,0.97,BODY
D861C904A38C4C52,-3.46,5.67,30.00,0.32,0.38,0.57,BODY
6077A55E8E13D792,-1.81,5.53,30.80,0.34,0.43,0.91,BODY
377F59F40847DBF9,1.73,5.38,31.60,0.52,0.54,0.74,BODY
6B488AA1859B6B0B,4.90,5.45,32.40,0.74,0.87,0.94,BODY
1083875DBC009BE0,-3.60,5.45,30.00,0.45,0.58,0.80,BODY
E5FBB36EE7C7A5F7,-1.51,5.53,30.80,0.43,0.56,0.91,BODY
9D325F2A081A621D,1.58,5.73,31.60,0.42,0.40,0.61,BODY
8AB9416126CDFF2C,4.51,5.27,32.40,0.74,0.87,0.94,BODY
4F59315F20FCAF5B,-3.19,5.38,30.00,0.65,0.67,0.78,BODY
43072AFC8AF2BAE4,-1.45,5.34,30.80,0.91,0.91,0.94,BODY
AA52E38F561FBBDC,1.86,5.53,31.60,0.30,0.36,0.58,BODY
5D16E27DFBA4284B,4.94,5.65,32.40,0.65,0.74,0.93,BODY
9F75C1CAB65FB0D0,-3.35,5.50,30.00,0.56,0.45,0.58,BODY
9D77EF3A8A54D8DD,-1.46,5.90,30.80,0.65,0.59,0.68,BODY
A6B2E9D23438B8A3,2.56,5.65,31.60,0.58,0.62,0.84,BODY
477D10440F04F11B,5.06,5.65,32.40,0.84,0.94,1.00,BODY
68A6B13BB66336F5,-3.02,5.75,30.00,0.20,0.31,0.67,BODY
E9ADE270A3F8C8D9,-0.94,5.87,30.80,0.36,0.31,0.57,BODY
3E62B48A1397501E,2.57,5.78,31.60,0.45,0.47,0.88,BODY
E1C1DC13464B5C33,-5.10,5.87,32.40,0.44,0.55,0.71,BODY
7C082729E9448F75,-2.51,5.52,30.00,0.32,0.44,0.84,BODY
9F72FE38FA6D31AE,1.20,5.95,30.80,0.19,0.43,0.74,BODY
AD6251E1ED68060C,2.87,5.45,31.60,0.09,0.36,0.91,BODY
203050AAC3B17D9E,-3.37,5.61,32.40,0.13,0.20,0.48,BODY
02D0D187B5BD0DD4,-1.43,5.65,30.00,0.13,0.32,0.87,BODY
0AAC0C9FBDE3DAC2,1.84,5.87,30.80,0.74,0.73,0.81,BODY
70F4483363F8F6C5,4.30,5.77,31.60,0.42,0.50,0.75,BODY
600DFA2C6FD022ED,-3.05,5.74,32.40,0.74,0.65,0.97,BODY
EF1D1DDEA354811C,1.00,5.95,30.00,0.28,0.26,0.38,BODY
995EDBDC32891A08,2.76,5.75,30.80,0.14,0.30,0.90,BODY
B350105CD4415317,-3.40,5.78,31.60,0.91,0.81,0.81,BODY
EF93DA9607704F5E,-1.34,5.73,32.40,0.84,0.89,0.97,BODY
A3AC3D294C30FCF2,1.68,6.03,30.00,0.42,0.30,0.35,BODY
99B3270219C1EE2D,-3.88,5.93,30.80,0.49,0.62,0.84,BODY
6415352F0E728E8D,-1.69,6.17,31.60,0.19,0.32,0.91,BODY
5ECF7C21ACBDDF41,1.24,6.06,32.40,0.31,0.46,0.83,BODY
696F2A1A43398C21,3.57,5.87,30.00,0.38,0.31,0.46,BODY
7A72A11E03A3FE27,-2.07,5.87,30.80,0.78,0.91,1.00,BODY
B19636C454E2AA7D,1.32,6.19,31.60,0.68,0.81,1.00,BODY
2B22E39D0C0BB520,3.16,5.76,32.40,0.35,0.62,0.94,BODY
D59BBEE2D254471E,-2.97,5.87,30.00,0.36,0.40,0.61,BODY
AA32C55E8EAAB66D,0.57,5.83,30.80,0.46,0.54,0.76,BODY
657D7ECE76784D5E,3.08,6.01,31.60,0.13,0.24,0.84,BODY
B3A6D3C0FF33CD13,-2.88,6.21,32.40,0.34,0.35,0.68,BODY
F40D1EB86264BB2B,-0.99,5.81,30.00,0.41,0.45,0.80,BODY
EC89C708F8A0D5FE,2.64,5.78,30.80,0.42,0.51,0.71,BODY
4B44073AD0356E2F,-3.40,6.17,31.60,0.54,0.40,0.55,BODY
7ED3553BE0E66FFD,-1.44,6.36,32.40,0.56,0.55,0.71,BODY
20CB10600446E7A4,1.53,5.83,30.00,0.39,0.38,0.65,BODY
D02ADC18B81AAD3A,-3.34,6.21,30.80,0.94,0.84,0.87,BODY
52A036CFD7B70A1F,-1.65,6.06,31.60,0.22,0.32,0.87,BODY
25A7CF9878D54D39,1.27,6.00,32.40,0.73,0.79,0.96,BODY
4799C3C6230FD873,-3.90,6.40,30.00,0.44,0.49,0.64,BODY
770891334E6B6D92,-1.62,6.27,30.80,0.84,0.91,1.00,BODY
9A587522416F0873,1.30,6.10,31.60,0.40,0.57,0.89,BODY
19C7A04C0000B521,3.29,6.12,32.40,0.22,0.42,0.80,BODY
F813342F0F16B445,-2.36,6.20,30.00,0.03,0.30,0.84,BODY
8A17E393C645880D,0.80,6.10,30.80,0.24,0.37,0.67,BODY
C9CA432247F44075,2.65,6.53,31.60,0.51,0.44,0.75,BODY
34C5BD1CDDBB702C,-2.81,6.21,32.40,0.68,0.71,0.94,BODY
5A614DDB816B48BD,-0.68,6.28,30.00,0.59,0.58,0.80,BODY
D0A872C6A9C6391A,2.31,6.05,30.80,0.45,0.57,0.81,BODY
86CC5DF16822144D,-3.59,6.54,31.60,0.94,0.92,0.91,BODY
9693AF1DB1AD3B28,-1.33,6.61,32.40,0.28,0.35,0.91,BODY
74608EE9BC1DCB7F,1.03,6.16,30.00,0.81,0.86,1.00,BODY
CB463BB1F2E1932D,3.27,6.37,30.80,0.55,0.59,0.71,BODY
D0A14CD9E1A7F1AC,-2.35,6.27,31.60,0.03,0.36,0.91,BODY
9ED32E2285EE8C6A,0.23,6.39,32.40,0.38,0.42,0.69,BODY
C1CE6D93BBE5CC46,2.61,6.53,30.00,0.65,0.58,0.67,BODY
2B1BCE98DC2BE6F9,-3.74,6.30,30.80,0.97,0.91,0.87,BODY
670C21F845B2FD15,-1.58,6.46,31.60,0.43,0.49,0.94,BODY
28036CE412F8D95E,0.67,6.35,32.40,0.19,0.40,0.84,BODY
08C5AEDE99B8CE7E,3.41,6.40,30.00,0.03,0.29,0.87,BODY
4512F9E427A9BBEE,-3.19,6.41,30.80,0.35,0.44,0.73,BODY
F1475752B9C71800,-1.23,6.33,31.60,0.85,0.82,0.95,BODY
9927F4165090A478,1.36,6.74,32.40,0.65,0.62,0.76,BODY
161DBC4F1751E40F,3.61,6.72,30.00,0.39,0.41,0.65,BODY
FFA3E3DC8A409478,-1.94,6.59,30.80,0.03,0.36,0.91,BODY
CDC25CC4A452963F,0.47,6.82,31.60,0.38,0.42,0.69,BODY
BBCF777F944654B3,2.61,6.76,32.40,0.41,0.34,0.49,BODY
8E145C7F2136C2D6,-3.70,6.62,30.00,0.91,0.80,0.71,BODY
11BC3F6E6B22F708,-1.22,6.40,30.80,0.45,0.51,0.91,BODY
2C0A763345F7D51E,1.06,6.88,31.60,0.81,0.86,1.00,BODY
2D63BD7582C2B9A2,3.02,6.78,32.40,0.09,0.26,0.80,BODY
09E7A72FE824B287,-2.96,6.47,30.00,0.74,0.75,0.94,BODY
B7CF01C6C5E9A0F3,-0.73,6.36,30.80,0.78,0.77,0.96,BODY
DC7A4DC675BCFEFB,1.71,6.67,31.60,0.48,0.35,0.61,BODY
47C0F40D434A816B,-4.52,6.92,32.40,0.48,0.62,0.81,BODY
3FF26A4E459B4A4A,-1.71,6.56,30.00,0.68,0.86,1.00,BODY
E1B5A20854D347FD,0.68,6.43,30.80,0.44,0.64,0.96,BODY
CF61BB0B129BDCD7,2.94,6.49,31.60,0.44,0.36,0.65,BODY
086975CA8DC82693,-3.72,6.82,32.40,0.06,0.13,0.55,BODY
51F7F053732DA421,-0.66,6.86,30.00,0.84,0.79,0.93,BODY
67DC08E79E6A29C1,1.23,6.82,30.80,0.64,0.67,0.80,BODY
9E5FC67A004435F5,3.60,6.51,31.60,0.16,0.17,0.42,BODY
179FF3028EA273DC,-3.92,6.64,32.40,0.68,0.47,0.61,BODY
A4C78A6495EA5B94,-0.70,6.88,30.00,0.84,0.84,0.97,BODY
D491DCCD7E40B873,1.24,6.58,30.80,0.78,0.77,0.83,BODY
BB6154E293321043,3.86,7.03,31.60,0.34,0.36,0.58,BODY
2DFC3624E5DC43E3,-5.22,6.62,32.40,0.11,0.25,0.53,BODY
589DFC8FE7DDEC60,-3.34,6.60,30.00,0.45,0.38,0.74,BODY
171C6119043FC89A,-0.52,6.96,30.80,0.55,0.44,0.71,BODY
404F1FE1CFA5FB7A,2.82,7.01,31.60,0.13,0.24,0.55,BODY
82D1DDBC0578E389,4.92,6.85,32.40,0.38,0.37,0.57,BODY
55F6F280E072D8D7,-4.60,6.79,30.00,0.03,0.19,0.39,BODY
ADE03C96D6579768,-1.77,6.91,30.80,0.22,0.47,0.87,BODY
161F7DC6AE4643B9,0.78,7.07,31.60,0.34,0.52,0.78,BODY
7CE305E74A6B0FAC,3.77,6.62,32.40,0.61,0.68,0.93,BODY
D6AAC681BCAA1BAB,5.22,6.71,30.00,0.30,0.34,0.53,BODY
A9DEE50ED9DA2F20,-4.00,6.95,30.80,0.91,0.89,0.91,BODY
4D26E29BF157E70F,-1.24,7.13,31.60,0.46,0.51,0.96,BODY
CFE9FDD851BF70AB,1.10,7.19,32.40,0.81,0.87,1.00,BODY
C3C8B06E90767E41,3.97,6.78,30.00,0.46,0.51,0.71,BODY
1BE0865665F09B3E,-5.69,7.24,30.80,0.03,0.17,0.58,BODY
F77AA5A841B2B61A,-3.88,7.22,31.60,0.68,0.57,0.87,BODY
5C1DE7ECA29247F9,-1.05,7.08,32.40,0.58,0.60,0.96,BODY
EFC88B78A643D8AE,0.85,7.10,30.00,0.74,0.78,0.97,BODY
1BD1C11EFBC5B4DD,3.71,7.25,30.80,0.06,0.06,0.22,BODY
0EB89D474EE874C7,-5.17,7.05,31.60,0.12,0.30,0.77,BODY
C404EBC184F74B84,-3.72,7.20,32.40,0.51,0.47,0.83,BODY
5C78B4D4BF94633A,-0.91,7.11,30.00,0.58,0.60,0.96,BODY
7C7573428075EDEE,1.39,6.91,30.80,0.74,0.78,0.97,BODY
9E92A4A80AE86607,4.03,7.27,31.60,0.06,0.06,0.22,BODY
0F6DC0CC13F65C61,-5.51,7.18,32.40,0.12,0.30,0.77,BODY
1D971B6295EF0630,-3.68,7.38,30.00,0.65,0.44,0.65,BODY
A28EF0B807A915A2,-0.97,6.92,30.80,0.65,0.73,0.97,BODY
71A456F9233D8DFC,1.14,7.08,31.60,0.73,0.80,0.96,BODY
A1E36CAFDD28246C,3.85,7.22,32.40,0.09,0.11,0.22,BODY
4DE744DEDF039081,-5.77,7.42,30.00,0.17,0.25,0.50,BODY
FF86D9FAAAE7400D,-4.25,7.00,30.80,0.73,0.58,0.73,BODY
FC14C66325F290E7,-1.33,6.89,31.60,0.65,0.73,0.97,BODY
FF021324EB08749A,0.72,7.24,32.40,0.68,0.76,0.94,BODY
1D4B780BC31112DB,3.96,7.42,30.00,0.60,0.69,0.88,BODY
5531305A5594322B,5.61,7.24,30.80,0.55,0.54,0.81,BODY
2397AF3F7FC4B4D3,-4.53,7.04,31.60,0.42,0.56,0.85,BODY
E4F8507CB019CCB9,-1.79,7.38,32.40,0.59,0.67,0.91,BODY
98A1C4401A479E07,0.51,7.18,30.00,0.37,0.58,0.95,BODY
CA9205E71C8F024D,3.31,6.98,30.80,0.60,0.64,0.88,BODY
D8999CA0D00A56A8,5.28,7.08,31.60,0.65,0.64,0.82,BODY
7C22F77950B221C6,-4.61,7.04,32.40,0.28,0.51,0.80,BODY
B1875D12F7870349,-2.13,7.29,30.00,0.26,0.60,0.91,BODY
3F3262AA634F4D3C,0.25,7.43,30.80,0.50,0.69,0.97,BODY
244881254E9A74F0,3.03,7.46,31.60,0.24,0.34,0.73,BODY
06C0B62249E890FE,4.60,7.07,32.40,0.58,0.57,0.78,BODY
1DB0F0EB9A94B6BE,-5.07,7.19,30.00,0.39,0.64,0.97,BODY
FCB77FF29E49662A,-2.14,7.00,30.80,0.17,0.32,0.69,BODY
7FC61DB98E44A9C1,-0.37,7.26,31.60,0.87,0.63,0.80,BODY
5329513FBD9ED3BB,1.85,7.41,32.40,0.76,0.72,0.82,BODY
B538AF06ABFBAF43,4.20,7.56,30.00,0.64,0.65,0.80,BODY
5A7847F6887E2510,-5.23,7.57,30.80,0.42,0.71,0.97,BODY
335AC3FE2D7880F6,-3.85,7.25,31.60,0.62,0.62,0.86,BODY
D8E8E5940FD785E7,-1.02,7.62,32.40,0.71,0.75,0.96,BODY
A860D2485455F93A,1.10,7.14,30.00,0.58,0.65,0.91,BODY
9186562794215A15,4.26,7.18,30.80,0.81,0.81,0.91,BODY
42E14F1CD706C06E,-5.32,7.51,31.60,0.29,0.65,1.00,BODY
6D8067B15B5E8ED6,-3.93,7.37,32.40,0.16,0.32,0.84,BODY
6420C3F05953E8C4,-0.81,7.49,30.00,0.59,0.68,0.93,BODY
7744A8F491836C94,1.02,7.64,30.80,0.59,0.67,0.91,BODY
6B0185FB16EFE7C4,3.84,7.10,31.60,0.84,0.92,0.97,BODY
AC048A95FC461D1B,-5.63,7.72,32.40,0.18,0.32,0.70,BODY
6EB21F217FC788AE,-3.81,7.24,30.00,0.71,0.56,0.91,BODY
F158D65F36782021,-1.49,7.34,30.80,0.74,0.84,1.00,BODY
728F6FF07F3C4160,0.87,7.48,31.60,0.78,0.83,1.00,BODY
8CAD28ADED3EE7F3,3.70,7.26,32.40,0.81,0.91,0.97,BODY
4E699103A2789CA0,5.76,7.55,30.00,0.71,0.60,0.81,BODY
13F9614715B267FE,-4.10,7.56,30.80,0.65,0.49,0.65,BODY
9642F1D8F52F99F5,-0.96,7.23,31.60,0.60,0.76,0.95,BODY
9126F06780BE3F22,0.56,7.48,32.40,0.71,0.75,0.97,BODY
33B6A3DE81085F5B,3.67,7.68,30.00,0.35,0.44,0.87,BODY
644CA75454AD4C9B,5.15,7.70,30.80,0.95,0.93,0.99,BODY
2EB358996E5EE71A,-4.14,7.34,31.60,0.74,0.78,0.91,BODY
293FB7B001769E99,-1.35,7.41,32.40,0.65,0.74,0.95,BODY
E7FBA3D332526506,0.27,7.34,30.00,0.81,0.89,1.00,BODY
DACBF78F07191E72,3.38,7.73,30.80,0.67,0.71,0.98,BODY
3C31D6B678BBA11C,5.11,7.65,31.60,0.87,0.86,0.94,BODY
5F74BBA5C0DFE0A2,-4.71,7.86,32.40,0.57,0.60,0.86,BODY
6B7DB0BD710EF9B6,-1.82,7.65,30.00,0.45,0.61,0.91,BODY
B797519C3D243478,0.16,7.42,30.80,0.48,0.67,1.00,BODY
5EC8A8A082C95232,2.96,7.67,31.60,0.00,0.13,0.45,BODY
457E068DD9FB4E5C,4.67,7.62,32.40,0.89,0.91,0.98,BODY
84EA7B183E374376,-4.65,7.53,30.00,0.56,0.63,0.83,BODY
3B55C169F6DC39CB,-1.85,7.64,30.80,0.87,0.97,1.00,BODY
01F9208F26A39197,-0.27,7.61,31.60,0.27,0.47,0.96,BODY
DFD9F17DD9DB28E8,2.55,7.41,32.40,0.42,0.44,0.58,BODY
5C2CBBDF480032BD,4.51,7.82,30.00,0.87,0.98,1.00,BODY
56B4BE2AA8371677,-4.67,8.00,30.80,0.69,0.76,0.89,BODY
4D63C15D2C0D4304,-3.24,7.40,31.60,0.22,0.36,0.65,BODY
ED26CE77A3A8D233,0.05,7.66,32.40,0.13,0.27,0.72,BODY
FBF09FDFAA73E2EE,1.27,7.75,30.00,0.81,0.73,0.83,BODY
85901FA6478C8765,4.60,7.89,30.80,0.27,0.48,0.78,BODY
8ABAD97297B85A90,-5.23,7.73,31.60,0.69,0.76,0.89,BODY
7CAF9B2B31594A64,-3.35,7.64,32.40,0.34,0.24,0.41,BODY
75260C5E95A351B5,-0.69,7.69,30.00,0.94,0.81,1.00,BODY
042278A2E5B39517,1.24,7.90,30.80,0.58,0.75,0.91,BODY
C5C57D85CCC7844B,4.29,7.91,31.60,0.49,0.52,0.76,BODY
15EDAE6514AFB418,-4.69,7.86,32.40,0.71,0.81,1.00,BODY
7E1DDB6125FFD66F,-3.44,7.58,30.00,0.28,0.28,0.51,BODY
8BA35DC83F1C4DE5,0.00,8.00,30.80,0.06,0.28,0.80,BODY
23BA59D5657CDFB5,2.67,7.52,31.60,0.04,0.18,0.60,BODY
8BE7C142F1D289B2,4.46,7.98,32.40,0.45,0.55,0.85,BODY
4AA6402689D97DCC,-4.23,7.68,30.00,0.67,0.64,0.91,BODY
9BC935F067EB9CF8,-1.04,7.76,30.80,0.71,0.84,0.97,BODY
3C780E9C18733F78,0.61,7.85,31.60,0.32,0.51,0.84,BODY
878138036C71F58B,3.65,7.72,32.40,0.46,0.60,0.96,BODY
EA0CE5E4BBC51C43,-4.79,7.96,30.00,0.34,0.46,0.71,BODY
6C0CFBBDD1D41C61,-1.66,8.12,30.80,0.24,0.40,0.73,BODY
5B295C244A46CB3A,0.46,7.98,31.60,0.19,0.43,0.87,BODY
6FF54F9BCD2E4FEB,3.11,7.92,32.40,0.39,0.67,1.00,BODY
5FD4335F5396654F,-4.83,7.67,30.00,0.34,0.46,0.71,BODY
6B0C92339D7A610F,-1.86,8.11,30.80,0.35,0.59,1.00,BODY
DB88F8637A6D6B6F,0.35,8.25,31.60,0.19,0.43,0.87,BODY
E061338FC668B828,3.07,7.74,32.40,0.84,0.86,0.94,BODY
559CC2FF6D4397D5,-4.40,7.91,30.00,0.76,0.79,0.87,BODY
466CD85944D01854,-1.70,8.15,30.80,0.91,0.97,1.00,BODY
7B499068BA73A1A2,0.73,7.98,31.60,0.72,0.80,0.98,BODY
452A17396B8E6B83,3.53,8.13,32.40,0.26,0.41,0.87,BODY
51374234B12F7BB5,-3.70,7.83,30.00,0.58,0.55,0.84,BODY
C3A8ACD3B7369787,-0.69,8.20,30.80,0.87,0.95,1.00,BODY
3F9BFB0A9A3EC50D,0.95,7.81,31.60,0.48,0.47,0.68,BODY
DAF3CEC6DEF8F442,4.29,8.14,32.40,0.55,0.63,0.89,BODY
01E8A874E1DAB6B7,-3.46,7.82,30.00,0.32,0.40,0.91,BODY
2B0249AF51944A0C,-0.44,7.81,30.80,0.17,0.42,0.96,BODY
50488A57FAA9128E,3.28,7.94,31.60,0.28,0.55,0.91,BODY
D6B5153136C52E04,-4.94,8.31,32.40,0.32,0.45,0.78,BODY
2457297D69689284,-3.12,7.93,30.00,0.75,0.62,0.77,BODY
119DD9DF3C0BAF7C,0.36,8.30,30.80,0.81,0.89,1.00,BODY
0C450BE2E777B1B9,3.39,8.14,31.60,0.19,0.27,0.71,BODY
455A6C4700111B0F,-4.57,8.41,32.40,0.78,0.54,0.71,BODY
177738FFD89EF1D5,-1.00,8.22,30.00,0.55,0.67,0.87,BODY
AC9D955D64EFDD1B,0.61,8.01,30.80,0.47,0.42,0.60,BODY
B17AA95500982E1A,4.26,8.11,31.60,0.45,0.55,0.93,BODY
1F579360BE3D321B,-3.83,8.13,32.40,0.48,0.61,0.88,BODY
0F1326D49304AFE7,0.28,8.15,30.00,0.84,0.91,1.00,BODY
EB41849FA65D3DD8,3.51,7.98,30.80,0.62,0.50,0.70,BODY
0C84B9AA862A598D,-4.97,8.11,31.60,0.38,0.50,0.84,BODY
CA9AF3226316954E,-3.26,8.45,32.40,0.71,0.44,0.65,BODY
F7ACBB43B3ADA1DE,2.95,8.29,30.00,0.15,0.38,0.90,BODY
3A77A5A42CCF9FD1,4.55,8.37,30.80,0.34,0.38,0.53,BODY
7B853A18D38EAAD3,-4.08,8.36,31.60,0.16,0.38,0.87,BODY
731D51769DFEBDA8,0.35,8.61,32.40,0.73,0.79,0.96,BODY
8ECFEFBE55E8779B,3.79,8.07,30.00,0.09,0.27,0.65,BODY
8B3B18A8EB9E4CD7,-4.43,8.24,30.80,0.81,0.57,0.74,BODY
9E6AEE0C144AC119,-2.91,8.20,31.60,0.57,0.41,0.64,BODY
2D2C42BB30E4874B,2.58,8.31,32.40,0.30,0.56,0.96,BODY
8F0E2D2D48E814FB,4.24,8.31,30.00,0.48,0.56,0.78,BODY
894A5D96190A9CAC,-3.88,8.32,30.80,0.38,0.41,0.78,BODY
C2DC23AB9C7BEF46,0.29,8.58,31.60,0.71,0.80,0.94,BODY
9C85DFCAE7F6060B,3.57,8.29,32.40,0.42,0.38,0.74,BODY
78BECC6C77317A95,-4.79,8.63,30.00,0.65,0.65,0.84,BODY
861D6F7CE10DAF6A,-3.30,8.68,30.80,0.91,0.92,0.97,BODY
E7946AE1A6F4758F,2.52,8.43,31.60,0.03,0.29,0.91,BODY
9792C08E6EE6555F,4.54,8.69,32.40,0.55,0.62,0.94,BODY
4C1A9FDA3883B126,-4.21,8.62,30.00,0.45,0.44,0.78,BODY
704BF496E7B07DDB,-0.15,8.25,30.80,0.84,0.92,1.00,BODY
BF20C30FBF7C740D,3.67,8.78,31.60,0.78,0.59,0.65,BODY
571C010082E72C0F,-4.83,8.30,32.40,0.19,0.29,0.65,BODY
FE3FAE5AC2F89FDD,-3.01,8.82,30.00,0.71,0.78,0.97,BODY
F666FFB30EB3C85B,2.81,8.67,30.80,0.08,0.31,0.86,BODY
7D859A0A8E2C1BE5,4.02,8.53,31.60,0.58,0.62,0.97,BODY
90E91CFE9D3C2BCF,-4.27,8.39,32.40,0.45,0.43,0.78,BODY
FA5225A7FA38EFD4,-0.09,8.41,30.00,0.84,0.91,1.00,BODY
36C16490A0106DF8,3.29,8.63,30.80,0.91,0.92,0.94,BODY
39F14226C3194559,-5.12,8.60,31.60,0.32,0.43,0.75,BODY
7124B33A75B2214E,-2.95,8.91,32.40,0.80,0.83,0.97,BODY
A65750A78A4B17A7,2.60,8.90,30.00,0.08,0.31,0.86,BODY
E5C2C51A33659E44,4.20,8.90,30.80,0.58,0.65,0.88,BODY
E64409ABF58361D4,-4.24,8.77,31.60,0.53,0.49,0.81,BODY
55AA4785DEAB3C45,-0.21,8.94,32.40,0.68,0.80,0.94,BODY
8BED8F622A72EECE,3.59,8.84,30.00,0.61,0.53,0.71,BODY
2078CFD2D308116F,-5.17,8.60,30.80,0.61,0.66,0.87,BODY
B193C453A433686D,-3.21,8.60,31.60,1.00,0.78,0.91,BODY
79CED2261587CD1E,3.05,8.84,32.40,0.24,0.52,0.91,BODY
AEE2006E56C428FE,4.63,8.62,30.00,0.70,0.76,0.89,BODY
D043C386EF231C22,-3.55,8.64,30.80,0.44,0.75,0.95,BODY
556D239DD7BD5EBB,0.31,8.77,31.60,0.65,0.67,0.94,BODY
A532DFEA0701AD87,4.07,9.08,32.40,0.42,0.52,0.94,BODY
9C4EB11801B0A5E1,-4.16,8.88,30.00,0.55,0.67,0.97,BODY
4766E1B879C44EDD,0.04,8.76,30.80,0.81,0.92,0.97,BODY
DAD4EFA27E1F18D5,3.94,9.08,31.60,0.35,0.43,0.78,BODY
530AC52091CF5EC7,-4.67,9.16,32.40,0.87,0.81,0.87,BODY
8995B5AC62FB8D25,-0.50,9.20,30.00,0.09,0.33,0.84,BODY
B55A6F91CA88D58D,3.34,9.11,30.80,0.83,0.91,0.97,BODY
B91A1064461653D9,-5.28,9.27,31.60,0.37,0.53,0.87,BODY
50780E039C4ECFBE,-3.10,8.92,32.40,0.78,0.67,0.87,BODY
C4901FA7B9717C6E,2.81,9.14,30.00,0.75,0.83,0.96,BODY
0E93355612B42171,-5.52,9.06,30.80,0.38,0.43,0.59,BODY
52DFC9ADD5F06F66,-2.94,8.90,31.60,0.67,0.79,0.96,BODY
03C0CF17DB613B56,3.00,8.95,32.40,0.59,0.73,0.96,BODY
FB1545B6EE959618,4.68,9.33,30.00,0.41,0.47,0.75,BODY
B4C2A62D473F5818,-3.14,9.23,30.80,0.78,0.85,0.98,BODY
01B0158F7C326697,2.89,9.24,31.60,0.84,0.91,1.00,BODY
2B4485C87BE8988A,-5.28,9.44,32.40,0.58,0.64,0.87,BODY
0FA9BFDA71877528,-3.12,9.35,30.00,0.78,0.67,0.87,BODY
5F4DDC5FA666C740,2.90,8.88,30.80,0.97,0.97,1.00,BODY
5294488AA0EC645C,-5.00,8.96,31.60,0.13,0.25,0.68,BODY
B9E944CA617C058E,-0.45,9.21,32.40,0.87,0.97,1.00,BODY
DD47974EECBAA72C,3.90,9.42,30.00,0.74,0.83,1.00,BODY
4C847F587D0F9FD3,-4.61,9.26,30.80,0.38,0.51,0.91,BODY
D34ABDD52BB8C437,2.45,9.54,31.60,0.84,0.91,1.00,BODY
9C75A2C782D0DE55,5.28,9.40,32.40,0.21,0.27,0.47,BODY
14A1497D25AB6C8A,-0.32,9.51,30.00,0.91,0.95,1.00,BODY
DB77F78DD8CED1FC,4.51,9.04,30.80,0.35,0.44,0.91,BODY
7BFAB1BD44D67F51,-4.79,9.51,31.60,0.62,0.58,0.81,BODY
86EFCA0540E4B1FB,4.04,9.31,32.40,0.22,0.36,0.78,BODY
FF9D8165BA094EB6,-4.86,9.25,30.00,0.78,0.53,0.68,BODY
C5C0A15E8A3C5863,2.98,9.43,30.80,0.91,0.95,1.00,BODY
32184BC79EDAE40A,-5.22,9.53,31.60,0.19,0.35,0.84,BODY
FC4035A28B2CE2DF,2.75,9.41,32.40,0.88,0.95,0.99,BODY
94004C509D650C40,-5.65,9.51,30.00,0.32,0.40,0.80,BODY
805DDAF295BC42AA,3.08,9.66,30.80,0.78,0.82,0.93,BODY
4C79DDA7F43F5AE5,-5.13,9.44,31.60,0.74,0.76,0.91,BODY
7A3C4665A189BD2C,4.40,9.38,32.40,0.58,0.68,0.93,BODY
180800D3E202DFA1,-4.84,9.53,30.00,0.46,0.53,0.90,BODY
41B241B5249570C4,4.61,9.32,30.80,0.56,0.62,0.96,BODY
F806605254DA92DB,2.46,9.86,31.60,0.84,0.91,1.00,BODY
3D5CF83A955B8AD1,-5.56,9.63,32.40,0.81,0.75,0.91,BODY
C37FA0C20BC8541D,4.67,9.64,30.00,0.38,0.51,0.91,BODY
631838221EEA4670,2.71,9.86,30.80,0.50,0.64,0.86,BODY
5990C91461658162,-5.00,9.74,31.60,0.78,0.53,0.71,BODY
762BE5BF3430348D,5.00,10.00,32.40,0.39,0.38,0.71,BODY
9737B145F7CBEF2E,5.11,10.11,30.00,0.46,0.56,0.96,BODY
19695FFCC3918448,4.23,9.67,30.80,0.38,0.54,0.87,BODY
27C6F5099E64569C,-5.20,9.73,31.60,0.70,0.68,0.93,BODY
42C5EF86161325AA,-5.16,9.78,32.40,0.69,0.54,0.83,BODY
5CB509146419F6B9,-5.72,9.97,30.00,0.58,0.68,1.00,BODY
FD68EF18FF3EE297,5.40,9.82,30.80,0.87,0.84,0.91,BODY
90D41920BB2AEA7A,5.18,9.95,31.60,0.45,0.49,0.94,BODY
BF1775494E18DDBE,4.92,10.17,32.40,0.47,0.63,0.93,BODY
2A1A9A942D9F4C73,4.20,10.32,30.00,0.29,0.44,0.84,BODY
C9A4E1E6BB90AAA2,-5.03,10.39,30.80,0.73,0.69,0.95,BODY
3B11FC104BAEF6E7,-5.52,10.35,31.60,0.68,0.57,0.87,BODY
4FBB5940F77B9D85,-5.18,10.16,32.40,0.84,0.70,0.97,BODY
4335A1AA9AC18D5C,-5.54,10.36,30.00,0.65,0.78,1.00,BODY
09C3A700BEE2E57F,-5.82,10.49,30.80,0.03,0.24,0.84,BODY
BB9AAED8AE612D73,-5.81,10.69,31.60,0.17,0.37,0.89,BODY
40A6630E2581710C,-5.67,10.80,32.40,0.17,0.37,0.89,BODY
BC41A399C481A831,-5.79,10.60,30.00,0.45,0.54,1.00,BODY
8EB0126D07E77A43,-6.04,10.48,30.80,0.06,0.30,0.84,BODY
49691E60CFE63D3D,-5.61,10.40,31.60,0.51,0.64,0.95,BODY
BE827DF29B20BC25,-5.32,10.57,32.40,1.00,0.94,1.00,BODY
D1AD8FFE2EAC03E0,-5.27,10.88,30.00,0.42,0.43,0.60,BODY
4FAE36881989C040,5.19,11.14,30.80,0.36,0.58,0.95,BODY
807FAEB0FE435D72,5.21,10.67,31.60,0.87,0.80,0.91,BODY
04C1A906CCF9C06E,-5.91,10.88,32.40,0.65,0.67,0.91,BODY
303DF4A1E589CD5B,5.27,11.18,30.00,0.26,0.40,0.87,BODY
CB33360195930139,-6.19,11.08,30.80,0.33,0.47,0.87,BODY
E2E92A6B7E64A141,5.52,11.17,31.60,0.60,0.70,0.93,BODY
3078E70D5BF3C18A,5.74,11.26,32.40,0.84,0.86,0.97,BODY
