ID,X,Y,Z,R,G,B,PART
E1376749677EB4A3,14.82,-7.98,30.00,0.80,0.94,1.00,BODY
3AD712C52BEA49E8,17.19,-7.59,30.20,0.72,0.91,1.00,BODY
42156EF7F80D068F,15.06,-7.72,30.40,0.80,0.94,1.00,BODY
E57B41A424052B87,16.75,-7.66,30.60,0.72,0.91,1.00,BODY
B3B659737ADAD42A,14.91,-7.23,30.00,0.72,0.91,1.00,BODY
04C105B9B18CBFB7,15.83,-7.67,30.20,0.72,0.91,1.00,BODY
4A536883CB3B8BA5,17.11,-7.30,30.40,0.72,0.91,1.00,BODY
481883DB3E641716,14.96,-7.52,30.60,0.73,0.92,1.00,BODY
F45391B6DF7536B6,0.30,-7.21,30.00,1.00,0.80,0.28,BODY
90B75D1BCA05B447,15.16,-7.14,30.20,0.73,0.92,1.00,BODY
CFEF189CD1964375,-13.66,-7.06,30.40,1.00,0.80,0.29,BODY
95108453ABAC4537,-3.76,-7.00,30.60,1.00,0.80,0.28,BODY
5A0BEA0DD7E1DF3D,4.42,-7.27,30.00,1.00,0.80,0.29,BODY
7D842F5983EA7D60,15.66,-7.15,30.20,0.72,0.91,1.00,BODY
5905F2ED5B5C5AEC,-13.04,-7.29,30.40,1.00,0.80,0.29,BODY
9866C15CA846057B,-5.66,-6.83,30.60,1.00,0.80,0.29,BODY
92170496A05B06C6,0.12,-6.94,30.00,1.00,0.80,0.29,BODY
E400B1D18612BD23,5.64,-6.81,30.20,1.00,0.80,0.29,BODY
E62D7407DD9CD80F,17.12,-6.87,30.40,0.72,0.91,1.00,BODY
B1DF41053E73C09E,-12.73,-7.30,30.60,1.00,0.80,0.29,BODY
F86FCE52560DC090,-5.63,-6.79,30.00,1.00,0.80,0.29,BODY
C6BFCE45076185D4,-2.54,-7.03,30.20,1.00,0.80,0.29,BODY
30B59E6F7086D12E,4.06,-7.32,30.40,1.00,0.80,0.29,BODY
0C59BE668AF2ADA0,10.50,-7.27,30.60,1.00,0.80,0.29,BODY
22669487A13B2800,17.34,-6.86,30.00,0.72,0.91,1.00,BODY
489BAFEBB93A349C,-13.15,-6.97,30.20,1.00,0.80,0.29,BODY
B598DEC9B2164221,-5.82,-6.99,30.40,1.00,0.80,0.29,BODY
729CA79904E8F245,-3.08,-7.25,30.60,1.00,0.80,0.29,BODY
4C46BA580CDAC72C,0.10,-6.90,30.00,1.00,0.80,0.29,BODY
2C453B25967739DB,5.55,-6.83,30.20,1.00,0.80,0.29,BODY
04766FE3C3964E07,14.91,-7.10,30.40,0.72,0.91,1.00,BODY
C85BAF40EEA26E3E,-14.61,-6.87,30.60,1.00,0.80,0.29,BODY
E5DE6A77D1F6CDB6,-12.13,-7.01,30.00,1.00,0.80,0.29,BODY
753393F0B0C6863A,-5.76,-6.68,30.20,1.00,0.80,0.29,BODY
49FC03EBD0651585,-2.16,-7.23,30.40,1.00,0.80,0.29,BODY
68809F76CFE3F8BC,0.23,-7.18,30.60,1.00,0.80,0.29,BODY
9B0BA3AA214846E1,5.78,-6.88,30.00,1.00,0.80,0.29,BODY
29C5250863C484D2,15.31,-6.91,30.20,0.72,0.91,1.00,BODY
4B28E54B162C4012,-23.32,-6.87,30.40,0.71,0.91,1.00,BODY
DC3D3B57B61D4AC7,-12.85,-6.79,30.60,1.00,0.80,0.29,BODY
35BE3EE849A4B844,-8.40,-7.15,30.00,1.00,0.84,0.23,BODY
D70BB73F089DE8B5,-3.34,-6.70,30.20,1.00,0.80,0.29,BODY
411778B6FF3F56F1,-0.94,-6.95,30.40,1.00,0.80,0.29,BODY
28F60087A50F9F5E,4.30,-6.94,30.60,1.00,0.80,0.29,BODY
DB6E6AA24BE4F450,10.59,-7.06,30.00,1.00,0.80,0.29,BODY
E86C1983383373A4,17.49,-6.94,30.20,0.72,0.91,1.00,BODY
ADDE459BFCC76CF2,-13.94,-6.92,30.40,1.00,0.80,0.29,BODY
4F4652DD9395A09C,-12.08,-6.92,30.60,1.00,0.80,0.29,BODY
1753A46E7A066B95,-5.53,-6.84,30.00,1.00,0.80,0.29,BODY
68F09AA24FA3025D,-2.46,-7.13,30.20,1.00,0.80,0.29,BODY
EBE6E9CEF34014C7,0.26,-6.69,30.40,1.00,0.80,0.29,BODY
52974919CDB153C5,5.06,-6.68,30.60,1.00,0.81,0.28,BODY
710813DADD2AEDBB,11.13,-6.79,30.00,1.00,0.80,0.28,BODY
16F508E1F36A8D76,18.07,-6.72,30.20,0.72,0.91,1.00,BODY
0B70B010865967D8,-14.07,-6.88,30.40,1.00,0.80,0.29,BODY
D95AB97B87A7C630,-11.70,-6.54,30.60,1.00,0.84,0.23,BODY
251A26C5CC754D23,-5.41,-6.88,30.00,1.00,0.80,0.29,BODY
93174EAA7B1AFC76,-2.77,-6.90,30.20,1.00,0.80,0.29,BODY
714BD56BB531E481,0.28,-6.79,30.40,1.00,0.80,0.29,BODY
14FF1A1A535B912B,5.09,-7.06,30.60,1.00,0.80,0.29,BODY
CA613CB7C7B1A5B7,14.72,-6.75,30.00,0.73,0.96,1.00,BODY
7BA3C2B106F22931,17.86,-6.74,30.20,0.72,0.92,1.00,BODY
49C8435ADAD32301,-13.43,-6.72,30.40,1.00,0.80,0.29,BODY
50E59D07B5C731F6,-11.41,-6.59,30.60,1.00,0.80,0.29,BODY
9674D509EB2C0F39,-5.53,-6.98,30.00,1.00,0.80,0.29,BODY
87BD92054C2C1F41,-2.27,-6.64,30.20,1.00,0.80,0.29,BODY
981EA608FBFAF46F,-0.20,-6.55,30.40,1.00,0.80,0.29,BODY
2ADBE265FD56F4B6,5.27,-7.00,30.60,1.00,0.80,0.28,BODY
EDB8A9148B14C019,10.83,-6.75,30.00,1.00,0.80,0.29,BODY
4B8AA8D52B65E144,-24.77,-6.64,30.20,0.72,0.91,1.00,BODY
E6578606632F0E53,-13.57,-6.88,30.40,1.00,0.80,0.29,BODY
02D45C29208CBE2E,-9.40,-6.80,30.60,1.00,0.80,0.29,BODY
796EE7A20FAB7EDD,-5.46,-6.73,30.00,1.00,0.80,0.29,BODY
8C65F8EB0E541BDE,-2.26,-6.87,30.20,1.00,0.80,0.29,BODY
0F74353588BC8FFA,0.20,-6.61,30.40,1.00,0.80,0.29,BODY
B9BE89A2E5544977,4.59,-6.72,30.60,1.00,0.80,0.28,BODY
A35FAE0E96239BA8,11.25,-6.56,30.00,1.00,0.80,0.29,BODY
115D0C5416681010,-23.82,-6.71,30.20,0.72,0.91,1.00,BODY
676A14F6A6AF2733,-13.42,-6.83,30.40,1.00,0.80,0.29,BODY
F739D842CFAD51E5,-9.07,-6.41,30.60,1.00,0.80,0.29,BODY
3DE2AC251C9C74B6,-4.94,-6.59,30.00,1.00,0.82,0.27,BODY
8749C560C7888D23,-2.13,-6.60,30.20,1.00,0.80,0.29,BODY
24F54263CA9E6B1D,0.48,-6.47,30.40,1.00,0.80,0.29,BODY
D5B5FA4A044C560E,5.36,-6.57,30.60,1.00,0.80,0.29,BODY
F8F5FC8856CF53F0,10.90,-6.53,30.00,1.00,0.81,0.28,BODY
D764E11D95D54B94,-14.47,-6.65,30.20,1.00,0.80,0.29,BODY
7558EAAAB4A894DA,-12.35,-6.56,30.40,1.00,0.80,0.29,BODY
9025DAB6C78CDECB,-8.50,-6.55,30.60,1.00,0.80,0.29,BODY
79B284E24EF0734F,-3.82,-6.81,30.00,1.00,0.80,0.29,BODY
2583C24377560A77,-1.88,-6.38,30.20,1.00,0.80,0.29,BODY
5E66B3451050DBC8,1.01,-6.63,30.40,1.00,0.80,0.29,BODY
0F6172FB6F42ACC9,5.82,-6.45,30.60,1.00,0.80,0.29,BODY
BC3A9FA8F25CCC36,16.69,-6.34,30.00,0.71,0.91,1.00,BODY
1F2A282922F8529C,-14.17,-6.57,30.20,1.00,0.80,0.29,BODY
627C98C37BD9EA06,-12.29,-6.77,30.40,1.00,0.80,0.29,BODY
7BD67AE070201825,-8.71,-6.47,30.60,1.00,0.80,0.29,BODY
E33F56BF959FE63C,-3.74,-6.50,30.00,1.00,0.80,0.29,BODY
8573D3A9726A8FFF,-1.56,-6.65,30.20,1.00,0.80,0.29,BODY
46920D9381FF521F,0.83,-6.25,30.40,1.00,0.82,0.29,BODY
CC9275D41D7012CD,6.15,-6.53,30.60,1.00,0.80,0.29,BODY
7706F23FD596507B,16.01,-6.46,30.00,0.72,0.91,1.00,BODY
1AAB9EE62C634F37,-14.63,-6.48,30.20,1.00,0.80,0.29,BODY
403C71724EB4B287,-12.38,-6.35,30.40,1.00,0.80,0.29,BODY
78E268EC88505381,-8.60,-6.54,30.60,1.00,0.80,0.29,BODY
9302B30E7A893083,-3.89,-6.48,30.00,1.00,0.80,0.29,BODY
B3F12A06C3E59337,-1.88,-6.42,30.20,1.00,0.80,0.29,BODY
91EA3AC2D956C314,1.04,-6.39,30.40,1.00,0.80,0.29,BODY
941B1E3610C0C0F6,6.02,-6.38,30.60,1.00,0.80,0.29,BODY
C2A76FA5467B2C62,15.86,-6.74,30.00,0.72,0.91,1.00,BODY
630BF463ED5B305D,-22.93,-6.32,30.20,0.72,0.91,1.00,BODY
89D9ABEA59BEA702,-12.67,-6.63,30.40,1.00,0.80,0.29,BODY
97B336246D047EA0,-9.44,-6.68,30.60,1.00,0.80,0.29,BODY
EFB120AF5DA5FAB7,-5.42,-6.52,30.00,1.00,0.80,0.29,BODY
AC9283A56C02A624,-2.43,-6.46,30.20,1.00,0.80,0.29,BODY
B716CD9BB339664A,-0.10,-6.68,30.40,1.00,0.80,0.29,BODY
143DEC82F839EE2C,5.10,-6.30,30.60,1.00,0.80,0.29,BODY
3CE9029A06DF0E02,10.99,-6.68,30.00,1.00,0.80,0.29,BODY
D992EB8B14386CCE,-24.88,-6.13,30.20,0.72,0.91,1.00,BODY
550B5040C459133C,-13.91,-6.21,30.40,1.00,0.80,0.29,BODY
1404772CAB163ED0,-11.53,-6.29,30.60,1.00,0.80,0.29,BODY
66A49249FAD9C5D1,-8.22,-6.13,30.00,1.00,0.79,0.28,BODY
83CB16C1276A8BAF,-3.51,-6.11,30.20,1.00,0.80,0.29,BODY
7A4E21DD9E21CD6B,-1.65,-6.59,30.40,1.00,0.80,0.29,BODY
CFB320DDA60C74B8,1.30,-6.54,30.60,1.00,0.80,0.29,BODY
D32910F5E551AB45,6.19,-6.28,30.00,1.00,0.80,0.29,BODY
34CFD27F36820A79,10.87,-6.17,30.20,1.00,0.80,0.29,BODY
A4D1D5F06A93F092,-24.82,-6.57,30.40,0.72,0.91,1.00,BODY
5E214C32BB282F4D,-13.70,-6.60,30.60,1.00,0.80,0.29,BODY
DD899A305D1D9B5F,-11.21,-6.34,30.00,1.00,0.80,0.29,BODY
D4D87E610388D4AF,-6.17,-6.40,30.20,1.00,0.80,0.29,BODY
F6890EC72C15058E,-3.41,-6.49,30.40,1.00,0.80,0.29,BODY
9C040E4E1968AF0F,-1.34,-6.25,30.60,1.00,0.80,0.29,BODY
46025F5B5C184AD8,3.44,-6.49,30.00,1.00,0.80,0.29,BODY
82843677C97B3A7C,7.47,-6.57,30.20,1.00,0.84,0.23,BODY
184CC713CFAF2ED0,11.40,-6.61,30.40,1.00,0.80,0.29,BODY
6B0126B9D8D98587,-23.54,-6.35,30.60,0.72,0.91,1.00,BODY
FDFDAEC41BC6A244,-13.57,-6.29,30.00,1.00,0.80,0.29,BODY
D8AA54F007006B79,-11.23,-6.45,30.20,1.00,0.80,0.29,BODY
0CD682D070F04988,-5.99,-6.45,30.40,1.00,0.80,0.29,BODY
97133B72EACC4D8F,-2.81,-6.11,30.60,1.00,0.80,0.29,BODY
9AA982A8F95E137A,-0.74,-6.28,30.00,1.00,0.80,0.29,BODY
573BC9EEDF720E2A,4.00,-6.15,30.20,1.00,0.80,0.29,BODY
185BF2E402442C89,7.79,-6.46,30.40,1.00,0.80,0.29,BODY
FBFEFA2B3595EDA0,15.35,-6.49,30.60,0.71,0.91,1.00,BODY
76DCC520A853894C,-23.67,-6.23,30.00,0.72,0.91,1.00,BODY
F08F59F85B545AC4,-13.36,-6.12,30.20,1.00,0.80,0.29,BODY
B8232F9E46F6DA3C,-10.70,-6.00,30.40,1.00,0.87,0.23,BODY
5719DCB1ABC0B206,-5.68,-6.45,30.60,1.00,0.80,0.29,BODY
078D96E2979FA3DE,-3.11,-5.95,30.00,1.00,0.80,0.29,BODY
BDB8D2CA6737F64F,-0.47,-6.52,30.20,1.00,0.80,0.29,BODY
723F2F0A76B36AFE,4.20,-6.52,30.40,1.00,0.80,0.29,BODY
280DD2D1A1BA951C,8.19,-6.49,30.60,1.00,0.80,0.29,BODY
32C840BD4117D595,15.70,-6.28,30.00,0.72,0.91,1.00,BODY
7B3DE2F060C6D088,-23.40,-6.07,30.20,0.72,0.91,1.00,BODY
7164E093F985ED0B,-12.71,-5.94,30.40,1.00,0.80,0.29,BODY
4A09CBEE140052D7,-9.73,-6.08,30.60,1.00,0.80,0.29,BODY
31E358135B0E59E7,-5.76,-6.08,30.00,1.00,0.80,0.29,BODY
20E59CB789181B9B,-2.46,-6.08,30.20,1.00,0.80,0.29,BODY
E62D0FA7C678070E,-0.23,-6.03,30.40,1.00,0.80,0.29,BODY
A748D6E4F4DED463,4.49,-5.97,30.60,1.00,0.80,0.29,BODY
712C466FCEDA27E2,8.28,-5.91,30.00,1.00,0.80,0.29,BODY
81CEF8AB53BD0FB4,15.83,-6.09,30.20,0.72,0.91,1.00,BODY
D40F8666E8C13BD0,-23.60,-6.14,30.40,0.72,0.92,1.00,BODY
5A6958C00D1DBE88,-12.95,-6.30,30.60,1.00,0.80,0.29,BODY
FFD82D749D5A0F7D,-9.33,-6.44,30.00,1.00,0.80,0.29,BODY
BEC9EEB32934CFAB,-5.47,-5.94,30.20,1.00,0.80,0.29,BODY
243001C85049A847,-2.77,-6.13,30.40,1.00,0.80,0.29,BODY
DB28719C856DACEC,0.30,-5.85,30.60,1.00,0.80,0.29,BODY
7777172D8148DBAF,3.95,-6.17,30.00,1.00,0.80,0.29,BODY
93EC818E049889BC,8.19,-6.42,30.20,1.00,0.80,0.29,BODY
A6DB9EA66B07956F,14.55,-6.24,30.40,0.72,0.91,1.00,BODY
4D15F28CDD5D9DD4,-24.58,-5.90,30.60,0.73,0.92,1.00,BODY
0F67249524A50393,-13.32,-6.14,30.00,1.00,0.80,0.29,BODY
19A9D6228293A7FC,-10.87,-6.31,30.20,1.00,0.80,0.29,BODY
837FC171C7E41E03,-6.24,-6.36,30.40,1.00,0.80,0.29,BODY
B606DC0A0D914740,-3.49,-6.31,30.60,1.00,0.80,0.29,BODY
193C23BC280360EA,-0.82,-6.28,30.00,1.00,0.80,0.29,BODY
A4EB4CB23470EA28,1.59,-6.03,30.20,1.00,0.80,0.27,BODY
BA0FC4BA3FC419F2,5.03,-6.23,30.40,1.00,0.80,0.29,BODY
31F331C04EDFAE8F,8.72,-5.96,30.60,1.00,0.80,0.29,BODY
E0E09057A5CCB64D,15.54,-6.30,30.00,0.72,0.91,1.00,BODY
523C36903C0A34E3,-23.75,-6.31,30.20,0.72,0.91,1.00,BODY
63215BA084A61B88,-12.55,-6.04,30.40,1.00,0.80,0.28,BODY
0AC8550CFDE8B3E5,-9.92,-5.95,30.60,1.00,0.80,0.29,BODY
A6122707AE4AB4F6,-5.96,-6.31,30.00,1.00,0.80,0.29,BODY
953C884AC23212EB,-2.58,-5.97,30.20,1.00,0.80,0.29,BODY
B9ADB91339C4BC50,0.17,-6.24,30.40,1.00,0.80,0.29,BODY
CEC10570A1C35280,2.40,-6.07,30.60,1.00,0.80,0.29,BODY
91CB177080C564A9,4.87,-6.10,30.00,1.00,0.80,0.29,BODY
1304A871AD19C2D2,8.22,-5.77,30.20,1.00,0.80,0.29,BODY
1A1C5E037A24B13F,15.70,-6.23,30.40,0.71,0.92,1.00,BODY
35B0E02B39C3391E,-23.98,-6.16,30.60,0.71,0.91,1.00,BODY
414B31689FED9AAB,-12.32,-5.88,30.00,1.00,0.80,0.29,BODY
7376A133BB686119,-8.95,-6.18,30.20,1.00,0.80,0.29,BODY
5865F08D5B6B8360,-5.54,-5.71,30.40,1.00,0.80,0.29,BODY
BD05BB15147E6A51,0.39,-5.81,30.60,1.00,0.80,0.29,BODY
952631627148B1C9,2.69,-6.17,30.00,1.00,0.80,0.29,BODY
6F007AD173113613,5.68,-6.11,30.20,1.00,0.80,0.29,BODY
5FE0DD26CC1209F7,9.13,-6.08,30.40,1.00,0.80,0.29,BODY
604CC8F44205973C,16.19,-5.76,30.60,0.72,0.91,1.00,BODY
2EE58D25815D4859,-23.72,-6.16,30.00,0.72,0.91,1.00,BODY
6BBE25F90482E1D7,-11.60,-5.85,30.20,1.00,0.80,0.29,BODY
6A5949660D1D3803,-8.80,-6.05,30.40,1.00,0.80,0.29,BODY
5A8BDCFE8D2C01E9,-4.38,-5.93,30.60,1.00,0.80,0.29,BODY
68EBC2B44FE062CF,1.30,-5.99,30.00,1.00,0.80,0.29,BODY
3A862E7E1D898306,3.35,-5.89,30.20,1.00,0.80,0.29,BODY
AFE576B7F2D4F93B,7.29,-5.75,30.40,1.00,0.80,0.28,BODY
22F772D5948CE749,10.48,-6.10,30.60,1.00,0.80,0.29,BODY
79FA968B46E1C5BA,17.27,-6.21,30.00,0.35,0.96,1.00,BODY
BCF370964CFA121B,-14.08,-5.78,30.20,1.00,0.80,0.29,BODY
CB7ABD68AF23BE44,-10.65,-6.05,30.40,1.00,0.80,0.29,BODY
D24F659834519205,-6.33,-6.16,30.60,1.00,0.80,0.29,BODY
B24C26BA3611C29A,-3.12,-5.65,30.00,1.00,0.80,0.29,BODY
38323935FF4CA5DD,2.24,-5.64,30.20,1.00,0.80,0.29,BODY
ABABA22EA8A196C5,5.35,-6.19,30.40,1.00,0.82,0.26,BODY
010963606F5A015C,8.33,-6.16,30.60,1.00,0.80,0.29,BODY
3F9A2A448E9C4A09,14.82,-6.05,30.00,0.72,0.91,1.00,BODY
86EB44620D398BD9,-24.34,-5.86,30.20,0.72,0.91,1.00,BODY
629F79181D3AF728,-12.41,-5.60,30.40,1.00,0.80,0.27,BODY
8DA4020CBD6D74E4,-8.96,-5.72,30.60,1.00,0.80,0.29,BODY
112DE8D610676BAB,-5.29,-5.61,30.00,1.00,0.80,0.29,BODY
7AAB0666B02F21A9,0.80,-5.93,30.20,1.00,0.80,0.29,BODY
4EBDC28CB1F187A3,3.15,-6.14,30.40,1.00,0.80,0.29,BODY
78709322879EA4C4,5.83,-5.63,30.60,1.00,0.80,0.29,BODY
8CF34B6075F76692,8.80,-5.59,30.00,1.00,0.80,0.28,BODY
9DAB18BBB3121F2D,16.23,-5.65,30.20,0.72,0.91,1.00,BODY
D5BE22DE6DD0B38D,-23.51,-5.67,30.40,0.72,0.91,1.00,BODY
B20D39C71708FFB5,-11.53,-5.88,30.60,1.00,0.80,0.29,BODY
DFB694773219B77E,-8.70,-5.77,30.00,1.00,0.80,0.29,BODY
11F87650A29C81C6,-3.99,-5.59,30.20,1.00,0.80,0.29,BODY
F7812E268349832F,1.03,-5.99,30.40,1.00,0.80,0.29,BODY
C97C4FECB5B3F21A,3.73,-5.51,30.60,1.00,0.80,0.29,BODY
06D7247686E8CE21,7.50,-5.76,30.00,1.00,0.81,0.27,BODY
7331BE2670E97971,10.41,-5.90,30.20,1.00,0.80,0.29,BODY
3201E0F18D666C7E,16.73,-5.84,30.40,0.72,0.91,1.00,BODY
14A34AEEE0C0F2DB,-23.24,-5.90,30.60,0.72,0.91,1.00,BODY
40DE52EC7F738FDF,-11.61,-5.65,30.00,1.00,0.80,0.29,BODY
E1E2B84479371C0D,-8.66,-5.72,30.20,1.00,0.80,0.29,BODY
956DF7D96833DA02,-3.71,-5.72,30.40,1.00,0.80,0.29,BODY
8CD0A0B79AB1BEC1,1.27,-5.68,30.60,1.00,0.80,0.29,BODY
78C36B06AAE15182,3.99,-5.79,30.00,1.00,0.80,0.29,BODY
6FC7F6D5B4915F04,7.79,-6.03,30.20,1.00,0.80,0.29,BODY
F266989E6F2E44D6,10.85,-5.55,30.40,1.00,0.80,0.29,BODY
39530A3E2C8069C4,16.95,-5.76,30.60,0.72,0.91,1.00,BODY
B9020B47C14B44CB,-15.02,-5.76,30.00,1.00,0.80,0.29,BODY
F77A7B11498C2929,-11.17,-5.78,30.20,1.00,0.80,0.29,BODY
CCF1FCBEB1FE7CDD,-6.68,-5.51,30.40,1.00,0.80,0.29,BODY
8FC176EB08AF232B,-3.67,-5.41,30.60,1.00,0.80,0.29,BODY
A49FB896B21EDFF9,1.89,-5.93,30.00,1.00,0.80,0.29,BODY
EBB1D268BF5A5471,4.14,-5.93,30.20,1.00,0.80,0.29,BODY
589A819C1679D5B1,7.82,-5.83,30.40,1.00,0.80,0.29,BODY
7E229AB5A0EDB57B,11.19,-5.68,30.60,1.00,0.80,0.29,BODY
2AC89F6460062E2D,17.95,-5.51,30.00,0.73,0.90,1.00,BODY
B285DA9050235066,-14.69,-5.85,30.20,1.00,0.80,0.29,BODY
E12C071AF035EB65,-10.65,-5.89,30.40,1.00,0.80,0.29,BODY
0DCEFEF77ED24F7B,-6.63,-5.66,30.60,1.00,0.80,0.29,BODY
F20D1CC4E35923F8,-3.53,-5.78,30.00,1.00,0.80,0.29,BODY
586E670AD9624F3C,1.93,-5.38,30.20,1.00,0.80,0.29,BODY
A5C7679846623DCF,4.66,-5.51,30.40,1.00,0.80,0.29,BODY
231BE6603746C2B9,7.98,-5.52,30.60,1.00,0.80,0.29,BODY
A8DDD73E86FD6153,10.83,-5.58,30.00,1.00,0.80,0.29,BODY
8188A37876582CEA,17.95,-5.62,30.20,0.76,0.96,1.00,BODY
2F3F8CAA2ED5AD47,-22.71,-5.88,30.40,0.72,0.91,1.00,BODY
26803E479437B7E0,-11.07,-5.67,30.60,1.00,0.80,0.29,BODY
A7A48056FEB0589E,-6.90,-5.53,30.00,1.00,0.80,0.29,BODY
2994EB950199D076,-3.58,-5.44,30.20,1.00,0.80,0.29,BODY
E37AB8D4DA3EB6B5,1.89,-5.80,30.40,1.00,0.80,0.29,BODY
3F31C7544F3658F2,4.41,-5.46,30.60,1.00,0.80,0.29,BODY
9218704C00471BB3,7.85,-5.34,30.00,1.00,0.80,0.29,BODY
3A9778DD5C5E4A8B,10.55,-5.81,30.20,1.00,0.80,0.29,BODY
3FD264F3039B8814,17.51,-5.66,30.40,0.72,0.91,1.00,BODY
CF5E2B06EC45E097,-22.92,-5.41,30.60,0.72,0.91,1.00,BODY
3D04343E0726A6D9,-11.28,-5.58,30.00,1.00,0.80,0.29,BODY
4F83EEFE3AE2FDEF,-6.94,-5.64,30.20,1.00,0.80,0.29,BODY
A9726F4B8DBE4002,-3.46,-5.74,30.40,1.00,0.80,0.29,BODY
4777F368C3CD33DD,1.62,-5.57,30.60,1.00,0.80,0.29,BODY
B0B8BED51AB8DC67,4.17,-5.40,30.00,1.00,0.80,0.29,BODY
86F512D8EDA39717,7.84,-5.30,30.20,1.00,0.80,0.29,BODY
F75F982E157C60F5,10.63,-5.25,30.40,1.00,0.80,0.29,BODY
FCAF9C2600B0FBB2,15.62,-5.41,30.60,0.72,0.91,1.00,BODY
AB7286E2DE1612F2,18.74,-5.76,30.00,0.73,0.95,1.00,BODY
54EDF3D7B6F828BF,-14.78,-5.79,30.20,1.00,0.80,0.29,BODY
9FA81132404A404F,-10.63,-5.72,30.40,1.00,0.80,0.29,BODY
2CBE9AB38FBFF33D,-6.37,-5.26,30.60,1.00,0.80,0.29,BODY
BDF01A64E803F917,0.48,-5.55,30.00,1.00,0.80,0.29,BODY
312F82405289FCDD,2.68,-5.54,30.20,1.00,0.80,0.29,BODY
508FCA95F3382E21,5.67,-5.63,30.40,1.00,0.80,0.29,BODY
DE1B86076CEBAB39,8.48,-5.26,30.60,1.00,0.80,0.29,BODY
BD5937312F3EFF2C,13.96,-5.78,30.00,0.71,0.92,1.00,BODY
7099009F9B7983BF,16.36,-5.75,30.20,0.72,0.91,1.00,BODY
A167ABF759021F3B,18.66,-5.71,30.40,0.72,0.91,1.00,BODY
5617B22C2140802C,-24.30,-5.29,30.60,0.72,0.91,1.00,BODY
F5AC3B7C8BEF44D9,-14.90,-5.36,30.00,1.00,0.80,0.29,BODY
BD052D78D56C2EC8,-10.54,-5.70,30.20,1.00,0.80,0.29,BODY
151DAFACE74699F0,-7.56,-5.31,30.40,1.00,0.80,0.29,BODY
D90F5C3A2E231141,-3.91,-5.63,30.60,1.00,0.80,0.29,BODY
A8084D4991C53D1A,1.39,-5.21,30.00,1.00,0.80,0.29,BODY
48FB9153AB5B413C,3.41,-5.69,30.20,1.00,0.80,0.29,BODY
5C64324261128DC4,7.48,-5.65,30.40,1.00,0.80,0.29,BODY
07640A6E5BAD2D71,10.24,-5.49,30.60,1.00,0.80,0.29,BODY
4A3B21A711F0DB74,15.31,-5.65,30.00,0.72,0.91,1.00,BODY
F3248757D4A6953B,17.34,-5.69,30.20,0.72,0.91,1.00,BODY
B42EB53FE023B70B,-25.94,-5.69,30.40,0.72,0.91,1.00,BODY
2AC0BAF2B4E32553,-23.52,-5.10,30.60,0.72,0.91,1.00,BODY
60F3F3B46E07746F,-13.93,-5.41,30.00,1.00,0.80,0.29,BODY
29DC39E2DE2D3C45,-9.19,-5.63,30.20,1.00,0.80,0.29,BODY
2FF39DDB99D7700C,-7.09,-5.24,30.40,1.00,0.80,0.29,BODY
812C872F2AB17975,-3.47,-5.48,30.60,1.00,0.80,0.29,BODY
93183AF59EA4C422,1.65,-5.55,30.00,1.00,0.80,0.29,BODY
2B4DE3264E04AF8D,3.97,-5.40,30.20,1.00,0.80,0.28,BODY
5D59B5F152D898A1,7.94,-5.37,30.40,1.00,0.80,0.29,BODY
1DAE2881D9BCA411,10.81,-5.68,30.60,1.00,0.80,0.29,BODY
37C53442D93BD1D7,15.61,-5.25,30.00,0.72,0.91,1.00,BODY
E70ECE883F932876,17.95,-5.26,30.20,0.72,0.91,1.00,BODY
58EE67D43CC143B0,-25.70,-5.25,30.40,0.72,0.91,1.00,BODY
CD1050152B2D08DE,-23.36,-5.51,30.60,0.72,0.91,1.00,BODY
5DCE4C82E5AA9983,-11.22,-5.55,30.00,1.00,0.80,0.29,BODY
0773F9B63D126B83,-8.71,-5.56,30.20,1.00,0.80,0.29,BODY
7F2A9997A33F3966,-6.32,-5.54,30.40,1.00,0.80,0.29,BODY
C71D1A23F54B3174,0.55,-5.13,30.60,1.00,0.80,0.29,BODY
75D74736C1261342,2.57,-5.43,30.00,1.00,0.80,0.29,BODY
ACA96A681F1046EB,5.40,-5.46,30.20,1.00,0.80,0.29,BODY
396115E7C9E9B972,8.12,-5.41,30.40,1.00,0.80,0.29,BODY
F5C398D14B75EB97,11.48,-5.13,30.60,1.00,0.80,0.28,BODY
88756CA2CF5ACFA6,16.11,-5.36,30.00,0.72,0.91,1.00,BODY
37A5844D59BB7166,18.59,-5.65,30.20,0.72,0.91,1.00,BODY
76E284D69988459F,-24.70,-5.19,30.40,0.72,0.91,1.00,BODY
30D2E4FF2B8C5707,-14.85,-5.50,30.60,1.00,0.80,0.27,BODY
0621499BF04E45ED,-10.51,-5.56,30.00,1.00,0.80,0.29,BODY
32EB7488584481F8,-8.15,-5.09,30.20,1.00,0.80,0.29,BODY
05FC6485FFF9396D,-5.75,-5.30,30.40,1.00,0.84,0.24,BODY
9C3281D1339B706D,1.04,-5.02,30.60,1.00,0.80,0.29,BODY
16D958E0B35749D0,3.48,-5.58,30.00,1.00,0.80,0.29,BODY
579586E71749603C,6.19,-5.54,30.20,1.00,0.80,0.29,BODY
022FF417873415E8,9.12,-5.23,30.40,1.00,0.80,0.29,BODY
A6FDF641A6673AB0,14.66,-5.16,30.60,0.72,0.91,1.00,BODY
4302F7AD8F0A7A2E,17.27,-5.43,30.00,0.72,0.91,1.00,BODY
7F62D1F668F416D9,19.37,-5.31,30.20,0.72,0.91,1.00,BODY
A5742E6378B3B357,-23.46,-5.30,30.40,0.72,0.91,1.00,BODY
61429642D7540708,-10.74,-5.53,30.60,1.00,0.80,0.29,BODY
A2DDBE7BDE0A8E93,-8.14,-5.38,30.00,1.00,0.80,0.29,BODY
3004A65543F7CAE6,-6.23,-4.99,30.20,1.00,0.80,0.29,BODY
1B8621AE5CF4DB9B,1.04,-5.26,30.40,1.00,0.80,0.29,BODY
2655314029C85623,2.92,-5.33,30.60,1.00,0.80,0.29,BODY
C8FF797B3FCCC191,6.12,-4.97,30.00,1.00,0.80,0.29,BODY
6B4EBB7147F6E09C,8.67,-5.06,30.20,1.00,0.80,0.29,BODY
39F4D89BC369A470,14.26,-5.41,30.40,0.79,0.94,1.00,BODY
C2A25E35E11C8E91,16.64,-5.20,30.60,0.72,0.91,1.00,BODY
5C64E93F93C061A2,19.03,-5.20,30.00,0.73,0.91,1.00,BODY
58FEE9DD5398AD41,-23.01,-5.13,30.20,0.72,0.91,1.00,BODY
9E0793BC17C9ED2B,-11.00,-5.09,30.40,1.00,0.80,0.29,BODY
69235A93349153A1,-8.14,-5.42,30.60,1.00,0.80,0.29,BODY
816E7E08F30A49AC,-5.87,-5.45,30.00,1.00,0.80,0.29,BODY
EAFB8F2E50A615AE,1.20,-4.98,30.20,1.00,0.80,0.29,BODY
664FCEB05D6B64F0,3.26,-5.50,30.40,1.00,0.80,0.29,BODY
57A0C2676B0CA8D3,6.09,-5.22,30.60,1.00,0.80,0.29,BODY
FF03353EDD3E9215,9.20,-4.98,30.00,1.00,0.80,0.29,BODY
5160AA82CACC805A,15.40,-5.08,30.20,0.71,0.92,1.00,BODY
F9C4F06B7C1E110F,18.62,-4.97,30.40,0.72,0.91,1.00,BODY
994EF0A47B710F92,-23.16,-5.19,30.60,0.72,0.91,1.00,BODY
4AC44C8FF3431474,-10.69,-4.95,30.00,1.00,0.80,0.29,BODY
A236C9EAEF228B16,-8.36,-5.08,30.20,1.00,0.80,0.29,BODY
EC4A36D06A0B242D,-6.13,-4.97,30.40,1.00,0.80,0.29,BODY
76313B861F85CC26,-2.84,-5.14,30.60,1.00,0.80,0.29,BODY
0AA54BDFF378A81A,1.79,-5.40,30.00,1.00,0.80,0.29,BODY
AF63C3FB1084C397,3.92,-5.40,30.20,1.00,0.80,0.29,BODY
BD107A9AFBABA30E,7.67,-5.29,30.40,1.00,0.80,0.29,BODY
399B5284D9FBADC2,10.07,-5.40,30.60,1.00,0.80,0.29,BODY
4FD526897E3C8C57,16.89,-4.87,30.00,0.72,0.91,1.00,BODY
4ED5DAD59B9CF133,-24.23,-5.21,30.20,0.72,0.91,1.00,BODY
BEC4893502528FCC,-11.60,-5.08,30.40,1.00,0.80,0.29,BODY
766E94FA6085DB3C,-8.94,-5.38,30.60,1.00,0.80,0.29,BODY
248B1D35750FD38D,-6.27,-5.16,30.00,1.00,0.80,0.29,BODY
4C50F0F0ABF704FC,-3.42,-5.17,30.20,1.00,0.80,0.29,BODY
83F64B6A9FCED6F9,0.19,-5.22,30.40,1.00,0.80,0.29,BODY
DF5922132FCAC834,2.94,-4.83,30.60,1.00,0.80,0.27,BODY
D596214B958E75B3,5.77,-5.02,30.00,1.00,0.80,0.29,BODY
C821B83CA3AAE06D,8.07,-5.04,30.20,1.00,0.80,0.29,BODY
05492A9C3947C042,10.94,-5.00,30.40,1.00,0.80,0.29,BODY
1DBA09F2AAD6D561,18.44,-4.85,30.60,0.73,0.92,1.00,BODY
14BB8ECD89AA7CA2,-14.48,-4.97,30.00,1.00,0.80,0.29,BODY
9CA9529F71FB19B0,-9.67,-4.97,30.20,1.00,0.80,0.28,BODY
5FD4462658074475,-7.50,-5.29,30.40,1.00,0.80,0.29,BODY
8BA56142914B95CE,-3.91,-4.84,30.60,1.00,0.80,0.29,BODY
825468A5C830764A,-1.99,-5.35,30.00,1.00,0.80,0.29,BODY
1EF58FFBC908D274,1.65,-5.17,30.20,1.00,0.80,0.29,BODY
69FCB03314FFEC3E,5.56,-5.34,30.40,1.00,0.80,0.29,BODY
FD33C9A86AC24F27,8.35,-4.77,30.60,1.00,0.80,0.29,BODY
7C8B76250CCDDFF2,11.33,-5.24,30.00,1.00,0.80,0.29,BODY
165C170A8A4DA458,18.76,-5.04,30.20,0.72,0.91,1.00,BODY
51D42705CE426EBE,-14.74,-5.09,30.40,1.00,0.80,0.29,BODY
384393FF7AEE5443,-10.02,-5.17,30.60,1.00,0.80,0.29,BODY
B28AA521B217E603,-7.42,-5.29,30.00,1.00,0.80,0.29,BODY
3723A443098F5F0B,-4.11,-5.03,30.20,1.00,0.80,0.29,BODY
B5D0A828ECE51922,-1.83,-4.78,30.40,1.00,0.80,0.29,BODY
94B12E19CC6D73E5,1.57,-4.87,30.60,1.00,0.80,0.29,BODY
A117A8E9A884F589,5.60,-4.92,30.00,1.00,0.80,0.29,BODY
70BDD65C91C97E2E,8.29,-5.24,30.20,1.00,0.80,0.29,BODY
EBB701B1C0B0C1F4,11.08,-4.79,30.40,1.00,0.80,0.29,BODY
DAE9F1D8CA76EA38,17.87,-5.07,30.60,0.72,0.91,1.00,BODY
38FBA64C6D566345,-15.03,-4.95,30.00,1.00,0.80,0.29,BODY
F17B0B0D415E9720,-10.27,-4.88,30.20,1.00,0.80,0.29,BODY
774EF4FD0EB420D8,-7.73,-4.93,30.40,1.00,0.80,0.29,BODY
2935DC030BC7DB1A,-5.32,-4.98,30.60,1.00,0.80,0.29,BODY
ECD3B858DFB8ECD8,-2.40,-5.24,30.00,1.00,0.80,0.29,BODY
C087602B6AD5C171,0.91,-4.93,30.20,1.00,0.80,0.29,BODY
8EB170F30FCAFF01,5.36,-4.86,30.40,1.00,0.80,0.29,BODY
A3D69805E7C1176D,7.84,-4.67,30.60,1.00,0.80,0.29,BODY
520766B8BDF6E686,10.37,-4.96,30.00,1.00,0.80,0.29,BODY
4A36EAFFD4B08781,17.56,-5.05,30.20,0.71,0.91,1.00,BODY
A2F44885DD0D1BB9,-23.16,-4.88,30.40,0.75,0.95,1.00,BODY
E0DC6ABC0A8C1CD9,-10.70,-5.06,30.60,1.00,0.80,0.29,BODY
300AA3E7DA5D7E2F,-7.94,-4.94,30.00,1.00,0.80,0.29,BODY
57698DD6522F1822,-5.90,-4.93,30.20,1.00,0.80,0.29,BODY
590BE04F73BF2995,-2.56,-4.78,30.40,1.00,0.80,0.29,BODY
C2EB576A69C10FA8,0.39,-4.60,30.60,1.00,0.80,0.29,BODY
08BFCAB1D993E506,4.07,-4.62,30.00,1.00,0.80,0.29,BODY
FF5B880E100D6B58,7.17,-4.75,30.20,1.00,0.80,0.29,BODY
129153DA3633C0FD,10.21,-4.69,30.40,1.00,0.80,0.29,BODY
331BB35401B8FAF8,17.61,-4.82,30.60,0.71,0.91,1.00,BODY
326A338583F4430D,-14.53,-4.62,30.00,1.00,0.80,0.29,BODY
1CAD996036D2FD48,-10.54,-5.07,30.20,1.00,0.80,0.29,BODY
42866233DD5700A8,-7.71,-4.81,30.40,1.00,0.80,0.29,BODY
F1B7E330B6ACE8B4,-4.68,-5.08,30.60,1.00,0.80,0.29,BODY
FC8B0015F4AED5F9,-2.14,-5.12,30.00,1.00,0.80,0.29,BODY
083EA1F051FA8A83,1.06,-4.57,30.20,1.00,0.80,0.29,BODY
29C7C8CFEF2F3E19,5.10,-4.70,30.40,1.00,0.80,0.29,BODY
20ABD67D41CAB494,7.78,-4.61,30.60,1.00,0.80,0.29,BODY
5D9E536D4ACA39D5,10.40,-4.70,30.00,1.00,0.80,0.29,BODY
5A8B7F3755DEAF2D,19.27,-4.85,30.20,0.72,0.91,1.00,BODY
D2188A9EF68E172E,-13.98,-4.88,30.40,1.00,0.80,0.29,BODY
3178B0EAD9FF8A16,-9.06,-4.60,30.60,1.00,0.80,0.29,BODY
3AE6DBEB6098BCAD,-6.64,-4.83,30.00,1.00,0.80,0.29,BODY
8ED45E733C6009CD,-4.01,-4.78,30.20,1.00,0.80,0.29,BODY
102B89B3BADD7149,-1.59,-4.93,30.40,1.00,0.80,0.29,BODY
1A9E803FC52D9483,1.89,-4.95,30.60,1.00,0.80,0.28,BODY
89D6C618618041E7,5.76,-4.94,30.00,1.00,0.80,0.29,BODY
FB6ABD261916779D,8.69,-4.72,30.20,1.00,0.80,0.29,BODY
DA5720E4BEEE7267,11.23,-4.83,30.40,1.00,0.81,0.28,BODY
18B71CDBEB9AC72A,-24.96,-4.46,30.60,0.72,0.91,1.00,BODY
E015A5CECAF1ECC5,-11.20,-4.73,30.00,1.00,0.80,0.29,BODY
B1DACFC57EB5910A,-8.72,-4.46,30.20,1.00,0.80,0.29,BODY
C6A4950EB97C8FB8,-6.29,-4.50,30.40,1.00,0.80,0.29,BODY
99D8044A5ADBED84,-3.48,-5.04,30.60,1.00,0.80,0.29,BODY
2D1FAFDE0276E8BF,-1.49,-4.46,30.00,1.00,0.80,0.29,BODY
15DE36E107970DEB,3.12,-4.80,30.20,1.00,0.80,0.29,BODY
B0231F10F824AC3F,6.75,-4.93,30.40,1.00,0.80,0.28,BODY
89E1F1EFDD9D7AEC,9.00,-4.49,30.60,1.00,0.80,0.29,BODY
04D954CD34B7FDD4,16.38,-4.64,30.00,0.71,0.92,1.00,BODY
A1A7F351697C3CD0,-24.89,-4.88,30.20,0.72,0.91,1.00,BODY
E4E968004218E4FE,-11.20,-4.85,30.40,1.00,0.80,0.29,BODY
5F16D6E16F4C18B9,-8.33,-4.61,30.60,1.00,0.80,0.29,BODY
28A63202B6B31EA5,-6.40,-4.53,30.00,1.00,0.80,0.29,BODY
E216829289BDDC48,-3.33,-4.81,30.20,1.00,0.80,0.29,BODY
147A5DE968DCAAEA,-1.23,-4.64,30.40,1.00,0.80,0.29,BODY
398A37653AE5CBC5,3.46,-4.75,30.60,1.00,0.80,0.29,BODY
99B926132E0EAB51,6.59,-4.49,30.00,1.00,0.85,0.22,BODY
3DE555AF67EAEC45,9.44,-4.62,30.20,1.00,0.80,0.29,BODY
6D906E5B33FA7BB8,16.00,-4.47,30.40,0.72,0.91,1.00,BODY
CCF26900A730A8D4,-24.45,-4.72,30.60,0.72,0.91,1.00,BODY
0B44700FB01D471C,-11.32,-4.40,30.00,1.00,0.80,0.29,BODY
81CB27E0476A9FF8,-8.63,-4.59,30.20,1.00,0.80,0.29,BODY
B47E92046F00FC0B,-6.27,-4.64,30.40,1.00,0.80,0.29,BODY
D9580266CCED1CF9,-3.33,-4.78,30.60,1.00,0.80,0.29,BODY
B103780EB65712FA,-0.97,-4.72,30.00,1.00,0.80,0.29,BODY
99B2BA576FB896D0,3.00,-4.85,30.20,1.00,0.80,0.29,BODY
E6243E8C6D18D828,6.58,-4.53,30.40,1.00,0.80,0.27,BODY
28B122CD72B24FD2,9.44,-4.84,30.60,1.00,0.80,0.29,BODY
93FBD4E9A91F68E6,15.91,-4.45,30.00,0.72,0.91,1.00,BODY
99DD3F69C6FB345E,-24.64,-4.58,30.20,0.72,0.91,1.00,BODY
9DA7C11648FA2E34,-11.09,-4.71,30.40,1.00,0.80,0.29,BODY
4A2E2C94DD2D6D38,-8.75,-4.47,30.60,1.00,0.80,0.29,BODY
F6C408C516D8E4DF,-6.34,-4.75,30.00,1.00,0.80,0.29,BODY
B2815AC44989CAE5,-3.28,-4.85,30.20,1.00,0.80,0.29,BODY
455A4DCF08DDCFBD,-1.02,-4.53,30.40,1.00,0.80,0.29,BODY
1649A4E0B13BF349,3.07,-4.44,30.60,1.00,0.80,0.29,BODY
9AED3E792000BD9C,6.09,-4.53,30.00,1.00,0.80,0.29,BODY
1FED0B0917306360,9.41,-4.57,30.20,1.00,0.80,0.29,BODY
E71B16E70AEBC04E,16.19,-4.89,30.40,0.72,0.91,1.00,BODY
A38C04C96106F23D,-23.88,-4.68,30.60,0.71,0.91,1.00,BODY
6A73A4B98E3784F5,-10.86,-4.30,30.00,1.00,0.80,0.29,BODY
4FA9B0F2C45B1F04,-7.73,-4.48,30.20,1.00,0.80,0.29,BODY
60B777EA5AC03D8E,-6.00,-4.45,30.40,1.00,0.80,0.29,BODY
83C9961F73EDF0C5,-3.08,-4.42,30.60,1.00,0.80,0.29,BODY
418CBFE9047A8B22,-0.96,-4.78,30.00,1.00,0.80,0.28,BODY
5FF4A48765B82F01,3.41,-4.79,30.20,1.00,0.80,0.29,BODY
CB8DF9B7C844D5D9,6.84,-4.80,30.40,1.00,0.80,0.29,BODY
6F999CB96E6F1027,9.88,-4.77,30.60,1.00,0.80,0.29,BODY
A6618F21967C9906,17.17,-4.79,30.00,0.69,0.96,1.00,BODY
C01C5A82D36AABB6,-14.79,-4.66,30.20,1.00,0.80,0.29,BODY
34966EA2F0CBC657,-10.22,-4.70,30.40,1.00,0.80,0.29,BODY
C200611EBFDDA2C0,-7.37,-4.21,30.60,1.00,0.80,0.29,BODY
7FD647CEE2B4E66D,-5.53,-4.77,30.00,1.00,0.80,0.29,BODY
90D100372EEA1059,-2.55,-4.37,30.20,1.00,0.80,0.29,BODY
B22F863CF51D53A1,0.79,-4.58,30.40,1.00,0.80,0.29,BODY
2B4831466B4A0A16,3.73,-4.78,30.60,1.00,0.80,0.29,BODY
5830228056ADD3E6,7.47,-4.26,30.00,1.00,0.80,0.29,BODY
3BA55DA4291618A0,10.45,-4.51,30.20,1.00,0.80,0.29,BODY
FF39EB5142C9CAC2,17.88,-4.49,30.40,0.72,0.91,1.00,BODY
D12079E20AC104FB,-14.48,-4.53,30.60,1.00,0.80,0.29,BODY
AA87C796DDDB0C0D,-9.41,-4.67,30.00,1.00,0.80,0.28,BODY
F053419244395F3F,-7.69,-4.53,30.20,1.00,0.80,0.29,BODY
DB33207D88D62ABE,-5.13,-4.58,30.40,1.00,0.80,0.29,BODY
1309BA21549CF20E,-2.35,-4.24,30.60,1.00,0.80,0.29,BODY
3D291588E0DD026C,1.27,-4.45,30.00,1.00,0.80,0.29,BODY
8307A8D9C5133A68,5.17,-4.35,30.20,1.00,0.81,0.28,BODY
4C19212AF271BD34,7.44,-4.33,30.40,1.00,0.80,0.29,BODY
58E6E3A8C7FD924C,10.43,-4.38,30.60,1.00,0.80,0.29,BODY
80B646B6B9629DA0,-25.73,-4.62,30.00,0.72,0.91,1.00,BODY
1136EDC19BE0AC61,-14.18,-4.48,30.20,1.00,0.80,0.29,BODY
91FFC96257E52311,-9.67,-4.20,30.40,1.00,0.80,0.29,BODY
B248379F51F605D1,-6.07,-4.21,30.60,1.00,0.80,0.29,BODY
45CF3EAB42AAF99D,-3.58,-4.56,30.00,1.00,0.80,0.29,BODY
4B79C6B857FCE91D,-1.57,-4.34,30.20,1.00,0.80,0.29,BODY
C48506E807B8C79B,2.96,-4.59,30.40,1.00,0.80,0.29,BODY
821DCC8E54A4FDDA,6.51,-4.16,30.60,1.00,0.80,0.29,BODY
9F55CD1AB9B91349,9.57,-4.55,30.00,1.00,0.80,0.29,BODY
D06B079D1522AD8B,16.99,-4.60,30.20,0.72,0.91,1.00,BODY
087B27E4DC40B85B,-23.68,-4.56,30.40,0.72,0.91,1.00,BODY
EDE393C760228347,-10.83,-4.62,30.60,1.00,0.80,0.29,BODY
5FD0F310E0BD736B,-6.73,-4.39,30.00,1.00,0.81,0.27,BODY
30E15BA658ED3EE6,-4.04,-4.44,30.20,1.00,0.80,0.29,BODY
1FF84697C1E8EDB5,-2.18,-4.43,30.40,1.00,0.80,0.29,BODY
402F351E992CAC91,1.44,-4.09,30.60,1.00,0.80,0.29,BODY
5A114ACFF5E7E04C,5.53,-4.19,30.00,1.00,0.80,0.29,BODY
7DA08D8BE9503F77,8.98,-4.37,30.20,1.00,0.80,0.29,BODY
C23E8ABA440EACBF,11.31,-4.50,30.40,1.00,0.80,0.29,BODY
9B14C70EA9AA031B,-25.53,-4.06,30.60,0.72,0.91,1.00,BODY
F06F044CAEFFEA9C,-13.76,-4.47,30.00,1.00,0.80,0.29,BODY
225F36A954DA886E,-8.91,-4.22,30.20,1.00,0.80,0.29,BODY
159E41A0B434C03A,-5.26,-4.18,30.40,1.00,0.80,0.29,BODY
14B2B37A56A523EA,-2.67,-4.38,30.60,1.00,0.80,0.29,BODY
DBE2742462D56232,0.95,-4.18,30.00,1.00,0.80,0.29,BODY
C414D0A4BD1A31F5,4.75,-4.16,30.20,1.00,0.80,0.29,BODY
DF1E6508A8AE5199,7.39,-4.40,30.40,1.00,0.80,0.29,BODY
B0EB921A2367068D,10.50,-4.22,30.60,1.00,0.80,0.29,BODY
4354993590178D07,18.11,-4.43,30.00,0.71,0.91,1.00,BODY
1793EC6D12CD1493,-13.75,-4.47,30.20,1.00,0.80,0.29,BODY
F79D7294D8E2FC48,-8.75,-4.33,30.40,1.00,0.80,0.29,BODY
FDF72F40636278F8,-5.24,-4.17,30.60,1.00,0.80,0.29,BODY
283CF2F3ACB12187,-2.35,-4.38,30.00,1.00,0.80,0.29,BODY
748E764160B36CC5,1.29,-4.51,30.20,1.00,0.80,0.29,BODY
34FEAAEC1D2D3743,5.24,-4.16,30.40,1.00,0.80,0.29,BODY
B63326AE3A5BAB42,7.43,-4.23,30.60,1.00,0.80,0.29,BODY
D40BFC26BCBA7784,10.43,-4.22,30.00,1.00,0.80,0.29,BODY
079CCCF84FD3209A,-25.40,-3.95,30.20,0.72,0.92,1.00,BODY
48F901C0E234DA29,-13.67,-4.20,30.40,1.00,0.80,0.29,BODY
E42BC5A7856DBB3A,-8.62,-4.29,30.60,1.00,0.80,0.29,BODY
42B4B6726209036B,-4.55,-4.08,30.00,1.00,0.80,0.29,BODY
78309014BA8ED95B,-1.96,-3.94,30.20,1.00,0.80,0.29,BODY
1AEF6BDC8F25EC9B,1.55,-4.03,30.40,1.00,0.80,0.29,BODY
95687A6DC72A17AE,5.26,-4.04,30.60,1.00,0.80,0.29,BODY
BA0B4C04B524E547,7.98,-4.38,30.00,1.00,0.89,0.25,BODY
C88E36C8C7E17AF2,10.92,-4.20,30.20,1.00,0.80,0.29,BODY
D0AD4727264DFD2E,-25.32,-3.91,30.40,0.72,0.91,1.00,BODY
27420871D4E48559,-11.16,-4.14,30.60,1.00,0.80,0.29,BODY
F27612CD4F0AB715,-8.89,-4.45,30.00,1.00,0.80,0.29,BODY
5E4114FCAF80D119,-4.02,-4.44,30.20,1.00,0.80,0.29,BODY
0CBE6EF3E56E53E4,-2.14,-4.06,30.40,1.00,0.80,0.29,BODY
F417EA66003231E4,1.51,-4.38,30.60,1.00,0.80,0.29,BODY
1001A0E4796A52F4,5.31,-4.00,30.00,1.00,0.80,0.29,BODY
90A714EE9DB1AE7F,9.13,-4.32,30.20,1.00,0.80,0.29,BODY
45C96AE9CBA9305E,10.95,-4.16,30.40,1.00,0.80,0.29,BODY
A7CAB65E24D7BFFB,-24.04,-4.27,30.60,0.72,0.92,1.00,BODY
D6FA16E83201EFA8,-10.91,-4.20,30.00,1.00,0.80,0.29,BODY
4A472DBABD32F9B4,-6.10,-4.06,30.20,1.00,0.81,0.28,BODY
C08D25ED14AE3F80,-3.45,-4.11,30.40,1.00,0.80,0.29,BODY
216797E581B99793,-1.22,-4.12,30.60,1.00,0.80,0.29,BODY
918388EB33879CEC,3.68,-3.88,30.00,1.00,0.80,0.29,BODY
7188FF6E3B5F0E5A,6.70,-4.03,30.20,1.00,0.80,0.29,BODY
43499B6F8E9397C1,10.01,-4.34,30.40,1.00,0.80,0.29,BODY
3FB3622C116AFA1C,17.89,-4.11,30.60,0.72,0.91,1.00,BODY
B66C89FE9AF74808,-13.89,-4.26,30.00,1.00,0.80,0.29,BODY
DFEA7FCEC2B9BC73,-9.50,-4.08,30.20,1.00,0.80,0.29,BODY
CE267FAB5358D7DC,-5.31,-4.18,30.40,1.00,0.80,0.29,BODY
E07896DDEB5CAEA0,0.90,-4.24,30.60,1.00,0.80,0.29,BODY
FA0072598BF9CB54,5.24,-4.08,30.00,1.00,0.80,0.29,BODY
46F7D2B6426908D2,7.36,-4.08,30.20,1.00,0.80,0.29,BODY
CD5FE0ECD1BDB1AF,10.69,-3.91,30.40,1.00,0.80,0.29,BODY
0115E007A2DC592F,-25.79,-4.07,30.60,0.72,0.91,1.00,BODY
EB2736124D310E4B,-13.48,-4.17,30.00,1.00,0.80,0.29,BODY
F6153C49A32B6243,-9.16,-3.84,30.20,1.00,0.80,0.29,BODY
A63B0BF7C8A2630D,-4.61,-3.87,30.40,1.00,0.80,0.29,BODY
19409E33540DB2BC,1.64,-4.19,30.60,1.00,0.80,0.29,BODY
9157EA6C8641A295,5.75,-3.93,30.00,1.00,0.80,0.29,BODY
B0DA0FAD27697ABB,9.09,-3.95,30.20,1.00,0.80,0.29,BODY
CCF8F6B251A0B9CB,11.43,-4.29,30.40,1.00,0.80,0.29,BODY
D71135331481F0DC,-25.74,-3.73,30.60,0.72,0.91,1.00,BODY
DBA3B75AFA48E049,-13.32,-4.22,30.00,1.00,0.80,0.29,BODY
8A1E6F441F110875,-8.70,-3.79,30.20,1.00,0.80,0.29,BODY
D53CA641026EBF52,-4.27,-3.77,30.40,1.00,0.80,0.29,BODY
D5F6C3FB3FD89B38,1.79,-4.12,30.60,1.00,0.80,0.29,BODY
E290D767898189F6,5.54,-3.72,30.00,1.00,0.80,0.29,BODY
1715A60535471F62,8.76,-4.20,30.20,1.00,0.80,0.29,BODY
EC73BE34CFE5A76A,15.84,-3.94,30.40,0.72,0.92,1.00,BODY
4944912F189BC3DB,18.75,-3.73,30.60,0.73,0.95,1.00,BODY
B1981E08AB568643,-13.65,-3.66,30.00,1.00,0.80,0.29,BODY
BF7D50401B840D99,-8.94,-4.05,30.20,1.00,0.80,0.29,BODY
53AADC1734420343,-4.31,-3.75,30.40,1.00,0.80,0.29,BODY
E6DE942EC904A219,1.98,-4.02,30.60,1.00,0.80,0.29,BODY
6A7107CDFFB055CA,5.90,-4.20,30.00,1.00,0.80,0.29,BODY
13DD012E42A64154,9.24,-3.97,30.20,1.00,0.80,0.29,BODY
B42156B2930B048B,15.66,-3.82,30.40,0.72,0.91,1.00,BODY
3454F094B7D3CFBC,-26.00,-3.83,30.60,0.72,0.91,1.00,BODY
0F5C40C4311B0B52,-11.51,-3.81,30.00,1.00,0.80,0.29,BODY
3D9DE91F66EC2FBA,-8.40,-3.92,30.20,1.00,0.80,0.29,BODY
331CFF77BCC8693F,-4.03,-3.75,30.40,1.00,0.80,0.29,BODY
7E01ED1243DF4B55,2.30,-3.62,30.60,1.00,0.80,0.28,BODY
6CDF9111BB869EAF,6.10,-3.67,30.00,1.00,0.80,0.29,BODY
6075D5D6666284E9,9.74,-4.03,30.20,1.00,0.80,0.29,BODY
D89AB6668220DD24,15.92,-4.11,30.40,0.72,0.91,1.00,BODY
8B6771B75E132354,-15.11,-4.05,30.60,1.00,0.80,0.29,BODY
86AB835F2796F80A,-10.39,-3.70,30.00,1.00,0.80,0.29,BODY
2BB976AD9D3BD513,-5.77,-3.93,30.20,1.00,0.80,0.29,BODY
1DD9F6456EADB201,-3.10,-4.05,30.40,1.00,0.80,0.29,BODY
D61A49DC90060833,3.13,-3.65,30.60,1.00,0.80,0.29,BODY
0EEF4B9667D3EAE4,6.46,-3.50,30.00,1.00,0.80,0.29,BODY
D9965D6BA63DBD8F,10.45,-4.08,30.20,1.00,0.80,0.29,BODY
9C687EFB137E1378,16.77,-3.93,30.40,0.72,0.91,1.00,BODY
4E98B15F2A474367,-14.24,-3.89,30.60,1.00,0.80,0.29,BODY
573B7E1B668D57F8,-9.10,-3.47,30.00,1.00,0.80,0.29,BODY
A8CC0B8C79938E9E,-4.89,-3.69,30.20,1.00,0.80,0.29,BODY
AE66603E773B18D1,1.43,-3.91,30.40,1.00,0.80,0.29,BODY
F14E82335AFD81DA,5.49,-3.57,30.60,1.00,0.80,0.29,BODY
51DA227DD391CBE8,9.11,-3.80,30.00,1.00,0.80,0.29,BODY
CBB267CF373CF1F2,11.08,-3.49,30.20,1.00,0.80,0.29,BODY
814DDC9261A7A501,18.68,-3.70,30.40,0.72,0.91,1.00,BODY
3A18A902E8A7B6A4,-10.95,-3.43,30.60,1.00,0.80,0.29,BODY
60B0F4532116B417,-8.51,-3.63,30.00,1.00,0.80,0.29,BODY
A0B5FAE36B5FF644,-3.61,-3.56,30.20,1.00,0.80,0.29,BODY
4AC44CB700E4AA42,2.64,-3.59,30.40,1.00,0.80,0.29,BODY
C937AAF2F2732DB6,6.16,-3.67,30.60,1.00,0.80,0.29,BODY
3A63BD7C6A4B5202,9.83,-3.92,30.00,1.00,0.80,0.29,BODY
E4536B9BF4E36BC7,16.47,-3.61,30.20,0.72,0.91,1.00,BODY
B9D4D7C939314E2C,-14.35,-3.76,30.40,1.00,0.80,0.29,BODY
3DBB31332DD5234A,-9.69,-3.46,30.60,1.00,0.80,0.29,BODY
C3B7EAA9D8D35197,-4.86,-3.68,30.00,1.00,0.80,0.29,BODY
AB215583588D685E,1.15,-3.90,30.20,1.00,0.80,0.29,BODY
BA5C0E234F2897EE,5.20,-3.87,30.40,1.00,0.80,0.29,BODY
EF833B142C7A6D6C,7.65,-3.57,30.60,1.00,0.80,0.28,BODY
F3FF6B250DAFF239,11.22,-3.54,30.00,1.00,0.80,0.28,BODY
EA31555D060112B6,-14.13,-3.72,30.20,1.00,0.80,0.29,BODY
27EAC5EA8F069FCF,-10.02,-3.52,30.40,1.00,0.80,0.28,BODY
1AB04CF84644CBC2,-5.77,-3.47,30.60,1.00,0.80,0.29,BODY
8DA4115E816E14CF,0.67,-3.46,30.00,1.00,0.80,0.29,BODY
73B0023634F2BA63,3.42,-3.56,30.20,1.00,0.80,0.29,BODY
637E4D2746BCBA5F,7.31,-3.45,30.40,1.00,0.80,0.29,BODY
3C60631EE65F540E,11.21,-3.89,30.60,1.00,0.80,0.29,BODY
6F6BACD6F1152E5A,-14.75,-3.68,30.00,1.00,0.80,0.29,BODY
FA5265A9FB5D4434,-10.21,-3.68,30.20,1.00,0.80,0.29,BODY
E640F014BA36D453,-6.03,-3.44,30.40,1.00,0.80,0.29,BODY
9F8C88C3C2C6B798,-3.12,-3.36,30.60,1.00,0.80,0.28,BODY
C8D122AC52C7CD32,3.36,-3.78,30.00,1.00,0.80,0.29,BODY
6194F6EBDD6BC789,6.55,-3.35,30.20,1.00,0.80,0.29,BODY
85385482DB8260D0,10.65,-3.39,30.40,1.00,0.80,0.29,BODY
A6578835291169EF,-14.88,-3.42,30.60,1.00,0.80,0.29,BODY
30B8C9A1A6858F67,-10.55,-3.45,30.00,1.00,0.80,0.29,BODY
B731853FFAA72098,-5.86,-3.64,30.20,1.00,0.80,0.29,BODY
77FBAC1A54439116,-3.42,-3.45,30.40,1.00,0.80,0.29,BODY
6FD6CD47C3A647EB,3.06,-3.41,30.60,1.00,0.80,0.29,BODY
BCA4ABB2393A3398,6.46,-3.43,30.00,1.00,0.80,0.29,BODY
6EA6DF08EEB4A35B,10.37,-3.68,30.20,1.00,0.80,0.29,BODY
F7377F24EAF8A2C6,18.36,-3.75,30.40,0.72,0.91,1.00,BODY
8EEC94A8D40D8AC6,-11.25,-3.56,30.60,1.00,0.80,0.29,BODY
BA154A05B9C08DCF,-8.18,-3.18,30.00,1.00,0.80,0.29,BODY
399749DACC9531B6,-3.59,-3.69,30.20,1.00,0.80,0.29,BODY
EA974E7288DF9DAA,2.39,-3.65,30.40,1.00,0.80,0.29,BODY
11A89A174A00F91D,6.05,-3.24,30.60,1.00,0.80,0.29,BODY
F323AEC5A1236A08,10.34,-3.65,30.00,1.00,0.80,0.29,BODY
78FD67965143B88C,18.30,-3.28,30.20,0.72,0.91,1.00,BODY
2DBE6E1FF96EFD80,-11.70,-3.57,30.40,1.00,0.80,0.29,BODY
55CFCFAE918D4C37,-8.85,-3.14,30.60,1.00,0.80,0.29,BODY
DA56905466CAF717,-4.08,-3.32,30.00,1.00,0.80,0.29,BODY
3370C9B40F12FD6D,1.93,-3.64,30.20,1.00,0.80,0.29,BODY
A49546E340ED35A8,5.51,-3.56,30.40,1.00,0.80,0.29,BODY
956D264355651828,9.75,-3.21,30.60,1.00,0.80,0.29,BODY
FB1AED7E4C1E79AF,17.20,-3.31,30.00,0.69,0.91,1.00,BODY
21C1614CADA39A54,-11.62,-3.47,30.20,1.00,0.83,0.28,BODY
6D88CB65832BD126,-8.98,-3.50,30.40,1.00,0.80,0.29,BODY
C687E3DF2653F32B,-4.73,-3.64,30.60,1.00,0.80,0.29,BODY
7A310294055135C1,1.68,-3.34,30.00,1.00,0.80,0.29,BODY
4859D07121DD57C6,5.40,-3.29,30.20,1.00,0.80,0.29,BODY
D25ED65BABCE7B91,9.84,-3.29,30.40,1.00,0.80,0.29,BODY
8E84EA485460ABDC,16.69,-3.13,30.60,0.72,0.92,1.00,BODY
4ACE7581172EE42F,-13.77,-3.32,30.00,1.00,0.80,0.29,BODY
BA3A2B3A015158D1,-9.55,-3.33,30.20,1.00,0.80,0.29,BODY
6061E84AD74E21FF,-5.29,-3.17,30.40,1.00,0.80,0.29,BODY
1C906397D5969734,1.51,-3.07,30.60,1.00,0.80,0.29,BODY
BA8BF56D24AD2520,5.20,-3.43,30.00,1.00,0.80,0.29,BODY
EB108B5512925424,9.48,-3.25,30.20,1.00,0.80,0.29,BODY
4D6EE5437239CB1D,16.32,-3.11,30.40,0.72,0.91,1.00,BODY
BE32BC3D6F7749FB,-13.73,-3.50,30.60,1.00,0.80,0.29,BODY
35221D34381CC53C,-9.69,-3.04,30.00,1.00,0.80,0.29,BODY
C531F47104E1037B,-5.52,-3.20,30.20,1.00,0.80,0.29,BODY
41BB088B1AD32557,1.07,-3.20,30.40,1.00,0.80,0.29,BODY
06A755EB33250822,3.49,-3.00,30.60,1.00,0.80,0.28,BODY
2AB4F04F9B8CF4A6,7.33,-3.32,30.00,1.00,0.80,0.28,BODY
649573A1CC45B7D6,16.30,-3.09,30.20,0.72,0.91,1.00,BODY
90F5D88838F3365A,-14.10,-3.06,30.40,1.00,0.80,0.29,BODY
392B1DA288F6A8E2,-10.55,-3.08,30.60,1.00,0.80,0.29,BODY
33A64F283C280433,-6.03,-3.23,30.00,1.00,0.80,0.29,BODY
0E0C0805DE78B4FA,-3.09,-3.48,30.20,1.00,0.80,0.29,BODY
16106529FD28D8D7,3.04,-3.43,30.40,1.00,0.80,0.29,BODY
0907F4AC51922965,6.88,-3.06,30.60,1.00,0.80,0.29,BODY
7DBBBD540EA1C95F,11.27,-3.08,30.00,1.00,0.80,0.29,BODY
6B3C62FDFB6143BF,-14.54,-3.07,30.20,1.00,0.80,0.29,BODY
23C360FEA0599221,-10.98,-2.97,30.40,1.00,0.80,0.29,BODY
CC3C8F0865C94ADA,-6.25,-3.26,30.60,1.00,0.80,0.29,BODY
7C48735F85C4E649,-3.31,-3.22,30.00,1.00,0.80,0.29,BODY
087EF17E70C72CFE,2.49,-3.34,30.20,1.00,0.80,0.29,BODY
F72DFB8C79279613,6.27,-3.22,30.40,1.00,0.80,0.29,BODY
6B8C2294369AD2F7,10.89,-3.18,30.60,1.00,0.80,0.29,BODY
DD5ED70FA6E8AF99,-14.85,-3.27,30.00,1.00,0.80,0.29,BODY
0304FFF592436890,-11.29,-3.31,30.20,1.00,0.80,0.29,BODY
33BBD89DA11329C3,-8.19,-3.29,30.40,1.00,0.80,0.29,BODY
EF730433DEA91301,-4.10,-2.92,30.60,1.00,0.80,0.29,BODY
8C6A0BCE6F56FBB4,1.91,-2.84,30.00,1.00,0.80,0.29,BODY
404997EFF99982A4,5.51,-2.90,30.20,1.00,0.80,0.29,BODY
AE8152715E243276,10.51,-3.14,30.40,1.00,0.80,0.29,BODY
ABD87AE5641EE392,18.71,-3.01,30.60,0.72,0.91,1.00,BODY
BA5BD2941738A01F,-12.10,-2.83,30.00,1.00,0.80,0.29,BODY
F4709D281D9F0D71,-8.87,-2.86,30.20,1.00,0.80,0.29,BODY
1DDFA423D52DF04C,-5.37,-3.32,30.40,1.00,0.80,0.29,BODY
18766942D863E05C,1.55,-3.18,30.60,1.00,0.80,0.29,BODY
FCFE290E894F52AA,5.23,-2.97,30.00,1.00,0.80,0.29,BODY
313CA5BF9F60A329,9.80,-2.77,30.20,1.00,0.80,0.29,BODY
5225536144EE9B23,16.86,-3.02,30.40,0.71,0.91,1.00,BODY
41BD5075F53794D0,-13.26,-2.91,30.60,1.00,0.80,0.29,BODY
D3EB903119B121C1,-11.08,-3.27,30.00,1.00,0.80,0.29,BODY
4D1920105175BDBE,-6.62,-3.10,30.20,1.00,0.80,0.29,BODY
B65923C0AFF60403,-3.70,-2.72,30.40,1.00,0.80,0.29,BODY
D25A0163A2C10153,2.06,-3.23,30.60,1.00,0.82,0.28,BODY
0D78F8CBE7E7DD52,5.86,-2.98,30.00,1.00,0.80,0.29,BODY
2CEA55473C8AB14B,10.72,-3.04,30.20,1.00,0.80,0.29,BODY
843A97C4523372A0,-14.00,-2.76,30.40,1.00,0.80,0.29,BODY
2DA18D0D2D77DFA7,-11.97,-3.14,30.60,1.00,0.80,0.29,BODY
456C1CFE744F6F08,-8.62,-3.19,30.00,1.00,0.80,0.29,BODY
87165F37B4E0835F,-6.79,-2.96,30.20,1.00,0.80,0.29,BODY
425FFC372EE4E62C,-3.67,-2.66,30.40,1.00,0.80,0.29,BODY
1F39D34563F2ABA7,1.17,-2.88,30.60,1.00,0.80,0.29,BODY
E270A283B871FD90,3.57,-2.91,30.00,1.00,0.80,0.29,BODY
C11F9CD271B791C3,9.63,-2.68,30.20,1.00,0.81,0.29,BODY
14B8E95581B53F4E,18.70,-3.14,30.40,0.74,0.92,1.00,BODY
D1FF5B24712BC055,-12.64,-2.92,30.60,1.00,0.80,0.29,BODY
E5D6F06A9D2FA389,-9.72,-2.97,30.00,1.00,0.80,0.28,BODY
2A8EFE8F13B83B8E,-7.48,-2.92,30.20,1.00,0.80,0.29,BODY
A324914CA4908541,-5.02,-2.72,30.40,1.00,0.80,0.29,BODY
01B50EBE27E7F026,-2.40,-2.88,30.60,1.00,0.80,0.29,BODY
D14BDD70AE84B28E,1.31,-3.15,30.00,1.00,0.80,0.29,BODY
8AD2806D17C3F8C2,5.38,-2.83,30.20,1.00,0.80,0.29,BODY
BA456FB9F7A5A23B,9.87,-2.72,30.40,1.00,0.80,0.29,BODY
F81549E9E7AAEB3D,-14.03,-3.04,30.60,1.00,0.80,0.29,BODY
D3C64C4DD3E81E65,-11.91,-2.92,30.00,1.00,0.80,0.29,BODY
9101C0E2ECB077E7,-8.60,-2.92,30.20,1.00,0.80,0.29,BODY
58DD7364B2CE6DC1,-6.31,-2.88,30.40,1.00,0.80,0.29,BODY
811179EB52E51C24,-3.50,-3.14,30.60,1.00,0.80,0.29,BODY
55991586D420B0BA,-1.66,-2.77,30.00,1.00,0.80,0.29,BODY
D3802E582EA7DD52,2.43,-3.05,30.20,1.00,0.80,0.29,BODY
255992ADABCB0848,6.25,-3.11,30.40,1.00,0.80,0.29,BODY
A7816A2AC4D94C67,11.00,-3.05,30.60,1.00,0.80,0.29,BODY
8AD6DECB597F9D53,-13.38,-2.98,30.00,1.00,0.80,0.29,BODY
7A3C93C1896F38ED,-10.99,-2.57,30.20,1.00,0.80,0.29,BODY
D3BF2097FB2B5713,-7.85,-2.71,30.40,1.00,0.80,0.29,BODY
CC48221B2C5EF56F,-5.56,-2.95,30.60,1.00,0.80,0.29,BODY
DCBCD33B5DF47500,-2.44,-2.63,30.00,1.00,0.80,0.29,BODY
41FD233B997897FB,0.95,-2.51,30.20,1.00,0.80,0.29,BODY
424EDF2C6AEDAEDA,5.23,-2.75,30.40,1.00,0.80,0.28,BODY
56E1466102F33190,9.95,-2.92,30.60,1.00,0.80,0.29,BODY
E3D57474B2335BDE,-14.03,-2.87,30.00,1.00,0.80,0.29,BODY
C5680C21E625041F,-12.22,-2.81,30.20,1.00,0.80,0.29,BODY
08BF823B57B8DA0B,-8.54,-2.50,30.40,1.00,0.80,0.29,BODY
CC83E0F427DB6991,-6.56,-2.99,30.60,1.00,0.80,0.29,BODY
3CC55FE9DD054BCD,-3.78,-2.82,30.00,1.00,0.80,0.29,BODY
626738F54B3A1430,-1.50,-2.76,30.20,1.00,0.80,0.29,BODY
3679414E8E1B3E95,2.30,-2.95,30.40,1.00,0.80,0.29,BODY
9A655E555EF514AE,6.44,-2.89,30.60,1.00,0.80,0.29,BODY
F6C9441560D3B52C,11.16,-2.69,30.00,1.00,0.80,0.29,BODY
AFDC839F53D7AAF5,-12.93,-3.00,30.20,1.00,0.80,0.29,BODY
1CD13C3D89ED4960,-10.87,-2.54,30.40,1.00,0.80,0.29,BODY
2C2C772D0018F3A8,-7.79,-2.69,30.60,1.00,0.80,0.29,BODY
51058F730F1A71F3,-5.52,-2.63,30.00,1.00,0.80,0.29,BODY
C19B46F6B7B32E3D,-2.48,-2.63,30.20,1.00,0.80,0.29,BODY
60FE676094B02BD1,1.26,-2.78,30.40,1.00,0.80,0.29,BODY
7312CB2BF78BFECD,5.07,-2.72,30.60,1.00,0.80,0.29,BODY
FC8B915A76EFC97B,10.09,-2.60,30.00,1.00,0.80,0.29,BODY
C8F14935EE711367,-13.95,-2.67,30.20,1.00,0.80,0.29,BODY
35BB37B14D3EA2FA,-11.61,-2.76,30.40,1.00,0.80,0.29,BODY
D2A860B59A29A6D7,-8.08,-2.53,30.60,1.00,0.80,0.29,BODY
DA2235B34356E06C,-5.98,-2.74,30.00,1.00,0.80,0.29,BODY
3F3A56396D6B37DF,-3.24,-2.85,30.20,1.00,0.80,0.29,BODY
ACA1021AFEFFEAB0,-1.04,-2.35,30.40,1.00,0.80,0.29,BODY
80D6DFE9CECC409A,3.09,-2.37,30.60,1.00,0.80,0.29,BODY
5826DC9CEC02C481,6.42,-2.36,30.00,1.00,0.80,0.29,BODY
D1EFFF89F72CBFA5,-14.71,-2.70,30.20,1.00,0.80,0.29,BODY
A7B86AD66685E32D,-12.72,-2.52,30.40,1.00,0.80,0.29,BODY
6A2EA3B2F0696B5E,-9.03,-2.89,30.60,1.00,0.80,0.29,BODY
1024EADDA74E9F90,-6.87,-2.62,30.00,1.00,0.80,0.29,BODY
9D5C3D324E1FBAB8,-4.13,-2.42,30.20,1.00,0.80,0.29,BODY
61ACAA1EE94545CD,-1.50,-2.84,30.40,1.00,0.80,0.29,BODY
0B36EA573EF0598D,2.12,-2.34,30.60,1.00,0.80,0.29,BODY
025152634AC1CFA3,5.71,-2.84,30.00,1.00,0.80,0.29,BODY
6AC8683160BB2007,10.90,-2.80,30.20,1.00,0.80,0.29,BODY
338E93767A718B2F,-13.27,-2.64,30.40,1.00,0.80,0.29,BODY
29FE1C19C0DBA901,-11.08,-2.44,30.60,1.00,0.83,0.25,BODY
4F145ED5D575FC00,-7.27,-2.85,30.00,1.00,0.80,0.29,BODY
1987D5FEA4EE575F,-4.37,-2.71,30.20,1.00,0.80,0.29,BODY
7A735DEE741171D5,-2.36,-2.61,30.40,1.00,0.80,0.29,BODY
489427B99DFEDEF9,1.78,-2.63,30.60,1.00,0.80,0.29,BODY
5D9D4A0B6105D2EC,5.41,-2.45,30.00,1.00,0.80,0.29,BODY
41F586D7050F0316,10.44,-2.39,30.20,1.00,0.80,0.29,BODY
5F1F9A65777E9156,-13.40,-2.29,30.40,1.00,0.80,0.29,BODY
42D82DB9BA893745,-11.56,-2.25,30.60,1.00,0.80,0.29,BODY
5EC25B3ABF5183B8,-7.72,-2.36,30.00,1.00,0.80,0.29,BODY
009B14D07C2A7518,-5.30,-2.23,30.20,1.00,0.80,0.29,BODY
801209CFADE95ABE,-2.57,-2.21,30.40,1.00,0.80,0.29,BODY
BCEA6EC5798D3758,1.37,-2.75,30.60,1.00,0.80,0.29,BODY
19B89DCA52AD7D41,5.09,-2.42,30.00,1.00,0.80,0.29,BODY
1BAEA4E7C9C468D1,10.33,-2.36,30.20,1.00,0.80,0.29,BODY
894251A4ADB22A17,-13.94,-2.58,30.40,1.00,0.80,0.29,BODY
46857CB049F5D1D2,-11.51,-2.38,30.60,1.00,0.80,0.29,BODY
3FD77E369FA4C3BB,-7.74,-2.75,30.00,1.00,0.80,0.29,BODY
BC42D3BFF95AA6A8,-5.67,-2.66,30.20,1.00,0.80,0.29,BODY
309D1DBAACBCC717,-2.90,-2.21,30.40,1.00,0.80,0.29,BODY
1AB1A5FC0FA3B616,1.24,-2.35,30.60,1.00,0.87,0.23,BODY
74F95F694BFD32C2,5.07,-2.22,30.00,1.00,0.80,0.29,BODY
1AC54D242226585C,10.09,-2.61,30.20,1.00,0.80,0.29,BODY
D85DDD65D63038B7,-14.09,-2.21,30.40,1.00,0.80,0.29,BODY
BE32A24B07BE9D2E,-11.39,-2.22,30.60,1.00,0.80,0.29,BODY
AEE0CFB6EA7095BD,-7.73,-2.28,30.00,1.00,0.80,0.29,BODY
C7D13B81FFD30FC8,-5.39,-2.36,30.20,1.00,0.80,0.29,BODY
538F4ECECB829530,-2.41,-2.29,30.40,1.00,0.80,0.29,BODY
D30EF31EC975D880,1.23,-2.21,30.60,1.00,0.80,0.29,BODY
EE351C12B2A59CFD,4.86,-2.20,30.00,1.00,0.80,0.29,BODY
5F4A95A29C20ADE8,10.11,-2.45,30.20,1.00,0.80,0.29,BODY
DD32C78E6EDDF4C2,-13.78,-2.50,30.40,1.00,0.80,0.29,BODY
1AEE31B7053C8146,-11.37,-2.51,30.60,1.00,0.80,0.29,BODY
7FF5320773B237B2,-7.58,-2.09,30.00,1.00,0.80,0.29,BODY
B2FA3AB865F9BB2F,-4.65,-2.51,30.20,1.00,0.81,0.25,BODY
2B09152DC8E79791,-2.53,-2.37,30.40,1.00,0.80,0.29,BODY
C38D00D2FC07741C,1.54,-2.30,30.60,1.00,0.80,0.29,BODY
50E416E914BC1BE4,5.67,-2.33,30.00,1.00,0.80,0.29,BODY
F40F956B893D8A97,10.77,-2.27,30.20,1.00,0.80,0.29,BODY
BFE15A27E103438B,-13.56,-2.02,30.40,1.00,0.80,0.29,BODY
AABF2333824DFECB,-9.74,-2.21,30.60,1.00,0.80,0.29,BODY
7CB70C42C7860C3F,-7.05,-2.08,30.00,1.00,0.80,0.29,BODY
6F1188D9E0BE11FD,-4.20,-2.14,30.20,1.00,0.80,0.29,BODY
41524BBDE42E7DD1,-1.75,-2.08,30.40,1.00,0.80,0.29,BODY
EB72A83EE7D4341C,2.15,-2.35,30.60,1.00,0.80,0.29,BODY
FA776A8D6B62442A,5.91,-2.33,30.00,1.00,0.80,0.29,BODY
6841D565D58853B1,11.26,-2.27,30.20,1.00,0.80,0.28,BODY
92C91F33675BF795,-12.65,-2.07,30.40,1.00,0.80,0.29,BODY
DB7C9438889F0814,-8.75,-2.24,30.60,1.00,0.80,0.29,BODY
904A99B91AE54D7E,-6.16,-2.10,30.00,1.00,0.80,0.29,BODY
59F269ADB11F6B2C,-2.86,-2.32,30.20,1.00,0.80,0.29,BODY
8D9E5D6F4F41AFF7,-0.71,-2.25,30.40,1.00,0.80,0.29,BODY
63704D3904F55DF2,2.92,-2.24,30.60,1.00,0.80,0.29,BODY
24E2F829D8306B76,9.92,-2.46,30.00,1.00,0.80,0.29,BODY
8049523DBF99303C,-13.77,-1.92,30.20,1.00,0.80,0.29,BODY
B691D82AAC74AB7D,-11.65,-2.34,30.40,1.00,0.80,0.29,BODY
5CEB406F9B74839B,-7.51,-2.41,30.60,1.00,0.80,0.29,BODY
ACE34E0689CB5331,-4.47,-2.11,30.00,1.00,0.80,0.29,BODY
4345BD71E419EF79,-1.80,-2.02,30.20,1.00,0.80,0.29,BODY
278ADF7A807294CC,2.29,-2.10,30.40,1.00,0.80,0.29,BODY
B03F8BCA19925047,5.79,-1.97,30.60,1.00,0.80,0.29,BODY
65CF019F10DFED7A,11.58,-2.25,30.00,1.00,0.80,0.28,BODY
C8AABD4A162D83D8,-12.74,-1.92,30.20,1.00,0.80,0.29,BODY
6C9C4ED0B9ED3D7B,-8.71,-2.07,30.40,1.00,0.80,0.29,BODY
E6CFD36E5E8A23A6,-5.93,-2.02,30.60,1.00,0.80,0.29,BODY
24E1988209B18FAC,-2.99,-2.37,30.00,1.00,0.80,0.29,BODY
39FBDC61B31C1015,-0.44,-2.36,30.20,1.00,0.80,0.28,BODY
E2D148F4D5D53B7B,5.39,-2.26,30.40,1.00,0.80,0.29,BODY
0E25F4D711BC536C,10.85,-2.21,30.60,1.00,0.80,0.29,BODY
F9A886EE43AC4409,-13.33,-1.85,30.00,1.00,0.80,0.29,BODY
F62FA29BB2890E42,-8.76,-2.19,30.20,1.00,0.80,0.29,BODY
3E934A41651B7B72,-7.07,-1.88,30.40,1.00,0.80,0.29,BODY
97D87A4E14F85785,-3.40,-2.33,30.60,1.00,0.80,0.29,BODY
9F033406D2BEBFD4,-0.91,-2.32,30.00,1.00,0.80,0.29,BODY
CEA6DB39D68AD752,2.78,-2.05,30.20,1.00,0.80,0.29,BODY
F0C9D584290F2EC0,10.46,-2.37,30.40,1.00,0.80,0.29,BODY
B4AC4C70AAB3814E,-13.39,-1.98,30.60,1.00,0.80,0.29,BODY
EEE866CC7B1E199B,-9.04,-2.06,30.00,1.00,0.80,0.29,BODY
E728F50FA58779AB,-6.64,-2.31,30.20,1.00,0.80,0.29,BODY
A11A8820E1204970,-2.90,-2.02,30.40,1.00,0.80,0.29,BODY
A1BC9B19252D77DB,-0.84,-2.27,30.60,1.00,0.80,0.29,BODY
2B281C7AF1405360,3.38,-2.00,30.00,1.00,0.80,0.29,BODY
B11A7FF99F2D5886,10.50,-1.76,30.20,1.00,0.80,0.29,BODY
A8C014378DB71060,-13.71,-2.08,30.40,1.00,0.80,0.29,BODY
54B22B48A75B19B8,-8.86,-2.24,30.60,1.00,0.80,0.29,HAND
98DB79433E39BBEF,-6.61,-2.08,30.00,1.00,0.80,0.29,HAND
67E3C2E9964C2FE9,-2.82,-2.22,30.20,1.00,0.80,0.29,ARM
8AF7AEB7C4BA9863,1.27,-2.08,30.40,1.00,0.80,0.29,BODY
B6A06DB64C799202,5.81,-2.15,30.60,1.00,0.80,0.29,BODY
7F8DDA82EB1D5343,10.98,-1.72,30.00,1.00,0.80,0.29,BODY
B21A379B72F561FA,-12.31,-2.12,30.20,1.00,0.80,0.29,BODY
86B626757C173492,-7.31,-1.93,30.40,1.00,0.80,0.29,HAND
2DF0C0808792D9F7,-3.52,-1.68,30.60,1.00,0.80,0.29,ARM
93C669BEE84A983A,-1.00,-2.24,30.00,1.00,0.80,0.29,BODY
9FA3E67571C1E98F,3.35,-2.01,30.20,1.00,0.80,0.29,BODY
ABFA089A6A925FCC,10.65,-1.66,30.40,1.00,0.80,0.29,BODY
D46E71C02189AC3B,-8.57,-1.88,30.60,1.00,0.80,0.29,HAND
9F70C1F0399740C9,-3.18,-1.73,30.00,1.00,0.80,0.29,ARM
4840FFA0B13AF9C5,-1.04,-2.16,30.20,1.00,0.80,0.29,BODY
78612B39AEF4539B,5.32,-1.75,30.40,1.00,0.80,0.28,BODY
BAA5DD23C4F3A014,10.74,-2.03,30.60,1.00,0.80,0.29,BODY
415559AEE9949B23,5.69,-1.90,30.00,1.00,0.80,0.29,BODY
2C8DA2979ADAA831,5.91,-1.55,30.20,1.00,0.84,0.26,BODY
1D7EF69D228309A3,-12.22,1.27,30.40,0.34,0.80,1.00,BODY
6E8C200891DB6A2F,-14.81,1.70,30.60,0.34,0.80,1.00,BODY
E036524A2FC240FB,-2.52,1.62,30.00,0.34,0.80,1.00,BODY
6372D66A57DF5FE9,-15.65,1.46,30.20,0.35,0.80,1.00,BODY
E0F6A615E1B6B0CF,-12.09,1.73,30.40,0.35,0.80,1.00,BODY
FD354301D8365D5C,1.14,1.66,30.60,0.34,0.80,1.00,BODY
802349DA54B2D1CA,9.35,1.68,30.00,0.34,0.80,1.00,BODY
785CF9F3F5E74652,-14.75,1.59,30.20,0.35,0.80,1.00,BODY
3A916F711D7C7DCD,-9.43,1.69,30.40,0.33,0.79,1.00,BODY
912A08FFEB1665E5,-5.51,1.49,30.60,0.35,0.80,1.00,BODY
2696DA57EA8547D2,1.32,1.67,30.00,0.35,0.80,1.00,BODY
08DE2A22EAA26363,6.74,1.40,30.20,0.34,0.79,1.00,BODY
4E6FFBD04DCC76AE,-16.00,1.90,30.40,0.35,0.80,1.00,BODY
9BE6EB6AAC3F8FA5,-12.28,1.87,30.60,0.35,0.80,1.00,BODY
F15D7B59F6B251E8,-8.54,1.80,30.00,0.35,0.80,1.00,BODY
4FC353F33F0036B1,-2.78,1.39,30.20,0.34,0.80,1.00,BODY
90D6AEC1A63C4CAC,4.63,1.78,30.40,0.34,0.80,1.00,BODY
C50303AFCB63B3E0,6.70,1.80,30.60,0.34,0.80,1.00,BODY
B06CC5B556602FD5,12.45,1.69,30.00,0.35,0.80,1.00,BODY
4D6D1693B71C386B,-12.70,1.42,30.20,0.35,0.80,1.00,BODY
E4F10B508C33A363,-9.10,1.53,30.40,0.35,0.80,1.00,BODY
BB90EAB3DD286F35,-5.95,1.36,30.60,0.34,0.80,1.00,BODY
FEFECE8A4F65DFD1,1.14,1.55,30.00,0.34,0.80,1.00,BODY
DD80281C18D588E6,5.89,1.57,30.20,0.35,0.80,1.00,BODY
DFD2980FDABFAEE0,8.98,1.38,30.40,0.12,0.93,1.00,BODY
6AE115F8FC95B1C5,-16.12,1.51,30.60,0.35,0.80,1.00,BODY
C1EF7D34BA9C0B9C,-12.30,1.72,30.00,0.35,0.80,1.00,BODY
2AF0C46B02D8792E,-8.65,1.64,30.20,0.35,0.80,1.00,BODY
6CB87E6477817921,-5.59,1.73,30.40,0.35,0.80,1.00,BODY
E626FEFD854DD76B,1.15,1.91,30.60,0.35,0.80,1.00,BODY
C4FC34B8148ADC9D,6.13,1.57,30.00,0.35,0.80,1.00,BODY
0B295FDE99B216D8,8.60,1.84,30.20,0.28,0.83,1.00,BODY
00EF67367F6718AB,-15.76,2.01,30.40,0.34,0.80,1.00,BODY
F315F2E3434D1589,-12.25,1.53,30.60,0.35,0.80,1.00,BODY
20A3C5D58CE61E81,-8.71,1.54,30.00,0.35,0.80,1.00,BODY
BBE85C87660EAE71,-6.08,1.64,30.20,0.35,0.80,1.00,BODY
027FEF9D24271BB9,0.72,1.96,30.40,0.34,0.80,1.00,BODY
FCD56FC4C0C023B3,5.28,1.68,30.60,0.35,0.80,1.00,BODY
2ACE45F5A1517510,7.47,1.90,30.00,0.35,0.80,1.00,BODY
2BD33C70DEFE1042,12.34,1.58,30.20,0.35,0.80,1.00,BODY
1F5BAF31B0A96154,-14.25,1.60,30.40,0.35,0.80,1.00,BODY
E5B92A74E216266A,-9.53,1.95,30.60,0.35,0.80,1.00,BODY
6E120080641306AE,-7.03,2.10,30.00,0.35,0.80,1.00,BODY
19051508179851E7,-2.11,2.04,30.20,0.35,0.80,1.00,BODY
443E926E57B15E46,4.58,1.58,30.40,0.35,0.80,1.00,BODY
A22A358B3FA8B22C,6.78,2.00,30.60,0.35,0.80,1.00,BODY
8CB89098BCBA511C,9.40,1.76,30.00,0.35,0.80,1.00,BODY
929564975BBE9ABA,-15.62,1.77,30.20,0.35,0.80,1.00,BODY
8EA53626629CAECE,-12.20,2.08,30.40,0.35,0.80,1.00,BODY
63AD2DCBA7B69385,-8.27,2.12,30.60,0.35,0.80,1.00,BODY
CE1D73C0D578F495,-5.36,2.07,30.00,0.35,0.80,1.00,BODY
8230C0DC0445A951,1.10,1.57,30.20,0.35,0.80,1.00,BODY
805135348185944E,5.57,1.62,30.40,0.35,0.80,1.00,BODY
73E4A2CB5E2902E9,7.62,2.14,30.60,0.35,0.80,1.00,BODY
89F3B73F65B8BCD6,12.42,1.73,30.00,0.35,0.80,1.00,BODY
10F3736E61276240,-14.77,2.18,30.20,0.35,0.80,1.00,BODY
B472C96F4E098D24,-11.19,1.66,30.40,0.34,0.80,1.00,BODY
096FBC9064AC1342,-7.29,1.68,30.60,0.35,0.80,1.00,BODY
DACF93AC47656867,-2.60,1.61,30.00,0.35,0.80,1.00,BODY
649F9DEE75F1AF0F,1.67,1.83,30.20,0.35,0.80,1.00,BODY
DCC9925A3EF60111,6.49,2.14,30.40,0.35,0.80,1.00,BODY
9AA122C24BA1C564,8.78,1.87,30.60,0.35,0.80,1.00,BODY
6F7AF007A17E7CC1,12.82,1.74,30.00,0.35,0.80,1.00,BODY
93F01249F2700EDC,-12.47,1.65,30.20,0.35,0.80,1.00,BODY
75E60A7F5AF5BD77,-9.06,2.11,30.40,0.35,0.80,1.00,BODY
9569C55EDED359CD,-7.30,1.95,30.60,0.35,0.80,1.00,BODY
9EC63E1CC6A063A0,-2.14,1.65,30.00,0.35,0.80,1.00,BODY
7D31982FD885A223,4.30,1.98,30.20,0.35,0.80,1.00,BODY
1E235A095F0F44B8,6.58,2.02,30.40,0.35,0.80,1.00,BODY
CE16676ADC21E105,9.14,1.90,30.60,0.35,0.80,1.00,BODY
7AB9856C1431F4B7,-16.03,1.82,30.00,0.35,0.80,1.00,BODY
3CC21A7B88FDF538,-12.11,2.18,30.20,0.35,0.80,1.00,BODY
D9C243D56109D028,-8.92,1.74,30.40,0.35,0.80,1.00,BODY
1B331563D7364FAB,-6.25,1.74,30.60,0.34,0.80,1.00,BODY
6C719AA4E9BD7EC1,-1.85,2.20,30.00,0.35,0.80,1.00,BODY
611018DAA8A05E43,4.64,1.89,30.20,0.35,0.80,1.00,BODY
933ADE60188B976D,7.08,1.98,30.40,0.35,0.80,1.00,BODY
D34E14A8A6E3983A,9.41,1.74,30.60,0.35,0.80,1.00,BODY
50A800BF6621644D,-15.94,1.76,30.00,0.35,0.80,1.00,BODY
25961E65E581F492,-12.31,1.86,30.20,0.35,0.80,1.00,BODY
E88ED68CCCAED2CB,-8.79,2.00,30.40,0.35,0.80,1.00,BODY
7EAA3DCBD9AC1536,-5.95,2.07,30.60,0.34,0.80,1.00,BODY
015A0ABEF70BA297,-1.90,2.02,30.00,0.35,0.80,1.00,BODY
E966CA8E010FC8AE,4.34,2.31,30.20,0.35,0.80,1.00,BODY
F38544664E90F1C0,7.09,1.79,30.40,0.35,0.80,1.00,BODY
694A1C769C695FF5,9.32,1.83,30.60,0.35,0.80,1.00,BODY
37019B5067289CC2,-15.92,2.17,30.00,0.35,0.80,1.00,BODY
0E3E6651A3B80319,-12.44,2.24,30.20,0.35,0.80,1.00,BODY
6E9B30B76BAE38F6,-8.72,1.95,30.40,0.35,0.80,1.00,BODY
76EF2A6B50647760,-6.61,2.22,30.60,0.33,0.80,1.00,BODY
54E4C99F9AE74045,-1.80,2.14,30.00,0.35,0.80,1.00,BODY
E20A0B790A309751,4.48,2.07,30.20,0.35,0.80,1.00,BODY
6CA42BE13F7B86FC,6.54,1.82,30.40,0.35,0.80,1.00,BODY
8CD935E3B2CFB924,9.23,2.16,30.60,0.35,0.80,1.00,BODY
9AA457FB18CF860E,-16.17,2.13,30.00,0.35,0.80,1.00,BODY
6A0F3E525AB9E27B,-12.78,2.44,30.20,0.35,0.80,1.00,BODY
0C1DA5309E786258,-8.90,2.42,30.40,0.35,0.80,1.00,BODY
D4D688E3E31DB608,-6.77,2.38,30.60,0.35,0.80,1.00,BODY
EF01322802BA2BA9,-2.26,1.93,30.00,0.35,0.80,1.00,BODY
BDA7C7D3007B68D1,4.45,2.24,30.20,0.34,0.80,1.00,BODY
9C1B9FAD514812FB,6.64,2.36,30.40,0.35,0.80,1.00,BODY
702918646504EA87,8.90,1.88,30.60,0.35,0.80,1.00,BODY
5946CC64DB5E75DC,-16.11,2.30,30.00,0.31,0.81,1.00,BODY
6981D8186477326C,-13.13,2.49,30.20,0.35,0.80,1.00,BODY
01BB240D078C80F7,-9.69,2.37,30.40,0.35,0.80,1.00,BODY
958E61957C29DCBE,-7.04,2.01,30.60,0.35,0.80,1.00,BODY
140EE84DD7B79D39,-2.83,2.46,30.00,0.35,0.80,1.00,BODY
5BC2B94D88662839,2.04,1.99,30.20,0.35,0.80,1.00,BODY
7B2EF1C4A8DC9622,6.09,2.26,30.40,0.35,0.80,1.00,BODY
09F7907E360F16D0,8.65,2.14,30.60,0.35,0.80,1.00,BODY
65AB1556B3E4F63F,12.85,2.01,30.00,0.35,0.80,1.00,BODY
9E29E1B307DBF4FD,-13.96,2.45,30.20,0.35,0.80,1.00,BODY
3B655D746CBEA85C,-11.21,2.48,30.40,0.32,0.79,1.00,BODY
7826D7B6C0CDC429,-7.78,2.40,30.60,0.35,0.80,1.00,BODY
39162C923B0C6B2A,-2.72,2.00,30.00,0.35,0.80,1.00,BODY
93FB1416D77A4C62,1.13,2.38,30.20,0.35,0.80,1.00,BODY
EFA1E159109B2B6F,5.69,2.44,30.40,0.35,0.80,1.00,BODY
8F0FCB0E0A691A17,7.79,2.49,30.60,0.35,0.80,1.00,BODY
E8BFFC2FD8D984B8,12.11,2.43,30.00,0.35,0.80,1.00,BODY
0CD5CA00D575F92C,-14.99,2.57,30.20,0.35,0.80,1.00,BODY
A76D1040FCFD7E98,-11.32,2.59,30.40,0.35,0.80,1.00,BODY
4CF1A61792475ED9,-8.13,2.30,30.60,0.35,0.80,1.00,BODY
53347B02D9C638C9,-5.37,2.04,30.00,0.35,0.80,1.00,BODY
177E2760F6897313,0.90,2.57,30.20,0.34,0.80,1.00,BODY
0A77288F3204E9E0,5.21,2.27,30.40,0.35,0.80,1.00,BODY
B5F5D1C15B387AAA,7.54,2.26,30.60,0.35,0.80,1.00,BODY
6732A3071D4D1B9B,12.05,2.23,30.00,0.35,0.79,1.00,BODY
7D1FCC7C404AC125,-15.68,2.15,30.20,0.35,0.80,1.00,BODY
968C8424333B7E49,-12.02,2.22,30.40,0.35,0.80,1.00,BODY
B34C42884E698571,-8.58,2.59,30.60,0.35,0.80,1.00,BODY
1ED006CE0F0E685A,-5.52,2.17,30.00,0.35,0.80,1.00,BODY
3248FB39EA88E735,-1.65,2.50,30.20,0.35,0.80,1.00,BODY
D6B146558E9FD2EF,4.73,2.30,30.40,0.35,0.80,1.00,BODY
5EE1E9CF6043047C,6.53,2.46,30.60,0.35,0.80,1.00,BODY
6F28CEF517C1337D,9.72,2.59,30.00,0.35,0.80,1.00,BODY
43A63C19D7747E75,-16.24,2.50,30.20,0.35,0.80,1.00,BODY
40EA83C5118C684E,-12.42,2.13,30.40,0.35,0.80,1.00,BODY
FEC345CCF69932D5,-9.44,2.15,30.60,0.35,0.80,1.00,BODY
47E778DB80771E76,-6.87,2.48,30.00,0.35,0.80,1.00,BODY
026078A2086F0117,-2.24,2.31,30.20,0.35,0.80,1.00,BODY
5C234C3A60D6AB44,1.56,2.17,30.40,0.35,0.80,1.00,BODY
2D3309D84CB82BA9,6.43,2.67,30.60,0.35,0.80,1.00,BODY
7930A4FD3CB396B0,8.78,2.46,30.00,0.35,0.80,1.00,BODY
1A063A0F0742839F,13.13,2.38,30.20,0.35,0.80,1.00,BODY
C7E10D2F669D0800,-14.62,2.62,30.40,0.35,0.80,1.00,BODY
F1A41FAA10AC5B10,-10.98,2.40,30.60,0.35,0.80,1.00,BODY
1D05418FE77FBB82,-7.90,2.32,30.00,0.35,0.80,1.00,BODY
6B0BE8B56C8D5A49,-3.51,2.48,30.20,0.33,0.80,1.00,BODY
4562164051421965,0.89,2.20,30.40,0.35,0.80,1.00,BODY
9BDA24D3D235C3B6,5.11,2.24,30.60,0.35,0.80,1.00,BODY
85BF8B0A8CC9432D,7.58,2.19,30.00,0.35,0.80,1.00,BODY
680C1B8FB4861747,12.01,2.38,30.20,0.35,0.80,1.00,BODY
4A3C54199A7532AD,-14.89,2.77,30.40,0.35,0.80,1.00,BODY
500B0216DA4F42AC,-12.13,2.52,30.60,0.35,0.80,1.00,BODY
E80BFDB7A97EF82C,-8.40,2.68,30.00,0.35,0.80,1.00,BODY
EDF3EF1111F01EBD,-5.11,2.38,30.20,0.35,0.80,1.00,BODY
5604529EC50EC124,-1.43,2.29,30.40,0.35,0.80,1.00,BODY
31D1C09AB5351DCD,5.10,2.73,30.60,0.35,0.80,1.00,BODY
E727C4D98056B55F,7.07,2.24,30.00,0.35,0.80,1.00,BODY
D6625041CCA0664E,9.83,2.61,30.20,0.35,0.80,1.00,BODY
470DC7EE8E7956F4,-15.51,2.62,30.40,0.35,0.80,1.00,BODY
4E63258E20D320FF,-12.57,2.82,30.60,0.35,0.80,1.00,BODY
5774E430EB1F88AC,-8.55,2.32,30.00,0.34,0.80,1.00,BODY
6290567DF4DEA432,-6.09,2.62,30.20,0.35,0.80,1.00,BODY
66B542A3A892B5D0,-2.24,2.73,30.40,0.35,0.80,1.00,BODY
E8DDCBAF9C79F3B2,4.02,2.26,30.60,0.34,0.80,1.00,BODY
58E4C2CAEC1FA68E,6.39,2.66,30.00,0.35,0.80,1.00,BODY
5DC91C40519AE766,9.55,2.26,30.20,0.35,0.80,1.00,BODY
E1E449D686580DB1,-16.19,2.80,30.40,0.34,0.80,1.00,BODY
4F10618697E14B41,-13.33,2.55,30.60,0.34,0.80,1.00,BODY
EABA607DC4EE1748,-8.59,2.39,30.00,0.35,0.82,1.00,BODY
64212759DE6F036B,-6.16,2.39,30.20,0.35,0.80,1.00,BODY
C6C29039F67FD29A,-2.08,2.57,30.40,0.35,0.80,1.00,BODY
7042597EA4791CD1,2.30,2.46,30.60,0.34,0.80,1.00,BODY
8A6C1C457692BDFE,6.46,2.82,30.00,0.35,0.80,1.00,BODY
907BDA6975BAC7F0,9.07,2.54,30.20,0.35,0.80,1.00,BODY
8809A4693EBBB0A5,-16.02,2.66,30.40,0.35,0.80,1.00,BODY
805AE822D3FF9A5B,-13.32,2.59,30.60,0.35,0.80,1.00,BODY
D7B0EBB1D024A7D6,-10.92,2.91,30.00,0.34,0.82,1.00,BODY
A5A1D48C6DA26158,-5.08,2.38,30.20,0.35,0.80,1.00,BODY
038297394353A39F,-1.80,2.43,30.40,0.35,0.80,1.00,BODY
7A3FDA0C17DDC6C2,4.55,2.59,30.60,0.35,0.80,1.00,BODY
F1B142DB4669360E,11.50,2.79,30.00,0.34,0.79,1.00,BODY
AEE5E67557F24B1A,-15.20,2.87,30.20,0.35,0.80,1.00,BODY
C77BCE92C5656BE1,-12.68,2.49,30.40,0.35,0.80,1.00,BODY
C8DCF59241D8F00A,-8.39,2.79,30.60,0.35,0.80,1.00,BODY
50EAB0C9343514A1,-3.11,2.49,30.00,0.35,0.80,1.00,BODY
C94F2F0935C985A7,1.19,2.60,30.20,0.35,0.80,1.00,BODY
BC09849D89938DDF,5.64,2.83,30.40,0.34,0.80,1.00,BODY
CD85D8351A6B48CA,12.25,2.60,30.60,0.35,0.80,1.00,BODY
4D369B8061D4D7DC,-14.77,2.74,30.00,0.35,0.80,1.00,BODY
FDA1BBC22BE08E75,-11.83,2.65,30.20,0.35,0.80,1.00,BODY
361E085126D6C8C7,-6.24,2.96,30.40,0.34,0.81,1.00,BODY
991CBDCB10FAAF9B,-2.83,2.84,30.60,0.35,0.80,1.00,BODY
55BFE1E03621B842,1.67,2.56,30.00,0.35,0.80,1.00,BODY
02E73BF03782D812,9.22,2.88,30.20,0.35,0.80,1.00,BODY
8D0A47562755B044,-16.62,3.01,30.40,0.34,0.80,1.00,BODY
A08B7A75A170D1A5,-13.92,2.52,30.60,0.34,0.80,1.00,BODY
9114571859EA3F68,-11.09,2.94,30.00,0.35,0.80,1.00,BODY
F48D8B591B0BAE5F,-5.36,2.79,30.20,0.35,0.80,1.00,BODY
B8FEBD460FF8A6AB,-1.77,2.58,30.40,0.35,0.80,1.00,BODY
AD3FA9325A809CA3,4.73,3.08,30.60,0.35,0.80,1.00,BODY
E666ACEE58AFC696,9.65,2.90,30.00,0.35,0.80,1.00,BODY
408AF827CD8D0B15,-15.88,2.55,30.20,0.35,0.80,1.00,BODY
35202D893DE6356A,-12.89,2.98,30.40,0.35,0.80,1.00,BODY
F93CB392DD4714DB,-8.28,2.90,30.60,0.35,0.80,1.00,BODY
14D914EFC8DD8960,-4.70,2.70,30.00,0.34,0.80,1.00,BODY
FD9E16B32E98C0E2,-1.62,2.69,30.20,0.34,0.80,1.00,BODY
34BBE6CB9151D120,5.10,3.11,30.40,0.35,0.80,1.00,BODY
C409803AB7ED6926,11.96,2.90,30.60,0.35,0.80,1.00,BODY
DEEB2CEA5EFE0642,-15.04,2.71,30.00,0.34,0.80,1.00,BODY
1A701AB9CA8AAFAE,-12.39,3.06,30.20,0.35,0.80,1.00,BODY
6A91F5A9CEF38ECE,-7.97,3.20,30.40,0.35,0.80,1.00,BODY
990313A211CA6224,-2.91,3.12,30.60,0.35,0.80,1.00,BODY
EA847B9E96D24262,1.05,3.09,30.00,0.35,0.80,1.00,BODY
B8168A4B8A1F9EF0,5.65,2.74,30.20,0.35,0.80,1.00,BODY
2DA117548F4B181E,12.28,2.70,30.40,0.35,0.80,1.00,BODY
91615BA88BAC2EF4,-14.96,2.89,30.60,0.35,0.80,1.00,BODY
D6B8DC537B8786EE,-11.92,3.14,30.00,0.35,0.80,1.00,BODY
0F024A350201199E,-7.82,2.93,30.20,0.35,0.80,1.00,BODY
38E745CF53D171D3,-2.98,3.11,30.40,0.35,0.80,1.00,BODY
AB72CA633CD72812,1.40,2.96,30.60,0.35,0.80,1.00,BODY
AAD6501F8CA2A7F9,8.90,3.08,30.00,0.35,0.80,1.00,BODY
F875A1E3765CB145,12.53,3.05,30.20,0.35,0.80,1.00,BODY
E6AE9CB9359E9833,-14.68,2.71,30.40,0.35,0.80,1.00,BODY
9C891FAF01660783,-11.79,2.88,30.60,0.35,0.80,1.00,BODY
46AB786754EB5C4F,-6.05,2.75,30.00,0.35,0.80,1.00,BODY
04D8EBEA3ECE07B5,-2.54,3.26,30.20,0.35,0.80,1.00,BODY
34EA2A0056941004,1.91,2.92,30.40,0.35,0.80,1.00,BODY
2D46A7D56E9DE098,9.45,2.91,30.60,0.35,0.80,1.00,BODY
B664E49C81154E41,-16.27,3.04,30.00,0.32,0.80,1.00,BODY
F650FD93D4BAF299,-14.10,3.32,30.20,0.35,0.80,1.00,BODY
B4D9B2A086711555,-11.32,3.19,30.40,0.35,0.80,1.00,BODY
61F2CC0FC43FBC31,-5.48,2.85,30.60,0.35,0.80,1.00,BODY
AA7F9E9F56A74C4F,-2.34,2.86,30.00,0.35,0.80,1.00,BODY
B3C62C490AA77C24,1.85,3.33,30.20,0.34,0.80,1.00,BODY
D9CA9D154C73A6BC,9.41,2.90,30.40,0.35,0.80,1.00,BODY
B5AF7BB168B3ACB8,-15.95,2.87,30.60,0.35,0.80,1.00,BODY
2099D25631AC72B9,-13.33,3.31,30.00,0.34,0.80,1.00,BODY
FFE346567C57F2F5,-10.84,3.13,30.20,0.35,0.80,1.00,BODY
EB63D63D76E84A2B,-5.34,3.28,30.40,0.35,0.80,1.00,BODY
C652C0248C2546C8,-1.98,3.03,30.60,0.35,0.80,1.00,BODY
178191F4B0089F51,2.18,2.84,30.00,0.33,0.80,1.00,BODY
AF73D8B0F479DC73,9.46,3.10,30.20,0.35,0.80,1.00,BODY
4D62872D8B84A5B3,-16.05,3.16,30.40,0.35,0.80,1.00,BODY
7AE957D2B3C241D7,-13.40,2.87,30.60,0.35,0.80,1.00,BODY
F8814B54F87898E7,-11.01,3.30,30.00,0.34,0.80,1.00,BODY
9BDB42AAD2405810,-5.20,2.98,30.20,0.35,0.80,1.00,BODY
74DE76EA8BD552E6,-1.83,3.04,30.40,0.35,0.80,1.00,BODY
AF211B1ED9931F02,4.57,3.08,30.60,0.35,0.80,1.00,BODY
1D2F6C5546750812,9.94,3.04,30.00,0.35,0.80,1.00,BODY
5700F4D789A5F98D,-15.79,2.92,30.20,0.35,0.80,1.00,BODY
33B7E89E189182B1,-12.91,3.32,30.40,0.35,0.80,1.00,BODY
D7D98541C5B32BEC,-8.61,3.40,30.60,0.35,0.80,1.00,BODY
6C9F7E0099D9D813,-4.85,2.95,30.00,0.35,0.80,1.00,BODY
CD44D84C5400EF93,-1.71,3.39,30.20,0.35,0.80,1.00,BODY
3C1C502B7A17DBBB,4.55,3.02,30.40,0.35,0.80,1.00,BODY
0728425A9154EB9C,9.87,3.41,30.60,0.35,0.80,1.00,BODY
20FE57E10B6F1362,12.06,3.07,30.00,0.35,0.80,1.00,BODY
7E320DEB37C81490,-14.56,2.97,30.20,0.35,0.80,1.00,BODY
DF4B1D78530CB38A,-11.96,3.23,30.40,0.35,0.80,1.00,BODY
7B07097D316549CA,-7.60,3.32,30.60,0.35,0.80,1.00,BODY
A3D7729A3B580D5C,-3.21,3.18,30.00,0.35,0.80,1.00,BODY
1F756DA463426241,1.15,3.34,30.20,0.35,0.80,1.00,BODY
3A70C073C5901156,8.92,3.54,30.40,0.34,0.80,1.00,BODY
20F6E764079BBA27,10.89,3.40,30.60,0.34,0.80,1.00,BODY
C0ECFEFE0FC31A4E,-15.88,3.59,30.00,0.35,0.80,1.00,BODY
299B584CF1B56DB4,-13.20,3.07,30.20,0.35,0.80,1.00,BODY
58B3B061620724F3,-8.96,3.10,30.40,0.34,0.79,1.00,BODY
CD40BADB1338B496,-5.36,3.58,30.60,0.35,0.80,1.00,BODY
CB7F4667203C994A,-1.96,3.28,30.00,0.35,0.80,1.00,BODY
60CA90320F17A28D,4.20,3.56,30.20,0.35,0.80,1.00,BODY
CC92D1FEA0EBC0A7,9.70,3.38,30.40,0.35,0.80,1.00,BODY
D59DB97AA601569E,12.02,3.07,30.60,0.35,0.80,1.00,BODY
8828CAFC47E0C68D,-14.61,3.61,30.00,0.35,0.80,1.00,BODY
9E20DFE6FB88AF86,-11.64,3.50,30.20,0.35,0.80,1.00,BODY
2E83CA2D978B996A,-8.09,3.24,30.40,0.35,0.80,1.00,BODY
7174EA5D52C0336F,-3.39,3.34,30.60,0.35,0.80,1.00,BODY
CF308A9ADA0E386A,0.96,3.42,30.00,0.35,0.80,1.00,BODY
31A609EF292A1A77,5.12,3.57,30.20,0.35,0.80,1.00,BODY
1BBE4825FD6311ED,10.71,3.36,30.40,0.35,0.80,1.00,BODY
CE5F23F8FB5774CE,-15.94,3.19,30.60,0.35,0.80,1.00,BODY
DE85FA64DA274990,-13.56,3.15,30.00,0.34,0.79,1.00,BODY
BAC8DB19B2BB8849,-10.62,3.19,30.20,0.35,0.80,1.00,BODY
7FFBFD54F610FE92,-5.18,3.37,30.40,0.35,0.80,1.00,BODY
B283FC8D7C02F384,-2.15,3.44,30.60,0.35,0.80,1.00,BODY
BED333CF509A577D,1.68,3.15,30.00,0.35,0.80,1.00,BODY
592A982C38BAAA42,9.62,3.36,30.20,0.35,0.80,1.00,BODY
DEE65333B00DE8BC,11.93,3.16,30.40,0.35,0.80,1.00,BODY
909D89E90A09BF9C,-15.12,3.69,30.60,0.34,0.80,1.00,BODY
951319AB6D5DEC85,-12.36,3.39,30.00,0.34,0.80,1.00,BODY
A1DFFB3012CF170F,-7.90,3.67,30.20,0.35,0.80,1.00,BODY
6607F99C0D1BBC1A,-3.81,3.67,30.40,0.35,0.80,1.00,BODY
1D6E029EC4600FE4,-1.08,3.32,30.60,0.34,0.80,1.00,BODY
9B2813674E4F7E85,5.04,3.27,30.00,0.35,0.80,1.00,BODY
D4DFFE3A4B040FB2,10.22,3.41,30.20,0.35,0.80,1.00,BODY
CC528FFD234B11D8,-16.74,3.62,30.40,0.34,0.84,1.00,BODY
B36646BFAB1226AF,-13.85,3.51,30.60,0.35,0.80,1.00,BODY
BFF79EE3B6025116,-11.07,3.63,30.00,0.35,0.80,1.00,BODY
F4412066CC3525C3,-5.60,3.53,30.20,0.35,0.80,1.00,BODY
CC9ACBDCBDFBEAF0,-2.83,3.74,30.40,0.34,0.80,1.00,BODY
A9809716D4604C45,1.41,3.23,30.60,0.35,0.80,1.00,BODY
5A3EB4D3E00B9683,5.71,3.78,30.00,0.34,0.80,1.00,BODY
C0FA590A81BF434B,9.70,3.47,30.20,0.35,0.80,1.00,BODY
0E57CABC507A45EF,12.16,3.51,30.40,0.35,0.80,1.00,BODY
E0E6D77BFA080052,-14.93,3.45,30.60,0.35,0.80,1.00,BODY
5E58809F4DD77412,-11.60,3.41,30.00,0.35,0.80,1.00,BODY
D8764E3B9852E423,-7.97,3.65,30.20,0.35,0.80,1.00,BODY
76B5E82D27EBEF4E,-3.42,3.34,30.40,0.35,0.80,1.00,BODY
1F0AA51E4F5A283D,1.12,3.76,30.60,0.35,0.80,1.00,BODY
757D6E8A6149BC3E,4.99,3.64,30.00,0.35,0.80,1.00,BODY
197F4AE0ACC2D1A9,7.48,3.72,30.20,0.34,0.80,1.00,BODY
7749577E3E2C523D,10.85,3.72,30.40,0.35,0.80,1.00,BODY
D6F8C55BAADAB390,-16.52,3.53,30.60,0.35,0.80,1.00,BODY
45C5C75C361663DE,-14.01,3.56,30.00,0.34,0.79,1.00,BODY
2DC32F15DD8F1595,-10.74,3.67,30.20,0.35,0.80,1.00,BODY
AE21F5B8BC045240,-5.84,3.76,30.40,0.35,0.80,1.00,BODY
B6D4AF33D3DC5843,-2.31,3.81,30.60,0.35,0.80,1.00,BODY
A744DDE097255DAE,1.92,3.71,30.00,0.35,0.80,1.00,BODY
FE7F425D1E7BA849,6.13,3.64,30.20,0.35,0.80,1.00,BODY
EFC980819935CE22,9.00,3.89,30.40,0.35,0.80,1.00,BODY
F45CCAA495B87B50,11.67,3.72,30.60,0.35,0.80,1.00,BODY
03EA937C1CDA7265,-15.82,3.68,30.00,0.35,0.80,1.00,BODY
900F20AC23BFFB4E,-12.61,3.39,30.20,0.35,0.80,1.00,BODY
790DFB9DCF6242CD,-8.70,3.56,30.40,0.35,0.80,1.00,BODY
646AAF4EC1DCECF8,-4.80,3.37,30.60,0.35,0.80,1.00,BODY
89CBF860F028D3F4,-1.64,3.65,30.00,0.35,0.80,1.00,BODY
9FA0AD7E87880811,4.18,3.48,30.20,0.35,0.80,1.00,BODY
01C51A43BCB36E91,6.47,3.46,30.40,0.35,0.80,1.00,BODY
68F5B544D8A85C5C,9.88,3.65,30.60,0.35,0.80,1.00,BODY
1F5BA80C04EDD144,11.94,3.48,30.00,0.35,0.80,1.00,BODY
4D5566DE85BB6ECE,-15.37,3.83,30.20,0.34,0.80,1.00,BODY
BCABEF774164533C,-12.47,3.70,30.40,0.35,0.80,1.00,BODY
54002F04004EF574,-8.16,3.52,30.60,0.35,0.80,1.00,BODY
05FF3D9F70D7A8A0,-3.93,3.82,30.00,0.35,0.80,1.00,BODY
E33029EBEE0157FB,-1.20,3.47,30.20,0.35,0.80,1.00,BODY
39A3488D8E737A60,4.97,3.82,30.40,0.35,0.80,1.00,BODY
5DC4F93DA13D2460,6.92,3.91,30.60,0.35,0.80,1.00,BODY
D2840238B093CB0D,9.94,3.84,30.00,0.35,0.80,1.00,BODY
CFFCDC4718D79549,12.06,3.60,30.20,0.35,0.80,1.00,BODY
4F27BF5CCBFF2BBB,-14.71,3.67,30.40,0.35,0.80,1.00,BODY
EAF0CAC4BA2C734F,-12.13,3.65,30.60,0.34,0.80,1.00,BODY
6A233EBB980F999F,-7.84,3.96,30.00,0.35,0.80,1.00,BODY
4F8F7CE93008C8F1,-3.87,3.51,30.20,0.35,0.80,1.00,BODY
E1ED254DE36607BE,0.58,3.74,30.40,0.35,0.80,1.00,BODY
22050B24470BB204,4.80,3.56,30.60,0.35,0.80,1.00,BODY
A8F7862C266FCDE3,7.51,3.85,30.00,0.35,0.80,1.00,BODY
AA63456F96A12720,10.21,4.02,30.20,0.35,0.80,1.00,BODY
785EDF36EEFF2355,12.58,3.88,30.40,0.35,0.80,1.00,BODY
2D8217BB707E7258,-14.76,4.06,30.60,0.35,0.80,1.00,BODY
B703B79FEB73CD12,-11.37,3.88,30.00,0.35,0.80,1.00,BODY
4F49778A340B1FA5,-7.47,3.64,30.20,0.35,0.80,1.00,BODY
132E9B3334D91AA2,-3.73,3.74,30.40,0.35,0.80,1.00,BODY
C05856DD0B827633,1.23,3.77,30.60,0.35,0.80,1.00,BODY
8CFB91552F6D3F41,4.99,3.72,30.00,0.35,0.80,1.00,BODY
D13A9E3C0E507942,7.35,3.61,30.20,0.35,0.80,1.00,BODY
7CDB908490AD21CF,10.23,3.67,30.40,0.35,0.80,1.00,BODY
5BF378A82ED24821,12.83,3.73,30.60,0.35,0.80,1.00,BODY
B46CAFCE6E1C9BC4,-14.31,4.10,30.00,0.35,0.80,1.00,BODY
DD899CB51493CB3D,-11.41,3.91,30.20,0.35,0.80,1.00,BODY
37783676679FD037,-7.31,3.64,30.40,0.34,0.80,1.00,BODY
25A329E44DCA160B,-3.39,3.72,30.60,0.35,0.80,1.00,BODY
810E436129EF7224,1.15,3.59,30.00,0.35,0.80,1.00,BODY
4C769A2665493EF6,5.20,3.78,30.20,0.35,0.80,1.00,BODY
6579E3E0D2B25560,7.34,4.05,30.40,0.35,0.80,1.00,BODY
616B11D67558AC56,10.70,3.61,30.60,0.35,0.80,1.00,BODY
8677ED0D0F903BA5,12.45,3.79,30.00,0.35,0.80,1.00,BODY
70DBE9BECC167CA0,-14.55,3.68,30.20,0.35,0.80,1.00,BODY
E5E591C2D125ED13,-11.39,4.01,30.40,0.35,0.80,1.00,BODY
C1682DE8F7D3E3DB,-5.90,3.73,30.60,0.35,0.80,1.00,BODY
D2FD0A220CC27A6A,-3.23,3.86,30.00,0.35,0.80,1.00,BODY
BE9373E02288F866,1.50,3.61,30.20,0.35,0.80,1.00,BODY
8B730BDA8D4533CD,5.32,3.67,30.40,0.35,0.80,1.00,BODY
7494E6B82B0E2F6A,7.58,3.80,30.60,0.35,0.80,1.00,BODY
ABB8F7E602CD2459,10.36,4.13,30.00,0.35,0.80,1.00,BODY
0A110CA5F0302707,13.08,3.96,30.20,0.35,0.80,1.00,BODY
62C0333E091A58D7,-14.55,3.81,30.40,0.35,0.80,1.00,BODY
805F827951A50879,-11.02,4.03,30.60,0.35,0.80,1.00,BODY
29884C1723C2343E,-5.92,3.99,30.00,0.34,0.80,1.00,BODY
6AFF80B11EED0845,-3.18,4.21,30.20,0.35,0.80,1.00,BODY
026F2F0489F6EDF7,1.05,4.09,30.40,0.35,0.80,1.00,BODY
2C0C340C6C7F3340,5.32,3.66,30.60,0.35,0.80,1.00,BODY
53B0AD0D38C3EF80,7.89,4.07,30.00,0.35,0.80,1.00,BODY
4235EC5554F3ED52,10.73,4.00,30.20,0.35,0.80,1.00,BODY
09008B964202C035,13.14,4.21,30.40,0.35,0.80,1.00,BODY
65E81BD4655221B5,-14.55,4.00,30.60,0.35,0.80,1.00,BODY
6FA59503A9C6C9C5,-11.63,4.24,30.00,0.35,0.80,1.00,BODY
91C251A398769524,-7.39,3.82,30.20,0.32,0.81,1.00,BODY
7FA77D4A3DF136AA,-3.49,3.92,30.40,0.35,0.80,1.00,BODY
DFFA8FEE82292FF6,1.37,4.19,30.60,0.35,0.80,1.00,BODY
FCEB2D0D4A5D2722,5.31,4.24,30.00,0.35,0.80,1.00,BODY
A1DFCA9227B7D059,7.80,3.88,30.20,0.35,0.80,1.00,BODY
5B59531B685E7C77,10.74,4.20,30.40,0.35,0.80,1.00,BODY
A4014D206C43953A,12.76,4.26,30.60,0.35,0.80,1.00,BODY
98EF3CDEF4AE3629,-14.38,4.06,30.00,0.35,0.80,1.00,BODY
BD18700C6B76BDD4,-11.27,3.80,30.20,0.35,0.80,1.00,BODY
7F8F87005A59D18A,-7.48,3.97,30.40,0.35,0.80,1.00,BODY
54E70DADCD0E4433,-3.36,3.95,30.60,0.35,0.80,1.00,BODY
C41E437ECE2DC11E,0.93,3.78,30.00,0.35,0.80,1.00,BODY
5CC6A1ED643DAEE3,5.36,4.18,30.20,0.35,0.80,1.00,BODY
54D7CEDCA821973F,7.24,4.19,30.40,0.35,0.80,1.00,BODY
7EC22FD86E181585,10.30,3.90,30.60,0.35,0.80,1.00,BODY
8B765779D3C41562,12.84,3.80,30.00,0.35,0.80,1.00,BODY
F17A9FC47E1C8488,-14.36,4.04,30.20,0.35,0.80,1.00,BODY
DE3E8C13C693D800,-11.67,3.87,30.40,0.35,0.80,1.00,BODY
986690A3121CF202,-7.51,3.95,30.60,0.35,0.80,1.00,BODY
CD24299AB7B5D476,-3.77,3.95,30.00,0.35,0.80,1.00,BODY
916AB8F6BD975974,0.61,4.36,30.20,0.35,0.80,1.00,BODY
D2AD7C6F221C588A,4.83,4.19,30.40,0.35,0.80,1.00,BODY
971A699F27141E3F,7.63,4.35,30.60,0.35,0.80,1.00,BODY
ABEA610B6706F6DE,10.19,4.05,30.00,0.35,0.80,1.00,BODY
096ED8B5063704AC,12.84,3.99,30.20,0.35,0.80,1.00,BODY
39788A8A0BE06513,-14.83,3.91,30.40,0.35,0.80,1.00,BODY
69D9F09D73A9F646,-11.67,4.09,30.60,0.33,0.80,1.00,BODY
8945B4F94D517ABA,-7.92,4.22,30.00,0.35,0.80,1.00,BODY
FAB6C121731870DB,-4.03,4.39,30.20,0.35,0.80,1.00,BODY
15E3E62D5C8D70EB,-1.55,4.07,30.40,0.34,0.80,1.00,BODY
269F441DE5DA5C20,4.61,4.35,30.60,0.35,0.80,1.00,BODY
0BD56C7E43C42712,6.93,4.34,30.00,0.35,0.80,1.00,BODY
CA1E84743E3C37CD,10.18,4.17,30.20,0.35,0.80,1.00,BODY
7B92299C56CDD6F2,12.36,4.13,30.40,0.35,0.80,1.00,BODY
DA68E3DDB422E6D9,-15.70,4.19,30.60,0.35,0.80,1.00,BODY
E9B4C934988D2CBC,-12.87,4.26,30.00,0.35,0.80,1.00,BODY
038417606A7C7481,-8.10,4.24,30.20,0.35,0.80,1.00,BODY
9355771FD3F2DB0B,-4.18,4.07,30.40,0.35,0.80,1.00,BODY
7B5442E8D3AABC81,-1.74,4.01,30.60,0.35,0.80,1.00,BODY
B5F92F42D99A0CB8,4.72,4.06,30.00,0.35,0.80,1.00,BODY
1430279A9837E5BE,7.07,4.26,30.20,0.35,0.80,1.00,BODY
93DA7803C8F90F85,9.51,4.25,30.40,0.35,0.80,1.00,BODY
DEB71601DA8B4CF7,11.80,3.91,30.60,0.35,0.80,1.00,BODY
A0041835429CD917,-15.41,4.40,30.00,0.35,0.80,1.00,BODY
17128EFB2127D665,-12.76,4.02,30.20,0.35,0.80,1.00,BODY
6106BB40916B75E3,-8.48,4.12,30.40,0.35,0.80,1.00,BODY
736DE7E64E17E420,-5.11,4.22,30.60,0.35,0.80,1.00,BODY
68AB986701CADD16,-1.92,4.13,30.00,0.35,0.80,1.00,BODY
28AFF8A88E55F9BF,4.25,4.45,30.20,0.35,0.80,1.00,BODY
8AE78B598177096F,6.79,4.33,30.40,0.35,0.80,1.00,BODY
40C4D59FDAEAFBEC,9.72,4.31,30.60,0.35,0.80,1.00,BODY
B3EB6DB0E1C9A04B,13.06,4.13,30.00,0.35,0.80,1.00,BODY
E74DFC92B623DFB0,-14.21,4.37,30.20,0.35,0.80,1.00,BODY
F96B36964E268139,-11.35,4.54,30.40,0.35,0.80,1.00,BODY
96429DA59F34583E,-7.57,4.57,30.60,0.35,0.80,1.00,BODY
B03268309F504147,-3.57,4.05,30.00,0.35,0.80,1.00,BODY
6CA5874DB5798DB6,0.81,4.58,30.20,0.35,0.80,1.00,BODY
9F74F113163C003A,5.19,4.59,30.40,0.35,0.80,1.00,BODY
D1D1822CB9CB85AB,7.24,4.21,30.60,0.35,0.80,1.00,BODY
A83BF493446A36EB,11.96,4.15,30.00,0.34,0.80,1.00,BODY
321E636C0D5A52B3,-16.12,4.08,30.20,0.35,0.80,1.00,BODY
3E7FC2CE1A2A2D6B,-13.39,4.10,30.40,0.35,0.80,1.00,BODY
386B0F116FCBC737,-10.17,4.19,30.60,0.34,0.80,1.00,BODY
DE1279B788341260,-5.11,4.61,30.00,0.35,0.80,1.00,BODY
6F0D4743F73C6D13,-2.30,4.57,30.20,0.35,0.80,1.00,BODY
55290ACA1FAB1F59,1.70,4.51,30.40,0.35,0.80,1.00,BODY
7251D3393A77E828,6.01,4.20,30.60,0.35,0.80,1.00,BODY
733312C07F8C9AA7,9.33,4.53,30.00,0.35,0.80,1.00,BODY
B220E644152C92DC,12.73,4.23,30.20,0.35,0.80,1.00,BODY
7F8222C0EB5178F3,-14.50,4.60,30.40,0.35,0.80,1.00,BODY
7799AAE80EC261ED,-11.33,4.54,30.60,0.35,0.80,1.00,BODY
83393E930D22AEB0,-7.77,4.23,30.00,0.35,0.80,1.00,BODY
E2F1A69122A0E772,-4.08,4.41,30.20,0.35,0.80,1.00,BODY
ED7EA21713A576F2,0.80,4.21,30.40,0.35,0.80,1.00,BODY
31D085B29FCBAE47,5.18,4.35,30.60,0.35,0.80,1.00,BODY
33604F3C9F73E86F,7.66,4.58,30.00,0.35,0.80,1.00,BODY
A433C52E50BF1328,11.96,4.34,30.20,0.35,0.80,1.00,BODY
D65CE0F10DD685C6,-15.49,4.61,30.40,0.35,0.80,1.00,BODY
C57B53A6E9CB3989,-12.62,4.33,30.60,0.35,0.80,1.00,BODY
B30EB772E651F550,-8.54,4.39,30.00,0.35,0.80,1.00,BODY
FD5E770E120AEFA9,-4.75,4.28,30.20,0.35,0.80,1.00,BODY
02CDD4A531745E19,-1.51,4.75,30.40,0.35,0.80,1.00,BODY
60A0CF7C0E5A1056,4.42,4.57,30.60,0.35,0.80,1.00,BODY
C8933A2FF1817736,6.52,4.56,30.00,0.35,0.80,1.00,BODY
B4758FA467D5E91F,9.91,4.46,30.20,0.35,0.80,1.00,BODY
8957A6B5FA007FCD,-16.12,4.51,30.40,0.35,0.80,1.00,BODY
DECC89F0EC002A62,-13.43,4.76,30.60,0.35,0.80,1.00,BODY
67D655E7B34C999B,-8.63,4.23,30.00,0.33,0.80,1.00,BODY
B6F07EAEE1381FC7,-5.28,4.50,30.20,0.35,0.80,1.00,BODY
35F4613CADE65E99,-2.28,4.36,30.40,0.35,0.80,1.00,BODY
DEF5125AA4A8E6D2,2.20,4.80,30.60,0.35,0.80,1.00,BODY
FD78F927D084D248,6.34,4.79,30.00,0.34,0.80,1.00,BODY
5184A5D6AED1CD07,9.45,4.59,30.20,0.35,0.80,1.00,BODY
AE2E0E660FF07465,-16.66,4.70,30.40,0.35,0.80,1.00,BODY
42EC0E88FC807042,-13.90,4.62,30.60,0.35,0.80,1.00,BODY
52142E921D7DB6AB,-10.58,4.85,30.00,0.35,0.80,1.00,BODY
51D2E1888FC5FD9C,-5.87,4.38,30.20,0.35,0.80,1.00,BODY
ABD6EFC20B130E72,-2.65,4.62,30.40,0.34,0.81,1.00,BODY
B8CC0DE037CC6224,1.71,4.78,30.60,0.35,0.80,1.00,BODY
FDD37D1771146D0C,9.00,4.33,30.00,0.35,0.80,1.00,BODY
F301068FCE78BE2B,13.00,4.79,30.20,0.35,0.80,1.00,BODY
4F0DC441301CA2DC,-14.49,4.40,30.40,0.35,0.80,1.00,BODY
A13E10B84DDFC478,-11.28,4.53,30.60,0.35,0.80,1.00,BODY
25A549042B15B37F,-7.20,4.86,30.00,0.34,0.80,1.00,BODY
F6B1F10320E1B64A,-3.87,4.64,30.20,0.35,0.80,1.00,BODY
53ADA45EF737D1EE,1.13,4.50,30.40,0.35,0.80,1.00,BODY
825DB14A9B1AA5DA,5.00,4.45,30.60,0.35,0.80,1.00,BODY
CC2D65B372011D6B,12.63,4.71,30.00,0.35,0.80,1.00,BODY
466909DF1192E656,-15.69,4.67,30.20,0.34,0.80,1.00,BODY
AB2DF5BAD30B4A92,-11.66,4.77,30.40,0.33,0.80,1.00,BODY
B5C34A42592CBD92,-7.98,4.55,30.60,0.35,0.80,1.00,BODY
590BAE77C0BC105E,-4.37,4.42,30.00,0.35,0.80,1.00,BODY
2411984BC0FDFF75,-1.24,4.54,30.20,0.34,0.80,1.00,BODY
CF377D7AA2E2E542,5.01,4.39,30.40,0.35,0.80,1.00,BODY
DD34544D655BA849,11.85,4.69,30.60,0.34,0.80,1.00,BODY
95EF3BDD209AEA3B,-16.19,4.81,30.00,0.35,0.80,1.00,BODY
97484C57D3A9DA21,-12.76,4.80,30.20,0.35,0.80,1.00,BODY
6CF16090A3E588F1,-8.45,4.48,30.40,0.35,0.80,1.00,BODY
5B8862DC9525441D,-4.63,4.46,30.60,0.34,0.80,1.00,BODY
D1E40C21C013FA9C,-1.96,4.82,30.00,0.35,0.80,1.00,BODY
7A419918065DDB29,4.49,4.55,30.20,0.35,0.80,1.00,BODY
FFAA1163284A01FA,9.88,4.94,30.40,0.35,0.80,1.00,BODY
D085BD0DA45421D1,-16.45,4.77,30.60,0.35,0.80,1.00,BODY
275B082182850ED6,-13.48,4.56,30.00,0.35,0.80,1.00,BODY
142D40FBA8AD92BF,-8.74,4.50,30.20,0.34,0.80,1.00,BODY
AE6FD59BF5B6B127,-5.06,4.93,30.40,0.35,0.80,1.00,BODY
CFED564CD01D6234,-2.02,4.90,30.60,0.35,0.80,1.00,BODY
6C8852747220B778,1.99,5.01,30.00,0.35,0.80,1.00,BODY
65D3A593A581C5FC,9.35,4.71,30.20,0.35,0.80,1.00,BODY
1C392E15B9223322,-16.57,4.74,30.40,0.35,0.80,1.00,BODY
F71BEB522019431B,-13.70,4.70,30.60,0.35,0.80,1.00,BODY
4EF65592F4F23E20,-10.78,5.08,30.00,0.35,0.80,1.00,BODY
21435F23633BE849,-5.45,4.67,30.20,0.35,0.80,1.00,BODY
51C489719B157013,-2.30,5.06,30.40,0.35,0.80,1.00,BODY
101F54ACFAE634ED,1.77,4.86,30.60,0.35,0.80,1.00,BODY
27D24ACE7486065E,9.11,4.79,30.00,0.35,0.80,1.00,BODY
3F9668C3CA104F57,13.55,4.94,30.20,0.35,0.80,1.00,BODY
410BCF6A1931CDC7,-13.75,4.76,30.40,0.35,0.80,1.00,BODY
013C59A1DD4811FB,-11.01,5.14,30.60,0.35,0.80,1.00,BODY
38FDB8A9EC88F1C8,-5.80,5.09,30.00,0.35,0.80,1.00,BODY
4782E4D6592920E2,-3.38,4.96,30.20,0.34,0.80,1.00,BODY
3697231D3FC69CF5,1.33,5.11,30.40,0.35,0.80,1.00,BODY
D65CB5F4D1B715AD,9.04,4.82,30.60,0.35,0.80,1.00,BODY
00BCA4383990F799,13.27,4.97,30.00,0.35,0.80,1.00,BODY
97C2EB67C07F5DBB,-14.51,4.81,30.20,0.35,0.80,1.00,BODY
F044E933A8C7B394,-11.53,4.83,30.40,0.35,0.80,1.00,BODY
7756EEE39F87CCB2,-7.74,4.79,30.60,0.35,0.80,1.00,BODY
E23FFAB7F9CE8D8E,-3.94,4.64,30.00,0.35,0.80,1.00,BODY
2C6CE76FA6BC92A7,0.80,4.98,30.20,0.35,0.80,1.00,BODY
FBD1C4B042EF30EF,5.54,4.89,30.40,0.35,0.80,1.00,BODY
259D5D0E5FA755C1,12.36,4.82,30.60,0.35,0.80,1.00,BODY
E351F0D2483DC9D0,-16.10,5.11,30.00,0.35,0.80,1.00,BODY
53A094C4862B6164,-12.71,5.00,30.20,0.35,0.80,1.00,BODY
BDE60F00F73AECBB,-8.14,4.84,30.40,0.35,0.80,1.00,BODY
ED69550FA129AE53,-4.52,4.97,30.60,0.35,0.80,1.00,BODY
CAB591AE81E7AABA,-1.56,5.12,30.00,0.34,0.80,1.00,BODY
D2A7FD5CE4A66B91,4.70,5.06,30.20,0.35,0.80,1.00,BODY
3915EA4B2EB311D1,12.08,5.06,30.40,0.35,0.80,1.00,BODY
13E1026DA271F6EF,-16.11,4.84,30.60,0.35,0.80,1.00,BODY
3489571FF9049A8D,-12.97,4.79,30.00,0.35,0.80,1.00,BODY
8F73DED186F88EEF,-8.94,5.15,30.20,0.35,0.80,1.00,BODY
C212802A60F95E7C,-5.29,5.05,30.40,0.35,0.80,1.00,BODY
F2462A913E821DF6,-1.61,4.93,30.60,0.35,0.80,1.00,BODY
8A33A41119CD52B5,4.46,4.75,30.00,0.35,0.80,1.00,BODY
C9609FAFF6A8F968,9.77,4.82,30.20,0.35,0.80,1.00,BODY
6933801310C1D96D,-16.58,5.03,30.40,0.34,0.80,1.00,BODY
B330B6E9A51EA666,-13.85,4.84,30.60,0.35,0.80,1.00,BODY
359E1A7BC3FED28A,-10.60,5.12,30.00,0.35,0.80,1.00,BODY
C43D94E3118B0F3C,-5.78,4.93,30.20,0.35,0.80,1.00,BODY
C717FF67DEFE4334,-2.01,5.23,30.40,0.35,0.80,1.00,BODY
3B1C55C71554E9B4,2.03,4.82,30.60,0.35,0.80,1.00,BODY
CABA22BDC8DCB3E4,9.33,5.16,30.00,0.35,0.80,1.00,BODY
BB18BFDF6CB0C645,-23.12,5.12,30.20,0.73,0.92,1.00,BODY
6825802D1BD268BC,-14.38,5.22,30.40,0.35,0.80,1.00,BODY
491805C0DBA87E98,-11.04,5.07,30.60,0.35,0.80,1.00,BODY
D0EDF5DD21DD33FC,-6.07,5.19,30.00,0.35,0.80,1.00,BODY
11572632B3C162F3,-2.36,4.99,30.20,0.33,0.80,1.00,BODY
BB553A77C472F2FA,1.74,5.16,30.40,0.35,0.80,1.00,BODY
F105DC4E914AAA9D,9.12,5.36,30.60,0.35,0.80,1.00,BODY
D2A60EAAF4A85990,13.28,4.83,30.00,0.35,0.80,1.00,BODY
4BEB3715ADC85515,-15.87,4.91,30.20,0.35,0.80,1.00,BODY
2F532D94BF387D13,-11.36,5.15,30.40,0.35,0.80,1.00,BODY
868C828962F5DBE3,-8.01,5.41,30.60,0.35,0.80,1.00,BODY
26A013C3C47C7C4D,-4.12,5.32,30.00,0.35,0.80,1.00,BODY
7763110AFE8AE64F,1.08,5.14,30.20,0.35,0.80,1.00,BODY
33B3501FA479E8D5,5.64,4.86,30.40,0.35,0.80,1.00,BODY
4F6F0CDE78AE028A,12.47,5.04,30.60,0.35,0.80,1.00,BODY
8BEE7B4F1754EB98,-16.29,5.36,30.00,0.35,0.80,1.00,BODY
96FC2DE79D6C3606,-13.17,5.43,30.20,0.35,0.80,1.00,BODY
A1A7806C746E7A68,-8.69,5.30,30.40,0.35,0.80,1.00,BODY
D7DB794F0C38EB9D,-4.83,5.23,30.60,0.35,0.80,1.00,BODY
443AA4B44DDBA333,-1.27,5.46,30.00,0.35,0.80,1.00,BODY
DABA29592454D02F,4.39,4.91,30.20,0.35,0.80,1.00,BODY
63CFE24E854316F2,9.73,5.18,30.40,0.34,0.80,1.00,BODY
B21CB451AC9F064F,-22.67,4.96,30.60,0.72,0.91,1.00,BODY
A0A99F3DCBB0A7CF,-13.91,5.39,30.00,0.35,0.80,1.00,BODY
F8612B8F60211518,-10.45,5.11,30.20,0.35,0.80,1.00,BODY
DB9DB498E191BC79,-5.75,5.15,30.40,0.35,0.80,1.00,BODY
9DF223C79CDF5BA2,-2.40,5.22,30.60,0.35,0.80,1.00,BODY
FD50A618B69878A1,2.23,5.48,30.00,0.35,0.80,1.00,BODY
B5D200A24EA14C07,9.25,5.43,30.20,0.35,0.80,1.00,BODY
693DF80E561133FD,-24.01,5.44,30.40,0.72,0.91,1.00,BODY
63A61F17FC51DE75,-14.47,5.01,30.60,0.34,0.80,1.00,BODY
B7A127C6BB65E216,-11.27,5.56,30.00,0.35,0.80,1.00,BODY
30E0DC3028872175,-7.63,5.02,30.20,0.35,0.80,1.00,BODY
5BFD1022F80EEB01,-4.27,5.32,30.40,0.35,0.80,1.00,BODY
6FB356E5F78C9C9E,1.51,5.42,30.60,0.35,0.80,1.00,BODY
BD8A0E058FDFF64A,8.57,5.11,30.00,0.35,0.80,1.00,BODY
6E8CBD2D35F7A67B,12.96,5.60,30.20,0.35,0.80,1.00,BODY
37CD21CD6D7F06C6,-16.36,5.19,30.40,0.35,0.80,1.00,BODY
0D7B79691231BE9A,-13.09,5.62,30.60,0.35,0.80,1.00,BODY
D315C5C1BFECFBBB,-8.13,5.55,30.00,0.35,0.80,1.00,BODY
E8ED13DD5A400D24,-4.46,5.57,30.20,0.35,0.80,1.00,BODY
221F4E14C88786F9,0.59,5.27,30.40,0.34,0.80,1.00,BODY
1F4BAD10DF2718A9,4.88,5.28,30.60,0.35,0.80,1.00,BODY
E169367834492F15,12.41,5.11,30.00,0.35,0.80,1.00,BODY
3429257B571DCD37,-22.78,5.43,30.20,0.72,0.91,1.00,BODY
6C0D7A820C9CAE0A,-14.19,5.63,30.40,0.35,0.80,1.00,BODY
14DCB03E173C6638,-10.58,5.27,30.60,0.35,0.80,1.00,BODY
16A3D305B28007CC,-5.67,5.20,30.00,0.35,0.80,1.00,BODY
6A2DBF8ABEDCB1D7,-2.14,5.24,30.20,0.35,0.80,1.00,BODY
A332294B14D2A80E,2.40,5.26,30.40,0.34,0.80,1.00,BODY
CD73998E7B446F41,9.42,5.54,30.60,0.35,0.80,1.00,BODY
7F5CAF26323DB4BA,-25.57,5.46,30.00,0.71,0.91,1.00,BODY
1866AD1724F3BF71,-15.96,5.55,30.20,0.35,0.80,1.00,BODY
75682C3398787EF2,-12.46,5.29,30.40,0.34,0.79,1.00,BODY
CC5953BD1F7F7A1B,-8.35,5.58,30.60,0.35,0.80,1.00,BODY
1A4AA913E318FC06,-4.66,5.56,30.00,0.35,0.80,1.00,BODY
1932F7C067C735BE,1.17,5.64,30.20,0.35,0.80,1.00,BODY
BC7C599B44368377,5.39,5.46,30.40,0.35,0.80,1.00,BODY
A1D78D14FD125BFA,12.20,5.26,30.60,0.35,0.80,1.00,BODY
4F7B920FB1FEE219,-23.50,5.43,30.00,0.72,0.91,1.00,BODY
B5C4267206168D14,-13.94,5.28,30.20,0.35,0.80,1.00,BODY
3693E0BAA93A083E,-10.62,5.41,30.40,0.35,0.80,1.00,BODY
5437969EDACA52B9,-5.95,5.63,30.60,0.35,0.80,1.00,BODY
8AFB51A841466CFE,-1.97,5.59,30.00,0.35,0.80,1.00,BODY
9A81CD178D54C7C8,1.63,5.66,30.20,0.35,0.80,1.00,BODY
7865C8007CAC6E3A,9.05,5.35,30.40,0.35,0.80,1.00,BODY
476B8284B5B5B7FC,13.25,5.50,30.60,0.35,0.80,1.00,BODY
0B7049F988BDFA80,-16.61,5.70,30.00,0.35,0.80,1.00,BODY
1F72C714517A2262,-13.13,5.53,30.20,0.35,0.80,1.00,BODY
A2340FE59F6E5C30,-8.89,5.81,30.40,0.35,0.80,1.00,BODY
5B96863CBE9B6578,-5.26,5.39,30.60,0.35,0.80,1.00,BODY
508CF31ED9BF37EE,-1.52,5.55,30.00,0.35,0.80,1.00,BODY
3FB1A822A14A2A6E,4.89,5.27,30.20,0.35,0.80,1.00,BODY
4E1BCCE7217398E3,11.66,5.42,30.40,0.33,0.81,1.00,BODY
A9DB2E63CE9D46F3,-25.52,5.32,30.60,0.72,0.91,1.00,BODY
116CB1950A1AB2EE,-15.86,5.47,30.00,0.35,0.80,1.00,BODY
5F8C074D18139E0D,-11.43,5.36,30.20,0.35,0.80,1.00,BODY
4269E68DE2A5F1D7,-7.72,5.79,30.40,0.35,0.80,1.00,BODY
80CB6D3E547DD768,-4.03,5.33,30.60,0.35,0.80,1.00,BODY
8A9F5C7BD9E4CD83,-0.07,5.40,30.00,0.35,0.80,1.00,BODY
4A0A79A4C314CD21,4.01,5.42,30.20,0.35,0.80,1.00,BODY
42193865E3745704,9.89,5.65,30.40,0.35,0.80,1.00,BODY
C3965A49FBD6CE8C,-26.73,5.71,30.60,0.73,0.91,1.00,BODY
7E182BA3372218F7,-16.39,5.60,30.00,0.35,0.80,1.00,BODY
F8A20048F908A03F,-12.97,5.81,30.20,0.35,0.80,1.00,BODY
AE374C1AB454982B,-9.33,5.87,30.40,0.35,0.80,1.00,BODY
F1ECB99D7CE26EFB,-5.57,5.86,30.60,0.35,0.80,1.00,BODY
0C2886EDA0D69B4B,-1.72,5.41,30.00,0.35,0.80,1.00,BODY
FA8FB4A725CF0A57,1.26,5.67,30.20,0.35,0.80,1.00,BODY
A29D9314A4E3FACC,5.35,5.93,30.40,0.35,0.80,1.00,BODY
77DAFD5DD9BE49ED,9.28,5.51,30.60,0.35,0.80,1.00,BODY
285EB4904DF82AB3,11.42,5.84,30.00,0.34,0.80,1.00,BODY
F25A30503AFDF69D,-26.16,5.68,30.20,0.73,0.92,1.00,BODY
024FA2FBEE706E4E,-16.25,5.42,30.40,0.35,0.80,1.00,BODY
B47212918B10DA15,-13.18,5.41,30.60,0.35,0.80,1.00,BODY
A7782D33958A1A57,-8.91,5.62,30.00,0.35,0.80,1.00,BODY
4BAAC54152B509B7,-5.30,5.62,30.20,0.35,0.80,1.00,BODY
ED53CF0BA17046BB,-1.61,5.44,30.40,0.35,0.80,1.00,BODY
224D8B50B62642FE,0.94,5.58,30.60,0.35,0.80,1.00,BODY
323C1AA5E05E5C1E,4.25,5.51,30.00,0.34,0.80,1.00,BODY
043CA405D68FD1BE,6.30,5.88,30.20,0.34,0.80,1.00,BODY
FFCE6B16EBAB0EAC,9.39,5.41,30.40,0.35,0.80,1.00,BODY
8710A951E05EAA56,11.99,5.81,30.60,0.35,0.80,1.00,BODY
8F06753D20DD954E,-25.29,5.93,30.00,0.73,0.93,1.00,BODY
E30EDC87DF4F3C4C,-16.55,5.47,30.20,0.35,0.80,1.00,BODY
5229D698322CBE4F,-13.44,5.73,30.40,0.35,0.80,1.00,BODY
1B630D125B404BDB,-9.07,5.92,30.60,0.35,0.80,1.00,BODY
44F5ABC24DC13E78,-7.28,5.60,30.00,0.34,0.80,1.00,BODY
99B2B9434B482112,-2.77,5.65,30.20,0.35,0.80,1.00,BODY
6BACD41272334561,-0.07,5.54,30.40,0.35,0.80,1.00,BODY
73BA9AC91B9D2C18,2.47,5.47,30.60,0.35,0.80,1.00,BODY
260EC453E8FEE128,5.20,5.91,30.00,0.35,0.80,1.00,BODY
EB173C2A3D4F5408,7.53,5.74,30.20,0.34,0.80,1.00,BODY
06FC2EDD70C739F5,10.65,5.66,30.40,0.35,0.80,1.00,BODY
1410C4AF4B08509B,12.68,6.03,30.60,0.35,0.80,1.00,BODY
12B8ED755611B0F9,-23.12,5.69,30.00,0.72,0.91,1.00,BODY
10E17EC476CD1280,-14.63,5.54,30.20,0.34,0.80,1.00,BODY
AE9FEE2EC05AE28E,-10.70,5.61,30.40,0.35,0.80,1.00,BODY
BFA0653481967D4C,-8.53,5.66,30.60,0.35,0.80,1.00,BODY
93665B20F9BFE84C,-5.74,5.93,30.00,0.35,0.80,1.00,BODY
2EABFF48599BD4DE,-1.91,5.56,30.20,0.35,0.80,1.00,BODY
46DAFC80F6BC2C0F,0.74,6.00,30.40,0.35,0.80,1.00,BODY
82B4B432AE0CE832,3.05,5.86,30.60,0.35,0.80,1.00,BODY
FA467BE1C1E0BF7C,6.02,6.03,30.00,0.35,0.80,1.00,BODY
1FC362198762CF30,8.91,5.99,30.20,0.34,0.80,1.00,BODY
4BAB4FEFF84E30C1,10.69,5.95,30.40,0.35,0.80,1.00,BODY
434B1382401A8D95,13.28,5.99,30.60,0.34,0.80,1.00,BODY
BB3FFD270DD06DAF,-22.46,6.09,30.00,0.72,0.91,1.00,BODY
F29B3B2285F89415,-13.92,5.72,30.20,0.35,0.80,1.00,BODY
100535A02DB15F3B,-10.65,5.91,30.40,0.35,0.80,1.00,BODY
3918373245223792,-8.05,5.60,30.60,0.35,0.80,1.00,BODY
445D82B906FF3ECF,-5.24,5.73,30.00,0.35,0.80,1.00,BODY
6A76C9AF05BBEA7B,-1.21,5.89,30.20,0.34,0.80,1.00,BODY
932E74D6441D4773,1.13,5.65,30.40,0.35,0.80,1.00,BODY
BC73064F92F423F9,3.33,5.96,30.60,0.35,0.80,1.00,BODY
2081AB4D53E0A986,6.07,5.73,30.00,0.35,0.80,1.00,BODY
0FFE94198532BE28,9.24,5.65,30.20,0.35,0.80,1.00,BODY
CE727361E8D3489B,11.28,6.11,30.40,0.35,0.80,1.00,BODY
7D609556FD599FE5,-25.93,5.71,30.60,0.72,0.91,1.00,BODY
3C38B7899C7946A2,-22.34,6.13,30.00,0.72,0.92,1.00,BODY
47F75D820B106980,-13.40,5.90,30.20,0.35,0.80,1.00,BODY
0C80A4B85CF8B3F2,-9.93,5.72,30.40,0.34,0.79,1.00,BODY
B88D514E359F46FB,-7.61,5.72,30.60,0.35,0.80,1.00,BODY
9D8D91B59DB91730,-5.04,6.06,30.00,0.35,0.80,1.00,BODY
BE39DB01E051F1D8,-0.60,5.95,30.20,0.35,0.80,1.00,BODY
44D1886313D74A4B,1.56,5.87,30.40,0.35,0.80,1.00,BODY
84FC79438E7DFAD1,4.42,6.07,30.60,0.34,0.80,1.00,BODY
234DD39664487E7A,6.52,5.68,30.00,0.35,0.80,1.00,BODY
82BF9D312FB3FC0B,9.23,5.84,30.20,0.35,0.80,1.00,BODY
AC21D131CA5EFD11,11.67,5.74,30.40,0.35,0.80,1.00,BODY
AED6959C20B2071C,-25.92,5.67,30.60,0.72,0.91,1.00,BODY
8D42187A608A16A0,-16.91,5.82,30.00,0.35,0.80,1.00,BODY
DD4344B6A4E12804,-13.30,5.85,30.20,0.35,0.80,1.00,BODY
A788532E511806A1,-9.57,6.00,30.40,0.35,0.80,1.00,BODY
567C45AB0CE7B423,-7.78,6.08,30.60,0.35,0.80,1.00,BODY
BD64DA8296AD4B5B,-4.99,6.02,30.00,0.35,0.80,1.00,BODY
FC2E820DEC84AE49,-0.75,5.81,30.20,0.35,0.80,1.00,BODY
D27D623AE3A93DAA,1.59,5.88,30.40,0.35,0.80,1.00,BODY
F8F444D9DF0869CA,4.61,6.22,30.60,0.35,0.80,1.00,BODY
42964B0819EB4263,6.77,6.20,30.00,0.35,0.80,1.00,BODY
6A133AECC6AE3AC5,9.01,5.97,30.20,0.35,0.80,1.00,BODY
4F2901D67C84D0E1,11.30,6.24,30.40,0.35,0.80,1.00,BODY
9B10082492192DF8,-25.65,6.29,30.60,0.72,0.92,1.00,BODY
F09988C4E6C2C70B,-17.23,5.83,30.00,0.35,0.80,1.00,BODY
93EC1DCBA9182D81,-13.21,6.08,30.20,0.35,0.80,1.00,BODY
E1BDA21A9471B5CA,-9.90,5.93,30.40,0.35,0.80,1.00,BODY
FCCEC348045CF6D3,-7.13,5.78,30.60,0.35,0.80,1.00,BODY
27A03AAC2C3371B7,-5.01,6.06,30.00,0.35,0.80,1.00,BODY
12B9DCD6FBABB0FC,-0.38,5.72,30.20,0.35,0.80,1.00,BODY
F7B0855F09C95A1C,1.66,5.95,30.40,0.35,0.80,1.00,BODY
7B0C3BC6D716B092,4.53,5.84,30.60,0.35,0.80,1.00,BODY
06EA782FC20D4CCF,6.93,5.98,30.00,0.35,0.80,1.00,BODY
DD0462AA4141B56D,9.06,5.74,30.20,0.35,0.80,1.00,BODY
E9FD224104E290A8,11.75,6.19,30.40,0.35,0.80,1.00,BODY
27C79FB80D51251F,-25.71,6.15,30.60,0.72,0.91,1.00,BODY
D0E1EB2445AA1FF9,-16.80,6.35,30.00,0.35,0.80,1.00,BODY
AD139FA9CBC1E809,-13.34,6.35,30.20,0.35,0.80,1.00,BODY
C083396CAB6C5AB4,-9.75,6.13,30.40,0.35,0.80,1.00,BODY
7D6BBB2897FD7D64,-7.04,5.86,30.60,0.35,0.80,1.00,BODY
7E5F3C2B4E7046A9,-4.52,6.05,30.00,0.35,0.80,1.00,BODY
3F6F815FC20B39F1,-0.11,6.25,30.20,0.35,0.80,1.00,BODY
7CC0A7CC17BCD995,1.86,5.79,30.40,0.35,0.80,1.00,BODY
3FA150CC266806D6,4.56,5.90,30.60,0.35,0.80,1.00,BODY
A5B3A04FB0F88848,7.24,5.93,30.00,0.35,0.80,1.00,BODY
E9D3806366C7880E,9.66,6.05,30.20,0.35,0.80,1.00,BODY
C74030072F01C346,11.89,5.84,30.40,0.35,0.80,1.00,BODY
8348D3EEF2DC5863,-25.06,5.95,30.60,0.72,0.91,1.00,BODY
D35B6593E6998988,-16.39,6.22,30.00,0.35,0.80,1.00,BODY
883171A3FFD4F119,-11.74,5.98,30.20,0.33,0.81,1.00,BODY
81AF5584C9D43E98,-8.86,6.09,30.40,0.35,0.80,1.00,BODY
A058343072DD0C1A,-6.81,5.96,30.60,0.35,0.80,1.00,BODY
C11518DBDCCDC819,-2.42,6.10,30.00,0.35,0.80,1.00,BODY
4A16EF6F0D141D03,-0.13,6.22,30.20,0.35,0.80,1.00,BODY
3D2FEB58E6278A3A,2.33,5.92,30.40,0.35,0.80,1.00,BODY
13168C9012CDDBEA,4.73,6.33,30.60,0.35,0.80,1.00,BODY
2B2C0E70EAD6B36A,7.20,6.38,30.00,0.35,0.80,1.00,BODY
FB0765A098FB713E,10.12,6.25,30.20,0.35,0.80,1.00,BODY
4D5415602AF9BA90,12.14,6.15,30.40,0.35,0.80,1.00,BODY
2ED0F96B393FDCBD,-23.30,5.97,30.60,0.72,0.91,1.00,BODY
138C27D73C85DDBC,-15.93,6.23,30.00,0.34,0.81,1.00,BODY
4608F9CBDA2F016D,-10.57,6.01,30.20,0.35,0.80,1.00,BODY
5F528427CFC6E266,-8.27,5.99,30.40,0.35,0.80,1.00,BODY
41A6C0BD49DE8F65,-5.69,6.20,30.60,0.35,0.80,1.00,BODY
2D3FD23450CD7A83,-1.88,5.96,30.00,0.35,0.80,1.00,BODY
3592D94946A84C1D,0.62,6.15,30.20,0.35,0.80,1.00,BODY
36E60AF355B50C64,2.86,6.34,30.40,0.35,0.80,1.00,BODY
264A92C40007F0B2,5.46,5.85,30.60,0.35,0.80,1.00,BODY
A1A2D999AEA4832B,8.24,6.38,30.00,0.35,0.80,1.00,BODY
EF85F0320A033732,10.70,6.12,30.20,0.35,0.80,1.00,BODY
ABD128442502D75D,12.89,6.05,30.40,0.35,0.80,1.00,BODY
DDE9C894B549ED97,-22.56,6.19,30.60,0.72,0.92,1.00,BODY
6F3D3A1282E6547D,-13.87,6.09,30.00,0.35,0.80,1.00,BODY
B83609578681DE6A,-10.07,6.29,30.20,0.35,0.80,1.00,BODY
96CAE52A4F855CC7,-7.71,6.31,30.40,0.35,0.80,1.00,BODY
B79E81D3915B72BC,-4.77,6.05,30.60,0.35,0.80,1.00,BODY
8FC5EE0CBF04CFEE,-0.82,6.39,30.00,0.35,0.80,1.00,BODY
87B95EF61341EC92,1.68,6.09,30.20,0.35,0.80,1.00,BODY
48FE2CD3895C8D82,4.37,6.45,30.40,0.35,0.80,1.00,BODY
FDEA17CBF51ABA03,6.43,6.10,30.60,0.35,0.80,1.00,BODY
167A518E8203B036,9.34,6.39,30.00,0.35,0.80,1.00,BODY
34DF4DB8E26605F7,11.56,6.22,30.20,0.35,0.80,1.00,BODY
0EB4C84B0D3DA456,-25.54,6.34,30.40,0.72,0.91,1.00,BODY
630A03FAAE354D77,-15.85,6.50,30.60,0.35,0.80,1.00,BODY
BF7DF7E3D274FA9D,-10.92,6.11,30.00,0.35,0.80,1.00,BODY
1CEAE6B675361255,-8.38,6.10,30.20,0.35,0.80,1.00,BODY
3C6551D9F624A9FF,-6.05,6.18,30.40,0.34,0.80,1.00,BODY
CE65F80B9559F02B,-2.19,6.24,30.60,0.35,0.80,1.00,BODY
528F8F4D86A8BB12,0.73,6.04,30.00,0.35,0.80,1.00,BODY
73DB8BADB2468274,2.76,6.08,30.20,0.35,0.80,1.00,BODY
845EFA731A009CB2,5.61,5.98,30.40,0.35,0.80,1.00,BODY
D3D61B5E1B5AD5E4,8.04,6.26,30.60,0.35,0.80,1.00,BODY
E0A04F676844F69C,10.15,6.26,30.00,0.35,0.80,1.00,BODY
ED9871BF34015E38,12.84,6.50,30.20,0.35,0.80,1.00,BODY
DAFE94561856C365,-16.73,6.53,30.40,0.35,0.80,1.00,BODY
C5A82F31072B6374,-12.93,6.44,30.60,0.35,0.80,1.00,BODY
ED9924F30C57BCDA,-9.25,6.42,30.00,0.35,0.80,1.00,BODY
6A10681BEF0C5232,-7.37,6.05,30.20,0.35,0.80,1.00,BODY
A384D62829593485,-4.27,6.48,30.40,0.34,0.79,1.00,BODY
3E4C9AE3B0C896B8,0.16,6.59,30.60,0.35,0.80,1.00,BODY
A7C547508C5EF2E8,2.51,6.40,30.00,0.35,0.80,1.00,BODY
8A9F46CC6D03401E,4.67,6.42,30.20,0.35,0.80,1.00,BODY
9F277A281873F4C3,7.00,6.17,30.40,0.35,0.80,1.00,BODY
54DC0781F71561C9,9.38,6.03,30.60,0.35,0.80,1.00,BODY
417B255AAB8C6FE9,11.85,6.24,30.00,0.35,0.80,1.00,BODY
9796FD1038B3C206,-22.93,6.45,30.20,0.72,0.91,1.00,BODY
CC228950C2EAA884,-13.79,6.40,30.40,0.35,0.80,1.00,BODY
6E4A3887AC4ABCF8,-9.63,6.33,30.60,0.35,0.80,1.00,BODY
DA32A45ECCB819F6,-7.24,6.46,30.00,0.35,0.80,1.00,BODY
5EE6EC22C6B803A7,-5.20,6.15,30.20,0.35,0.80,1.00,BODY
08B096092D9B9E20,-0.23,6.46,30.40,0.35,0.80,1.00,BODY
0820BEB40932B80A,1.97,6.44,30.60,0.35,0.80,1.00,BODY
1192A6F7E2899A48,4.40,6.46,30.00,0.35,0.80,1.00,BODY
BA127E086B526438,6.90,6.61,30.20,0.35,0.80,1.00,BODY
1A4E4362CC83D92A,9.08,6.12,30.40,0.35,0.80,1.00,BODY
268EEBDB2A318ADF,11.77,6.36,30.60,0.35,0.80,1.00,BODY
0CB47EDA375676C4,-23.12,6.37,30.00,0.72,0.91,1.00,BODY
04E181F1E25E649A,-13.47,6.33,30.20,0.35,0.80,1.00,BODY
F805ACF89DE0C36A,-9.69,6.46,30.40,0.35,0.80,1.00,BODY
F1AA9A8694084857,-7.60,6.35,30.60,0.35,0.80,1.00,BODY
21DE58698F24FEA7,-4.75,6.54,30.00,0.35,0.80,1.00,BODY
4E878EA208D2E6E7,-0.27,6.44,30.20,0.35,0.80,1.00,BODY
D9BA68106644DB91,1.69,6.24,30.40,0.35,0.80,1.00,BODY
A720BDB72CB2F92A,4.73,6.62,30.60,0.35,0.80,1.00,BODY
EF5F27E7AD73E670,6.85,6.61,30.00,0.35,0.80,1.00,BODY
6DEEB472CF15D6E0,9.35,6.26,30.20,0.35,0.80,1.00,BODY
E55501BEFAB16620,11.97,6.66,30.40,0.35,0.80,1.00,BODY
5BFB1BCDE87BBFBD,-25.40,6.59,30.60,0.72,0.91,1.00,BODY
8F61625F65FD65D4,-14.11,6.42,30.00,0.35,0.80,1.00,BODY
43CBC6CB0035712E,-10.09,6.73,30.20,0.35,0.80,1.00,BODY
AB50B9663C041EC1,-7.60,6.33,30.40,0.35,0.80,1.00,BODY
0DA1C7E60684137F,-5.36,6.31,30.60,0.35,0.80,1.00,BODY
F03912224C586C6C,-0.54,6.46,30.00,0.35,0.80,1.00,BODY
C479D3B7F8000E01,1.65,6.37,30.20,0.35,0.80,1.00,BODY
294D240EE5E5B419,4.65,6.30,30.40,0.35,0.80,1.00,BODY
C9E0EF460EE3ED0D,6.68,6.71,30.60,0.35,0.80,1.00,BODY
79338B820B45A491,9.11,6.65,30.00,0.35,0.80,1.00,BODY
BAFA796997C2D0C3,11.37,6.25,30.20,0.35,0.80,1.00,BODY
0676F44468C1704C,-25.80,6.76,30.40,0.72,0.91,1.00,BODY
93510C417FC39039,-15.80,6.64,30.60,0.34,0.80,1.00,BODY
DD416C7E664B0CF4,-10.69,6.77,30.00,0.35,0.80,1.00,BODY
302A5CF50ABA8489,-7.83,6.35,30.20,0.35,0.80,1.00,BODY
689FA2803CFEB8A8,-5.27,6.79,30.40,0.35,0.80,1.00,BODY
BE02A162D4D9E62C,-0.54,6.43,30.60,0.34,0.80,1.00,BODY
E488C5450193B928,1.32,6.45,30.00,0.35,0.80,1.00,BODY
FF1723C8D9FE3A88,4.34,6.32,30.20,0.32,0.80,1.00,BODY
4004B3B1AB379811,6.33,6.49,30.40,0.35,0.80,1.00,BODY
E8CDE1AA08A5FAB1,8.83,6.29,30.60,0.35,0.80,1.00,BODY
56694B2CB8637492,11.63,6.62,30.00,0.35,0.80,1.00,BODY
FBE1A75FDD4A779E,-26.06,6.63,30.20,0.72,0.91,1.00,BODY
516FB11C092BDF80,-13.90,6.49,30.40,0.35,0.80,1.00,BODY
8C597DCDE4B6B7D5,-10.31,6.75,30.60,0.35,0.80,1.00,BODY
3698ACABF489A1BD,-7.98,6.27,30.00,0.35,0.80,1.00,BODY
7AF348B884A4CDD8,-4.90,6.74,30.20,0.35,0.80,1.00,BODY
68B233B517E1A265,-0.48,6.52,30.40,0.35,0.80,1.00,BODY
5C83F2C3F4B44948,2.22,6.42,30.60,0.35,0.80,1.00,BODY
B2C9074F746531C1,4.57,6.38,30.00,0.35,0.80,1.00,BODY
0671CEEC74F50FCB,6.76,6.82,30.20,0.35,0.80,1.00,BODY
88119086B877D36E,9.74,6.61,30.40,0.35,0.80,1.00,BODY
4556B5CCAEC22232,12.06,6.49,30.60,0.35,0.80,1.00,BODY
A5AAA94F6AE0E4B3,-23.98,6.31,30.00,0.72,0.91,1.00,BODY
3871A29A62FE7E22,-13.56,6.73,30.20,0.35,0.80,1.00,BODY
252CAB4E9343BD1F,-9.46,6.81,30.40,0.35,0.80,1.00,BODY
2D14BC8BBDD29E70,-6.96,6.53,30.60,0.35,0.80,1.00,BODY
1F51EE48D82017BD,-1.98,6.79,30.00,0.35,0.80,1.00,BODY
EDB8C49B712FD930,0.85,6.71,30.20,0.35,0.80,1.00,BODY
2C647E15E6298AD6,2.69,6.32,30.40,0.35,0.80,1.00,BODY
DE0368A55C940BDE,5.55,6.55,30.60,0.35,0.80,1.00,BODY
FF920532C60DC0F2,7.65,6.48,30.00,0.35,0.80,1.00,BODY
A84408391EC9F3A2,10.68,6.54,30.20,0.35,0.80,1.00,BODY
91AB45C278D9CDF1,-26.33,6.46,30.40,0.72,0.91,1.00,BODY
E37CF251FB8FC23C,-16.35,6.48,30.60,0.35,0.80,1.00,BODY
FDD092E9A743E876,-10.71,6.70,30.00,0.35,0.80,1.00,BODY
2E556FBADC17F917,-7.80,6.47,30.20,0.35,0.80,1.00,BODY
40E7A7CB85F0365C,-5.37,6.63,30.40,0.35,0.80,1.00,BODY
1037A77187B0E82E,0.18,6.51,30.60,0.34,0.80,1.00,BODY
88BE7139D5B17D93,2.26,6.85,30.00,0.35,0.80,1.00,BODY
DF357B4A0A46360D,4.69,6.80,30.20,0.35,0.80,1.00,BODY
7B98A644DB2A992D,7.15,6.73,30.40,0.35,0.80,1.00,BODY
80853D92A0F0E533,10.07,6.55,30.60,0.35,0.80,1.00,BODY
579EE493773646B9,-26.99,6.91,30.00,0.72,0.91,1.00,BODY
C49A71A6DD1629A3,-23.24,6.74,30.20,0.72,0.91,1.00,BODY
9432F0E32014A4D2,-11.02,6.54,30.40,0.35,0.80,1.00,BODY
8349DA8E3B94355A,-8.32,6.44,30.60,0.35,0.80,1.00,BODY
356FFE6D7233BF5A,-5.54,6.72,30.00,0.35,0.80,1.00,BODY
C4F3482605BAC052,0.56,6.61,30.20,0.34,0.80,1.00,BODY
DDEF1195A9D49E46,2.74,6.87,30.40,0.35,0.80,1.00,BODY
3C386921F4C4517C,5.16,6.64,30.60,0.34,0.80,1.00,BODY
255980390BC97845,7.47,6.74,30.00,0.35,0.80,1.00,BODY
4A9F66789F346485,10.63,6.92,30.20,0.35,0.80,1.00,BODY
6DE50929BAA19F71,-26.03,6.92,30.40,0.72,0.91,1.00,BODY
62EEB03E580A729C,-15.83,7.00,30.60,0.34,0.79,1.00,BODY
12DCBAAC0EA59752,-8.62,6.76,30.00,0.33,0.80,1.00,BODY
88129A2A86AE6821,-6.61,7.04,30.20,0.34,0.80,1.00,BODY
4EE13A30D07328A7,0.76,6.69,30.40,0.33,0.80,1.00,BODY
CACC3553A616A885,3.12,6.66,30.60,0.35,0.80,1.00,BODY
4071179C48CC3DCE,6.90,6.95,30.00,0.34,0.80,1.00,BODY
DAF35298D18918F8,-25.93,7.02,30.20,0.72,0.91,1.00,BODY
836559E587A0BEA5,-8.31,6.56,30.40,0.34,0.80,1.00,BODY
8F318DA9475483D9,-5.34,6.63,30.60,0.34,0.79,1.00,BODY
CDFEF0A67A14E8FA,-24.68,6.96,30.00,0.72,0.91,1.00,BODY
A61630328C3FF3F7,-24.56,6.87,30.20,0.72,0.91,1.00,BODY
4B4A4EB76D50E4B1,-24.87,7.06,30.40,0.72,0.91,1.00,BODY
187CBCAB6CF9C4D4,-25.44,6.96,30.60,0.72,0.91,1.00,BODY
15A592F9DB0EB821,-21.53,7.21,30.00,0.72,0.91,1.00,BODY
2520A852723ACF14,-23.15,6.75,30.20,0.72,0.93,1.00,BODY
691DC455D43E3AFB,-23.95,6.97,30.40,0.72,0.91,1.00,BODY
707B29E0051B1EFF,-24.53,7.45,30.60,0.72,0.91,1.00,BODY
7D78C738CB0B553F,-25.07,7.48,30.00,0.72,0.91,1.00,BODY
4601B76E6CD6E7DB,15.09,7.30,30.20,0.72,0.91,1.00,BODY
5B6AC8326968D71F,-21.47,7.45,30.40,0.72,0.91,1.00,BODY
4AB538F069F34AB1,-22.23,7.08,30.60,0.72,0.91,1.00,BODY
B4B08A39E58F5A23,-24.24,7.42,30.00,0.72,0.91,1.00,BODY
1326C944208A7178,-25.28,7.19,30.20,0.72,0.91,1.00,BODY
2F6A1CD7EBDF44B6,-25.65,7.60,30.40,0.72,0.91,1.00,BODY
21AE106248979B99,15.36,7.39,30.60,0.72,0.91,1.00,BODY
B066D3766F5DD1E9,-23.68,7.72,30.00,0.72,0.91,1.00,BODY
46B78274B3DBED14,-25.41,7.32,30.20,0.72,0.91,1.00,BODY
7496895A4D9EFE81,-21.85,7.34,30.40,0.72,0.91,1.00,BODY
63C5EA748C797C16,-25.34,7.47,30.60,0.72,0.91,1.00,BODY
B67930CB6B74CF4E,-21.21,7.84,30.00,0.72,0.92,1.00,BODY
BFDEAC13169B1BF8,-25.25,7.54,30.20,0.72,0.91,1.00,BODY
9FC75457F043CDC5,-21.57,7.80,30.40,0.72,0.91,1.00,BODY
6C8FAD7BBAD168F2,16.01,7.42,30.60,0.72,0.91,1.00,BODY
2F9CFF7AE227DE1A,-21.81,7.51,30.00,0.72,0.91,1.00,BODY
8E8FBE8B58BC43A3,15.47,7.61,30.20,0.72,0.91,1.00,BODY
9D85A6DD2C32FECB,-22.89,7.97,30.40,0.72,0.91,1.00,BODY
ED42773FE5921A1C,-20.72,7.58,30.60,0.72,0.91,1.00,BODY
8457C8E03B2C9151,-24.90,7.90,30.00,0.72,0.91,1.00,BODY
65560DACEACB9D74,-22.18,7.68,30.20,0.72,0.91,1.00,BODY
587DD1C154599EAF,15.89,8.04,30.40,0.72,0.91,1.00,BODY
7EDF3034EFC6A382,-24.19,7.58,30.60,0.72,0.91,1.00,BODY
CA423EE5EE170106,-21.33,8.08,30.00,0.72,0.91,1.00,BODY
15E795ADB79E62E9,-27.44,7.97,30.20,0.72,0.91,1.00,BODY
5E88158E3A406BDC,-22.55,7.69,30.40,0.72,0.91,1.00,BODY
BE7C5C00BB339F30,15.46,7.75,30.60,0.72,0.91,1.00,BODY
6A515CE8C00B0FF9,-24.81,7.77,30.00,0.72,0.91,1.00,BODY
7BBB06BB371AC710,-21.87,8.05,30.20,0.72,0.91,1.00,BODY
5DCCB24EF07A6D68,17.57,7.77,30.40,0.72,0.92,1.00,BODY
381D935C15FA08FB,-23.81,8.29,30.60,0.73,0.93,1.00,BODY
6BEABB8DFF9A5C0F,-21.84,8.28,30.00,0.72,0.92,1.00,BODY
81FD00762777D117,-27.00,7.77,30.20,0.72,0.91,1.00,BODY
5ACA6DF1A30B037E,-23.16,8.23,30.40,0.72,0.91,1.00,BODY
4F8D6AFEC607C4DE,17.33,8.13,30.60,0.72,0.91,1.00,BODY
461F01E6D936E145,-24.15,7.83,30.00,0.72,0.91,1.00,BODY
1D1BEE19C90C28AA,-22.29,7.86,30.20,0.72,0.91,1.00,BODY
06E5896E247ED31F,-27.04,8.33,30.40,0.72,0.91,1.00,BODY
F6FE12AD13F0F1E1,-23.26,8.25,30.60,0.72,0.91,1.00,BODY
0426869C84343BAE,16.85,8.10,30.00,0.72,0.91,1.00,BODY
5CCF3985A81DAA50,-24.92,8.44,30.20,0.72,0.91,1.00,BODY
DD59E237CE340545,-21.79,8.50,30.40,0.72,0.91,1.00,BODY
6629F56AA2A9466A,-26.83,8.55,30.60,0.72,0.91,1.00,BODY
B09D3668A6B06961,-24.06,8.55,30.00,0.72,0.91,1.00,BODY
2DC7EA88880A2F97,15.46,8.52,30.20,0.72,0.91,1.00,BODY
D881B4F4E307CF2A,-25.14,8.40,30.40,0.72,0.91,1.00,BODY
F137376D75708C8C,-22.90,8.06,30.60,0.72,0.91,1.00,BODY
09F4CC7A919FDF33,17.70,8.50,30.00,0.72,0.91,1.00,BODY
75F4A4254055DF50,-24.49,8.28,30.20,0.72,0.91,1.00,BODY
6E948E5484A1AED1,-21.07,8.18,30.40,0.72,0.91,1.00,BODY
72B62C372DCE74EF,-26.47,8.57,30.60,0.72,0.91,1.00,BODY
8A823922B8660747,-24.30,8.16,30.00,0.72,0.91,1.00,BODY
033C1714394947ED,17.09,8.21,30.20,0.72,0.91,1.00,BODY
864681AFDF56082C,-25.65,8.21,30.40,0.72,0.91,1.00,BODY
3494ADDE47CFDD00,-21.38,8.73,30.60,0.72,0.91,1.00,BODY
17E46074DD329247,-26.53,8.35,30.00,0.72,0.91,1.00,BODY
681B89B203E92BD5,-24.71,8.47,30.20,0.72,0.91,1.00,BODY
BB181BCF1C10A5DC,15.31,8.60,30.40,0.72,0.91,1.00,BODY
915CA1891B330549,-26.52,8.64,30.60,0.72,0.91,1.00,BODY
B9759E9E915ADE6C,-23.76,8.26,30.00,0.72,0.91,1.00,BODY
190C1101769C6EBB,16.38,8.33,30.20,0.72,0.91,1.00,BODY
C7C1BBF1EBC87250,-26.68,8.61,30.40,0.72,0.91,1.00,BODY
1F2A0BE5C3A74A9D,-23.87,8.79,30.60,0.72,0.91,1.00,BODY
6A09656EBBB08515,16.17,8.78,30.00,0.72,0.92,1.00,BODY
E4CA2F267C777834,-26.83,8.42,30.20,0.72,0.91,1.00,BODY
047520AE93356F7C,-23.93,8.46,30.40,0.72,0.91,1.00,BODY
2E340D18B9AFF37D,16.06,8.70,30.60,0.72,0.91,1.00,BODY
4F38214419E70D9A,-27.49,8.97,30.00,0.72,0.91,1.00,BODY
8EEB76DEED698B7C,-24.37,8.72,30.20,0.72,0.91,1.00,BODY
B88E513F373D54C2,15.33,8.93,30.40,0.72,0.91,1.00,BODY
4143D689931AEDFE,17.90,8.65,30.60,0.72,0.91,1.00,BODY
171AFCD78EAB92D1,-25.69,8.76,30.00,0.72,0.91,1.00,BODY
CB1081CCF19BDA99,13.90,8.84,30.20,0.72,0.91,1.00,BODY
6C7823AEAE1559CD,17.38,8.81,30.40,0.72,0.91,1.00,BODY
A9AD04C1ECDB6739,-26.41,8.74,30.60,0.72,0.91,1.00,BODY
4501BD8B2281AC78,13.76,8.65,30.00,0.72,0.91,1.00,BODY
2232D9607CB487DF,17.42,8.80,30.20,0.72,0.91,1.00,BODY
39C00CF3BEA77208,-25.56,8.94,30.40,0.72,0.91,1.00,BODY
6933F4EF3D71476C,14.09,8.71,30.60,0.74,0.92,1.00,BODY
4666DE730F5EA505,-27.70,8.82,30.00,0.72,0.91,1.00,BODY
FB3DE67FFF7EEA6A,-23.94,9.04,30.20,0.72,0.91,1.00,BODY
D847C8764B1D74DB,14.93,9.15,30.40,0.72,0.91,1.00,BODY
5E658362EBDA409A,-27.07,9.07,30.60,0.72,0.91,1.00,BODY
EE8C472968B35839,-23.42,9.18,30.00,0.72,0.91,1.00,BODY
E1E2FE5DDE22A163,16.62,9.11,30.20,0.72,0.91,1.00,BODY
283B373C04D265B5,-24.38,8.93,30.40,0.72,0.91,1.00,BODY
B1CAA2620B200A9A,14.73,9.05,30.60,0.72,0.91,1.00,BODY
B10F3CF9516F3379,-25.66,9.22,30.00,0.72,0.91,1.00,BODY
8C3E99D39896C8BA,14.51,9.06,30.20,0.72,0.91,1.00,BODY
BAF568F000EDBD8A,-25.01,9.06,30.40,0.72,0.92,1.00,BODY
64EBC073667EDD04,14.50,9.32,30.60,0.72,0.91,1.00,BODY
70A92ACF4D42D81C,-24.95,9.11,30.00,0.71,0.92,1.00,BODY
9D889FF867408CE0,14.87,9.06,30.20,0.72,0.91,1.00,BODY
3FF7EE031AF54762,-26.52,9.44,30.40,0.72,0.91,1.00,BODY
2051EBECD2837CF2,14.14,9.16,30.60,0.72,0.91,1.00,BODY
F3C456B7B1A3AFB6,-27.07,9.23,30.00,0.72,0.91,1.00,BODY
4110175B85794469,-23.14,9.50,30.20,0.73,0.94,1.00,BODY
0C0311427F1F863F,16.79,9.34,30.40,0.72,0.92,1.00,BODY
8367194E4EDEA5E4,-23.75,9.33,30.60,0.72,0.91,1.00,BODY
C0B550E12E5D8521,16.13,9.36,30.00,0.72,0.91,1.00,BODY
D8C46E9478EA682F,-24.78,9.42,30.20,0.72,0.91,1.00,BODY
1F127CAB155DF8FA,15.15,9.49,30.40,0.72,0.91,1.00,BODY
37970DCC28C9AA60,-24.78,9.11,30.60,0.72,0.91,1.00,BODY
4EDECC8A6309C0A7,14.75,9.17,30.00,0.72,0.91,1.00,BODY
CD1FCE5FF1837824,-25.60,9.19,30.20,0.72,0.91,1.00,BODY
D92C32451A42EBC3,14.20,9.20,30.40,0.72,0.91,1.00,BODY
04999F6DDDD2AE4C,-27.30,9.27,30.60,0.72,0.91,1.00,BODY
5C766C89ADBC5E34,13.26,9.42,30.00,0.72,0.91,1.00,BODY
5995E5361997205F,-27.30,9.47,30.20,0.71,0.91,1.00,BODY
762E8754F7F76DAA,-23.04,9.59,30.40,0.72,0.91,1.00,BODY
0758A6147A3D2A19,16.37,9.49,30.60,0.72,0.91,1.00,BODY
7280F13B3F709E4C,-24.00,9.42,30.00,0.72,0.91,1.00,BODY
D1B18B2F020590E6,15.60,9.55,30.20,0.72,0.91,1.00,BODY
E7BF335F6FE47BE1,-24.68,9.69,30.40,0.72,0.91,1.00,BODY
7FDE808027047DFC,15.56,9.36,30.60,0.72,0.91,1.00,BODY
81D859AC18073E05,-24.86,9.72,30.00,0.72,0.91,1.00,BODY
58DEA184FACC8A74,-21.90,9.60,30.20,0.72,0.91,1.00,BODY
55471B35170E68FE,17.38,9.99,30.40,0.72,0.91,1.00,BODY
52A0C697C19F6DAB,-23.40,9.91,30.60,0.72,0.91,1.00,BODY
CACC7A97E321CEC8,16.32,9.87,30.00,0.72,0.91,1.00,BODY
2FB4D048E1D46A7D,-24.31,10.05,30.20,0.72,0.91,1.00,BODY
65B335EA6CF87984,15.81,9.84,30.40,0.72,0.91,1.00,BODY
819662D14AE4D833,-24.83,10.08,30.60,0.73,0.91,1.00,BODY
5C0A399E634DED9A,15.79,9.64,30.00,0.72,0.91,1.00,BODY
0F334DF878D0AF3F,-25.15,9.96,30.20,0.72,0.91,1.00,BODY
B98BB58C10F3B738,15.32,10.03,30.40,0.72,0.91,1.00,BODY
BF780E8AECD3916F,18.13,9.88,30.60,0.72,0.92,1.00,BODY
74054F46D38B9FDA,14.96,9.89,30.00,0.73,0.91,1.00,BODY
86D06F79E1709CA9,17.96,9.85,30.20,0.72,0.91,1.00,BODY
F9813047E42F629A,-22.06,10.27,30.40,0.72,0.91,1.00,BODY
645673723389F4D5,17.32,10.05,30.60,0.72,0.91,1.00,BODY
E739967491E5420A,-22.17,9.81,30.00,0.72,0.91,1.00,BODY
C4A345AB77698717,17.12,10.33,30.20,0.72,0.91,1.00,BODY
F8BAB67AE8AA0DD7,15.21,9.98,30.40,0.72,0.91,1.00,BODY
D1A3275B13BE907A,17.94,9.87,30.60,0.72,0.94,1.00,BODY
F4A0CA010326966A,15.34,10.02,30.00,0.72,0.91,1.00,BODY
133BE3D88B431683,-25.25,10.28,30.20,0.72,0.91,1.00,BODY
DAB47DCA00EE86EB,16.02,10.44,30.40,0.72,0.91,1.00,BODY
CB753770FD4DF7F1,-23.15,10.48,30.60,0.72,0.91,1.00,BODY
A88DCAC7AD0EF53D,17.64,10.14,30.00,0.72,0.92,1.00,BODY
A4852BB985B7BBFE,-23.42,10.09,30.20,0.72,0.91,1.00,BODY
EC9B89A6186C81BA,17.74,10.39,30.40,0.72,0.91,1.00,BODY
C54C1556C1AB2FE5,-23.18,10.33,30.60,0.72,0.91,1.00,BODY
B160A35AE56A423F,16.75,10.15,30.00,0.72,0.92,1.00,BODY
446D299FA9473B78,-25.22,10.19,30.20,0.72,0.91,1.00,BODY
44A3D0CB8C2566A2,15.71,10.51,30.40,0.74,0.94,1.00,BODY
FDCEC7D88882FF14,-26.09,10.26,30.60,0.72,0.91,1.00,BODY
D893F3DC827FF244,13.87,10.20,30.00,0.73,0.92,1.00,BODY
19FD457A0929FA20,17.55,10.43,30.20,0.72,0.91,1.00,BODY
22A57A824892CD81,-25.20,10.57,30.40,0.72,0.91,1.00,BODY
36D8732E3A83BEDF,14.77,10.55,30.60,0.72,0.91,1.00,BODY
ED6D5D7F5E4A38E9,18.62,10.34,30.00,0.72,0.91,1.00,BODY
471D803D72E340C9,-22.55,10.75,30.20,0.72,0.91,1.00,BODY
49315C8F94FA91C1,15.84,10.50,30.40,0.72,0.91,1.00,BODY
21681DAF956B8AE5,-26.11,10.30,30.60,0.72,0.91,1.00,BODY
4BEE782D28B06A40,14.09,10.84,30.00,0.72,0.91,1.00,BODY
9FE9CF66E383F651,16.56,10.41,30.20,0.72,0.91,1.00,BODY
D99C16887D8260DC,-24.60,10.63,30.40,0.72,0.91,1.00,BODY
493DD467D589D6F4,14.78,10.83,30.60,0.72,0.91,1.00,BODY
5A03D22AD6D747C4,-25.90,10.89,30.00,0.72,0.91,1.00,BODY
22C5054D539DA7CA,13.74,10.48,30.20,0.73,0.94,1.00,BODY
A0F070E94198EA0E,17.72,10.59,30.40,0.72,0.91,1.00,BODY
7959FB4CEDA483AF,-22.63,11.00,30.60,0.72,0.91,1.00,BODY
A0012D226D968E02,17.99,10.78,30.00,0.72,0.91,1.00,BODY
C2D6A8D5D21B2259,-22.23,10.51,30.20,0.72,0.92,1.00,BODY
E19219416274E4A4,-25.26,10.56,30.40,0.72,0.91,1.00,BODY
65E0677261C5BB66,16.13,11.05,30.60,0.72,0.91,1.00,BODY
6B983E247CBA420E,-22.51,10.64,30.00,0.72,0.91,1.00,BODY
807C016A6202048A,-25.01,11.11,30.20,0.72,0.91,1.00,BODY
29B584D63CC78BFC,16.42,10.99,30.40,0.72,0.91,1.00,BODY
CB59C605C960BCCD,14.24,11.20,30.60,0.72,0.91,1.00,BODY
D15F263620EED9F9,-24.80,10.75,30.00,0.72,0.91,1.00,BODY
C8CBC276D75972A1,-25.63,10.81,30.20,0.72,0.91,1.00,BODY
333245E26C1537BE,16.73,11.10,30.40,0.71,0.91,1.00,BODY
AB02B2DC33FE06D8,16.25,11.21,30.60,0.72,0.91,1.00,BODY
1971EA8C9926E56A,16.00,11.19,30.00,0.72,0.91,1.00,BODY
2132D540B5EFAFFA,15.03,11.23,30.20,0.72,0.91,1.00,BODY
FF403CECD2FEA8E1,14.56,11.03,30.40,0.72,0.91,1.00,BODY
48CBC6AE95C3E0A0,13.89,11.57,30.60,0.72,0.91,1.00,BODY
BDE0498DC12200A0,13.97,11.49,30.00,0.72,0.91,1.00,BODY
96AACE1593C5976E,13.68,11.19,30.20,0.72,0.92,1.00,BODY
052A62BAD0D312CF,-25.35,11.66,30.40,0.73,0.92,1.00,BODY
D5A3F3B04908F8EB,14.82,11.69,30.60,0.72,0.91,1.00,BODY
004A06F93D208899,15.92,11.85,30.00,0.72,0.92,1.00,BODY
0F926FDD29A4BA96,16.29,11.60,30.20,0.72,0.91,1.00,BODY
C977D3B54151C75B,15.65,11.68,30.40,0.72,0.91,1.00,BODY
E8C76AD501059BEC,16.02,11.93,30.60,0.72,0.91,1.00,BODY
